ISO-10303-21;
HEADER;
FILE_DESCRIPTION(('ViewDefinition[DesignTransferView]'),'2;1');
FILE_NAME('s04-activity.ifc','2026-10-05T17:17:13+08:00',(''),(''),'IfcOpenShell 0.8.5-post1','Bonsai 0.8.5-post1','Nobody');
FILE_SCHEMA(('IFC4'));
ENDSEC;
DATA;
#1=IFCPROJECT('0VmMEGSK1FQeYE9APaZkj_',$,'My Project',$,$,$,$,(#10,#22),#5);
#2=IFCSIUNIT(*,.LENGTHUNIT.,$,.METRE.);
#3=IFCSIUNIT(*,.AREAUNIT.,$,.SQUARE_METRE.);
#4=IFCSIUNIT(*,.VOLUMEUNIT.,$,.CUBIC_METRE.);
#5=IFCUNITASSIGNMENT((#3,#4,#2));
#6=IFCCARTESIANPOINT((0.,0.,0.));
#7=IFCDIRECTION((0.,0.,1.));
#8=IFCDIRECTION((1.,0.,0.));
#9=IFCAXIS2PLACEMENT3D(#6,#7,#8);
#10=IFCGEOMETRICREPRESENTATIONCONTEXT($,'Model',3,1.0000000000000001E-05,#9,$);
#11=IFCGEOMETRICREPRESENTATIONSUBCONTEXT('Body','Model',*,*,*,*,#10,$,.MODEL_VIEW.,$);
#12=IFCGEOMETRICREPRESENTATIONSUBCONTEXT('Axis','Model',*,*,*,*,#10,$,.GRAPH_VIEW.,$);
#13=IFCGEOMETRICREPRESENTATIONSUBCONTEXT('Box','Model',*,*,*,*,#10,$,.MODEL_VIEW.,$);
#14=IFCGEOMETRICREPRESENTATIONSUBCONTEXT('Annotation','Model',*,*,*,*,#10,$,.SECTION_VIEW.,$);
#15=IFCGEOMETRICREPRESENTATIONSUBCONTEXT('Annotation','Model',*,*,*,*,#10,$,.ELEVATION_VIEW.,$);
#16=IFCGEOMETRICREPRESENTATIONSUBCONTEXT('Annotation','Model',*,*,*,*,#10,$,.MODEL_VIEW.,$);
#17=IFCGEOMETRICREPRESENTATIONSUBCONTEXT('Annotation','Model',*,*,*,*,#10,$,.PLAN_VIEW.,$);
#18=IFCGEOMETRICREPRESENTATIONSUBCONTEXT('Profile','Model',*,*,*,*,#10,$,.ELEVATION_VIEW.,$);
#19=IFCCARTESIANPOINT((0.,0.));
#20=IFCDIRECTION((1.,0.));
#21=IFCAXIS2PLACEMENT2D(#19,#20);
#22=IFCGEOMETRICREPRESENTATIONCONTEXT($,'Plan',2,1.0000000000000001E-05,#21,$);
#23=IFCGEOMETRICREPRESENTATIONSUBCONTEXT('Axis','Plan',*,*,*,*,#22,$,.GRAPH_VIEW.,$);
#24=IFCGEOMETRICREPRESENTATIONSUBCONTEXT('Body','Plan',*,*,*,*,#22,$,.PLAN_VIEW.,$);
#25=IFCGEOMETRICREPRESENTATIONSUBCONTEXT('Annotation','Plan',*,*,*,*,#22,$,.PLAN_VIEW.,$);
#26=IFCGEOMETRICREPRESENTATIONSUBCONTEXT('Annotation','Plan',*,*,*,*,#22,$,.REFLECTED_PLAN_VIEW.,$);
#27=IFCSITE('2FErHco0r4sv0UYCQLUO8u',$,'My Site',$,$,#50,$,$,$,$,$,$,$,$);
#33=IFCBUILDING('05wgutFbb3fuaagTU79aJn',$,'My Building',$,$,#56,$,$,$,$,$,$);
#39=IFCBUILDINGSTOREY('3LNe2SskP1NwfEDcQJAfjX',$,'2F',$,$,#18159,$,$,$,$);
#45=IFCRELAGGREGATES('0XYP8wuIP9aeW9ReoVNLZ8',$,$,$,#1,(#27));
#46=IFCCARTESIANPOINT((0.,0.,0.));
#47=IFCDIRECTION((0.,0.,1.));
#48=IFCDIRECTION((1.,0.,0.));
#49=IFCAXIS2PLACEMENT3D(#46,#47,#48);
#50=IFCLOCALPLACEMENT($,#49);
#51=IFCRELAGGREGATES('1xk5v6yVD49Afz8MoAxRiO',$,$,$,#27,(#33));
#52=IFCCARTESIANPOINT((0.,0.,0.));
#53=IFCDIRECTION((0.,0.,1.));
#54=IFCDIRECTION((1.,0.,0.));
#55=IFCAXIS2PLACEMENT3D(#52,#53,#54);
#56=IFCLOCALPLACEMENT(#50,#55);
#57=IFCRELAGGREGATES('3x8Imj6HX0iPBv4wI4uxwZ',$,$,$,#33,(#39,#148,#12653));
#148=IFCBUILDINGSTOREY('0xUZWbYBnAnxh$5fG5CMUj',$,'GF',$,$,#164,$,$,$,$);
#160=IFCCARTESIANPOINT((0.,0.,0.));
#161=IFCDIRECTION((0.,0.,1.));
#162=IFCDIRECTION((1.,0.,0.));
#163=IFCAXIS2PLACEMENT3D(#160,#161,#162);
#164=IFCLOCALPLACEMENT(#56,#163);
#172=IFCWALLTYPE('2YrAZ2OET1ngvspgAPU9S3',$,'Wall',$,$,(#177),$,$,$,.SOLIDWALL.);
#173=IFCMATERIAL('Unknown',$,$);
#174=IFCMATERIALLAYERSET((#176),$,$);
#175=IFCRELASSOCIATESMATERIAL('2YSjWhTCj1jQ3Ik32zIUxl',$,$,$,(#172),#174);
#176=IFCMATERIALLAYER(#173,0.10000000000000001,$,$,$,$,$);
#177=IFCPROPERTYSET('3LL7_zS$rAmxBT$gUEP6eY',$,'EPset_Parametric',$,(#178));
#178=IFCPROPERTYSINGLEVALUE('LayerSetDirection',$,IFCLABEL('AXIS2'),$);
#324=IFCWALL('1207PYsw9CdRMXPM$fN_M9',$,'Wall',$,$,#1491,#332,$,$);
#325=IFCRELCONTAINEDINSPATIALSTRUCTURE('1ocGSf6aX4ueCsC3o5OxlT',$,$,$,(#16708,#2426,#817,#2791,#324,#1552,#489,#12847,#414,#1052,#957,#17662,#5579,#5865,#15734,#15822,#6444,#464,#389,#842,#16920,#18335,#12947,#5235,#1683,#1027,#12749,#514,#439,#364,#17958,#17223),#148);
#326=IFCRELDEFINESBYTYPE('1__vp4SCf6CRVpEcgcvcM1',$,$,$,(#464,#842,#9625,#9987,#9922,#10099,#9792,#10124,#9345,#1027,#514,#8960,#1052,#8885,#414,#439,#364,#957,#9663,#389,#9370,#8910,#9153,#10074,#817,#8935,#489,#324),#172);
#327=IFCMATERIALLAYERSETUSAGE(#174,.AXIS2.,.POSITIVE.,0.,$);
#328=IFCRELASSOCIATESMATERIAL('2KNjmymdT4M8ssn4gYaaUA',$,$,$,(#324),#327);
#332=IFCPRODUCTDEFINITIONSHAPE($,$,(#1486,#1483));
#348=IFCPROPERTYSET('0Rl4LcirvFVx236YJ$eePa',$,'EPset_Parametric',$,(#350));
#349=IFCRELDEFINESBYPROPERTIES('0fBYSWUWjAS8LVjAlf1X3$',$,$,$,(#324),#348);
#350=IFCPROPERTYSINGLEVALUE('Engine',$,IFCLABEL('Bonsai.DumbLayer2'),$);
#364=IFCWALL('2YxeuDA9DA_fmwGdNd8lru',$,'Wall',$,$,#1459,#370,$,$);
#365=IFCMATERIALLAYERSETUSAGE(#174,.AXIS2.,.POSITIVE.,0.,$);
#366=IFCRELASSOCIATESMATERIAL('07wiadjCj02BsNkd9hC39j',$,$,$,(#364),#365);
#370=IFCPRODUCTDEFINITIONSHAPE($,$,(#1454,#1451));
#386=IFCPROPERTYSET('3Te8psdI10ePvigR3X2Zqj',$,'EPset_Parametric',$,(#388));
#387=IFCRELDEFINESBYPROPERTIES('1TKOi$nOX55xJGQP644jKv',$,$,$,(#364),#386);
#388=IFCPROPERTYSINGLEVALUE('Engine',$,IFCLABEL('Bonsai.DumbLayer2'),$);
#389=IFCWALL('19ctmNI5X9UfMwAHUOTfCr',$,'Wall',$,$,#648,#395,$,$);
#390=IFCMATERIALLAYERSETUSAGE(#174,.AXIS2.,.POSITIVE.,0.,$);
#391=IFCRELASSOCIATESMATERIAL('3NDVnmP1fAbuxxvGLAhuUT',$,$,$,(#389),#390);
#395=IFCPRODUCTDEFINITIONSHAPE($,$,(#693,#690));
#411=IFCPROPERTYSET('0AKIV0iGL2$QAVFQNLbN3L',$,'EPset_Parametric',$,(#413));
#412=IFCRELDEFINESBYPROPERTIES('2CRN3QaJPDIA5WuHaKbCr8',$,$,$,(#389),#411);
#413=IFCPROPERTYSINGLEVALUE('Engine',$,IFCLABEL('Bonsai.DumbLayer2'),$);
#414=IFCWALL('1dVvBXt81CBggJY0ySVTnE',$,'Wall',$,$,#680,#420,$,$);
#415=IFCMATERIALLAYERSETUSAGE(#174,.AXIS2.,.POSITIVE.,0.,$);
#416=IFCRELASSOCIATESMATERIAL('05e8yFKpfA1OZfRhsez7Ur',$,$,$,(#414),#415);
#420=IFCPRODUCTDEFINITIONSHAPE($,$,(#720,#717));
#436=IFCPROPERTYSET('1sKr9xZsL1k81hgiwrhmFl',$,'EPset_Parametric',$,(#438));
#437=IFCRELDEFINESBYPROPERTIES('23gYnO9m5EJ8sWGa52LNfD',$,$,$,(#414),#436);
#438=IFCPROPERTYSINGLEVALUE('Engine',$,IFCLABEL('Bonsai.DumbLayer2'),$);
#439=IFCWALL('35a8YjKlvB5B7EvbNMUqRy',$,'Wall',$,$,#450,#445,$,$);
#440=IFCMATERIALLAYERSETUSAGE(#174,.AXIS2.,.POSITIVE.,0.,$);
#441=IFCRELASSOCIATESMATERIAL('2IzqY7UUnEW9fdPnNReGQN',$,$,$,(#439),#440);
#445=IFCPRODUCTDEFINITIONSHAPE($,$,(#1026,#1023));
#446=IFCCARTESIANPOINT((0.76584994792938232,4.999854564666748,0.));
#447=IFCDIRECTION((0.,0.,1.));
#448=IFCDIRECTION((-0.99999999999992428,3.8941436741876494E-07,0.));
#449=IFCAXIS2PLACEMENT3D(#446,#447,#448);
#450=IFCLOCALPLACEMENT(#164,#449);
#461=IFCPROPERTYSET('1Q0Az1Qhv2Xh1rZY$DiO6R',$,'EPset_Parametric',$,(#463));
#462=IFCRELDEFINESBYPROPERTIES('0mu6QdnvP9q8EgDDZidRcK',$,$,$,(#439),#461);
#463=IFCPROPERTYSINGLEVALUE('Engine',$,IFCLABEL('Bonsai.DumbLayer2'),$);
#464=IFCWALL('2WZ_noG$nAHvNQQUtBCBes',$,'Wall',$,$,#739,#470,$,$);
#465=IFCMATERIALLAYERSETUSAGE(#174,.AXIS2.,.POSITIVE.,0.,$);
#466=IFCRELASSOCIATESMATERIAL('1Yc7IIc654DhLftZN1Oy5R',$,$,$,(#464),#465);
#470=IFCPRODUCTDEFINITIONSHAPE($,$,(#784,#781));
#486=IFCPROPERTYSET('1DduagRhb57vE4HJ8xLfFP',$,'EPset_Parametric',$,(#488));
#487=IFCRELDEFINESBYPROPERTIES('0gVlmB5Lb2iwqrQus$hDmw',$,$,$,(#464),#486);
#488=IFCPROPERTYSINGLEVALUE('Engine',$,IFCLABEL('Bonsai.DumbLayer2'),$);
#489=IFCWALL('02$ctwB_PAXAuLruVjgroe',$,'Wall',$,$,#771,#495,$,$);
#490=IFCMATERIALLAYERSETUSAGE(#174,.AXIS2.,.POSITIVE.,0.,$);
#491=IFCRELASSOCIATESMATERIAL('3oxjh1wZXFfPlz$$489DES',$,$,$,(#489),#490);
#495=IFCPRODUCTDEFINITIONSHAPE($,$,(#816,#813));
#511=IFCPROPERTYSET('0tz5chP3bC8g$X8_JrW2$J',$,'EPset_Parametric',$,(#513));
#512=IFCRELDEFINESBYPROPERTIES('180oiJb9546xPdjjKtoj5N',$,$,$,(#489),#511);
#513=IFCPROPERTYSINGLEVALUE('Engine',$,IFCLABEL('Bonsai.DumbLayer2'),$);
#514=IFCWALL('3xcKpXzsXBkwsd5I06wp$z',$,'Wall',$,$,#803,#520,$,$);
#515=IFCMATERIALLAYERSETUSAGE(#174,.AXIS2.,.POSITIVE.,0.,$);
#516=IFCRELASSOCIATESMATERIAL('0TxywO$cTFjfFUCr48$kfv',$,$,$,(#514),#515);
#520=IFCPRODUCTDEFINITIONSHAPE($,$,(#1473,#1470));
#536=IFCPROPERTYSET('0HrvAiKQL3HOFaEmfT7dM7',$,'EPset_Parametric',$,(#538));
#537=IFCRELDEFINESBYPROPERTIES('2KuBbOxKzE3BrdpfT9ZqnU',$,$,$,(#514),#536);
#538=IFCPROPERTYSINGLEVALUE('Engine',$,IFCLABEL('Bonsai.DumbLayer2'),$);
#630=IFCRELCONNECTSPATHELEMENTS('2LGd6gr9L14xprhSYXeO5v',$,$,$,$,#389,#364,(),(),.ATEND.,.ATSTART.);
#644=IFCCARTESIANPOINT((4.2158500775377519,6.4998550415039364,0.));
#645=IFCDIRECTION((0.,0.,1.));
#646=IFCDIRECTION((-0.99999999999998868,-1.5099580252808492E-07,0.));
#647=IFCAXIS2PLACEMENT3D(#644,#645,#646);
#648=IFCLOCALPLACEMENT(#164,#647);
#662=IFCRELCONNECTSPATHELEMENTS('19PPCfx0v9NhI6rKMIwkPv',$,$,$,$,#414,#389,(),(),.ATEND.,.ATSTART.);
#676=IFCCARTESIANPOINT((0.7658498287200961,6.4998545205683813,0.));
#677=IFCDIRECTION((0.,0.,1.));
#678=IFCDIRECTION((7.5497901264043123E-08,-0.99999999999999722,0.));
#679=IFCAXIS2PLACEMENT3D(#676,#677,#678);
#680=IFCLOCALPLACEMENT(#164,#679);
#681=IFCCARTESIANPOINTLIST2D(((0.,0.),(0.10000002264937295,0.10000000000000001),(3.3500002563674847,0.10000000000000001),(3.4500002488176946,0.)));
#682=IFCINDEXEDPOLYCURVE(#681,(IFCLINEINDEX((1,2,3,4,1))),$);
#683=IFCARBITRARYCLOSEDPROFILEDEF(.AREA.,$,#682);
#684=IFCCARTESIANPOINT((0.,0.,0.));
#685=IFCDIRECTION((0.,0.,1.));
#686=IFCDIRECTION((1.,0.,0.));
#687=IFCAXIS2PLACEMENT3D(#684,#685,#686);
#688=IFCDIRECTION((0.,0.,1.));
#689=IFCEXTRUDEDAREASOLID(#683,#687,#688,3.);
#690=IFCSHAPEREPRESENTATION(#11,'Body','SweptSolid',(#689));
#691=IFCCARTESIANPOINTLIST2D(((0.,0.),(3.4500002488176946,0.)));
#692=IFCINDEXEDPOLYCURVE(#691,$,$);
#693=IFCSHAPEREPRESENTATION(#23,'Axis','Curve2D',(#692));
#694=IFCRELCONNECTSPATHELEMENTS('3lM4lvxXXBvRHhVQYtr0hJ',$,$,$,$,#439,#414,(),(),.ATEND.,.ATSTART.);
#708=IFCCARTESIANPOINTLIST2D(((0.,0.),(0.099999992450210171,0.10000000000000001),(1.6000000023928715,0.10000000000000001),(1.4999999559016339,0.)));
#709=IFCINDEXEDPOLYCURVE(#708,(IFCLINEINDEX((1,2,3,4,1))),$);
#710=IFCARBITRARYCLOSEDPROFILEDEF(.AREA.,$,#709);
#711=IFCCARTESIANPOINT((0.,0.,0.));
#712=IFCDIRECTION((0.,0.,1.));
#713=IFCDIRECTION((1.,0.,0.));
#714=IFCAXIS2PLACEMENT3D(#711,#712,#713);
#715=IFCDIRECTION((0.,0.,1.));
#716=IFCEXTRUDEDAREASOLID(#710,#714,#715,3.);
#717=IFCSHAPEREPRESENTATION(#11,'Body','SweptSolid',(#716));
#718=IFCCARTESIANPOINTLIST2D(((0.,0.),(1.4999999559016339,0.)));
#719=IFCINDEXEDPOLYCURVE(#718,$,$);
#720=IFCSHAPEREPRESENTATION(#23,'Axis','Curve2D',(#719));
#721=IFCRELCONNECTSPATHELEMENTS('2swCfmf3DFpRX5aAYfcxzR',$,$,$,$,#464,#439,(),(),.ATEND.,.ATSTART.);
#735=IFCCARTESIANPOINT((-2.7841501235962598,4.9998559470877799,0.));
#736=IFCDIRECTION((0.,0.,1.));
#737=IFCDIRECTION((7.5497901264043123E-08,-0.99999999999999722,0.));
#738=IFCAXIS2PLACEMENT3D(#735,#736,#737);
#739=IFCLOCALPLACEMENT(#164,#738);
#753=IFCRELCONNECTSPATHELEMENTS('1MxT$7gr5AuOeKSABJzHiO',$,$,$,$,#489,#464,(),(),.ATEND.,.ATSTART.);
#767=IFCCARTESIANPOINT((-2.7841497423317758,-0.050145149230957031,0.));
#768=IFCDIRECTION((0.,0.,1.));
#769=IFCDIRECTION((1.,0.,0.));
#770=IFCAXIS2PLACEMENT3D(#767,#768,#769);
#771=IFCLOCALPLACEMENT(#164,#770);
#772=IFCCARTESIANPOINTLIST2D(((0.,0.),(0.1000000464912377,0.10000000000000001),(4.9500011038685416,0.10000000000000001),(5.050001096318752,0.)));
#773=IFCINDEXEDPOLYCURVE(#772,(IFCLINEINDEX((1,2,3,4,1))),$);
#774=IFCARBITRARYCLOSEDPROFILEDEF(.AREA.,$,#773);
#775=IFCCARTESIANPOINT((0.,0.,0.));
#776=IFCDIRECTION((0.,0.,1.));
#777=IFCDIRECTION((1.,0.,0.));
#778=IFCAXIS2PLACEMENT3D(#775,#776,#777);
#779=IFCDIRECTION((0.,0.,1.));
#780=IFCEXTRUDEDAREASOLID(#774,#778,#779,3.);
#781=IFCSHAPEREPRESENTATION(#11,'Body','SweptSolid',(#780));
#782=IFCCARTESIANPOINTLIST2D(((0.,0.),(5.050001096318752,0.)));
#783=IFCINDEXEDPOLYCURVE(#782,$,$);
#784=IFCSHAPEREPRESENTATION(#23,'Axis','Curve2D',(#783));
#785=IFCRELCONNECTSPATHELEMENTS('1q4ZCzvpv9KwJrzLLQaR7x',$,$,$,$,#514,#489,(),(),.ATEND.,.ATSTART.);
#799=IFCCARTESIANPOINT((0.21585011574664753,-0.050145149230957031,0.));
#800=IFCDIRECTION((0.,0.,1.));
#801=IFCDIRECTION((0.0040672468581288354,-0.99999172871729047,0.));
#802=IFCAXIS2PLACEMENT3D(#799,#800,#801);
#803=IFCLOCALPLACEMENT(#164,#802);
#804=IFCCARTESIANPOINTLIST2D(((0.,0.),(0.099999992450210171,0.10000000000000001),(3.09959395716356,0.10000000000000001),(2.9999998580784233,0.)));
#805=IFCINDEXEDPOLYCURVE(#804,(IFCLINEINDEX((1,2,3,4,1))),$);
#806=IFCARBITRARYCLOSEDPROFILEDEF(.AREA.,$,#805);
#807=IFCCARTESIANPOINT((0.,0.,0.));
#808=IFCDIRECTION((0.,0.,1.));
#809=IFCDIRECTION((1.,0.,0.));
#810=IFCAXIS2PLACEMENT3D(#807,#808,#809);
#811=IFCDIRECTION((0.,0.,1.));
#812=IFCEXTRUDEDAREASOLID(#806,#810,#811,3.);
#813=IFCSHAPEREPRESENTATION(#11,'Body','SweptSolid',(#812));
#814=IFCCARTESIANPOINTLIST2D(((0.,0.),(2.9999998580784233,0.)));
#815=IFCINDEXEDPOLYCURVE(#814,$,$);
#816=IFCSHAPEREPRESENTATION(#23,'Axis','Curve2D',(#815));
#817=IFCWALL('3RI3VY56n0ix$P9GFtRhLC',$,'Wall',$,$,#828,#823,$,$);
#818=IFCMATERIALLAYERSETUSAGE(#174,.AXIS2.,.POSITIVE.,0.,$);
#819=IFCRELASSOCIATESMATERIAL('2ymEzBxmr1OPf0XRVnryjI',$,$,$,(#817),#818);
#823=IFCPRODUCTDEFINITIONSHAPE($,$,(#924,#921));
#824=IFCCARTESIANPOINT((0.31544420123100281,0.04985484853386879,0.));
#825=IFCDIRECTION((0.,0.,1.));
#826=IFCDIRECTION((7.5497901264043109E-08,0.99999999999999711,0.));
#827=IFCAXIS2PLACEMENT3D(#824,#825,#826);
#828=IFCLOCALPLACEMENT(#164,#827);
#839=IFCPROPERTYSET('3Z_zb4Jrf5XeV1dlVnWJxT',$,'EPset_Parametric',$,(#841));
#840=IFCRELDEFINESBYPROPERTIES('1TAOBzBoz3tg00BzMi$Arw',$,$,$,(#817),#839);
#841=IFCPROPERTYSINGLEVALUE('Engine',$,IFCLABEL('Bonsai.DumbLayer2'),$);
#842=IFCWALL('3PgUV4vLL1pR_jhwtCUXau',$,'Wall',$,$,#911,#848,$,$);
#843=IFCMATERIALLAYERSETUSAGE(#174,.AXIS2.,.POSITIVE.,0.,$);
#844=IFCRELASSOCIATESMATERIAL('0RtC39XHvCr838wZw4BSX0',$,$,$,(#842),#843);
#848=IFCPRODUCTDEFINITIONSHAPE($,$,(#906,#903));
#864=IFCPROPERTYSET('0rXnibQ5j3DOCOO$hoCzZm',$,'EPset_Parametric',$,(#866));
#865=IFCRELDEFINESBYPROPERTIES('3B0IdUchTCix33Bb5FWn0q',$,$,$,(#842),#864);
#866=IFCPROPERTYSINGLEVALUE('Engine',$,IFCLABEL('Bonsai.DumbLayer2'),$);
#893=IFCRELCONNECTSPATHELEMENTS('18vIlq4xr31QAiHXwOZbCP',$,$,$,$,#842,#817,(),(),.ATEND.,.ATSTART.);
#894=IFCCARTESIANPOINTLIST2D(((0.,0.),(0.10000002264937295,0.10000000000000001),(2.9995875212055232,0.10000000000000001),(2.9995875212055232,0.)));
#895=IFCINDEXEDPOLYCURVE(#894,(IFCLINEINDEX((1,2,3,4,1))),$);
#896=IFCARBITRARYCLOSEDPROFILEDEF(.AREA.,$,#895);
#897=IFCCARTESIANPOINT((0.,0.,0.));
#898=IFCDIRECTION((0.,0.,1.));
#899=IFCDIRECTION((1.,0.,0.));
#900=IFCAXIS2PLACEMENT3D(#897,#898,#899);
#901=IFCDIRECTION((0.,0.,1.));
#902=IFCEXTRUDEDAREASOLID(#896,#900,#901,3.);
#903=IFCSHAPEREPRESENTATION(#11,'Body','SweptSolid',(#902));
#904=IFCCARTESIANPOINTLIST2D(((0.,0.),(2.9995875212055232,0.)));
#905=IFCINDEXEDPOLYCURVE(#904,$,$);
#906=IFCSHAPEREPRESENTATION(#23,'Axis','Curve2D',(#905));
#907=IFCCARTESIANPOINT((0.31544439375064043,2.5998547077178977,0.));
#908=IFCDIRECTION((0.,0.,1.));
#909=IFCDIRECTION((-0.99999999999998868,-1.5099580252808492E-07,0.));
#910=IFCAXIS2PLACEMENT3D(#907,#908,#909);
#911=IFCLOCALPLACEMENT(#164,#910);
#912=IFCCARTESIANPOINTLIST2D(((0.,0.),(0.,0.10000000000000001),(2.4499998365346629,0.10000000000000001),(2.549999859184036,0.)));
#913=IFCINDEXEDPOLYCURVE(#912,(IFCLINEINDEX((1,2,3,4,1))),$);
#914=IFCARBITRARYCLOSEDPROFILEDEF(.AREA.,$,#913);
#915=IFCCARTESIANPOINT((0.,0.,0.));
#916=IFCDIRECTION((0.,0.,1.));
#917=IFCDIRECTION((1.,0.,0.));
#918=IFCAXIS2PLACEMENT3D(#915,#916,#917);
#919=IFCDIRECTION((0.,0.,1.));
#920=IFCEXTRUDEDAREASOLID(#914,#918,#919,3.);
#921=IFCSHAPEREPRESENTATION(#11,'Body','SweptSolid',(#920));
#922=IFCCARTESIANPOINTLIST2D(((0.,0.),(2.549999859184036,0.)));
#923=IFCINDEXEDPOLYCURVE(#922,$,$);
#924=IFCSHAPEREPRESENTATION(#23,'Axis','Curve2D',(#923));
#957=IFCWALL('00EiEDGa11ZPT4OkQHVQwI',$,'Wall',$,$,#999,#963,$,$);
#958=IFCMATERIALLAYERSETUSAGE(#174,.AXIS2.,.POSITIVE.,0.,$);
#959=IFCRELASSOCIATESMATERIAL('1BrRdhuHP8qP2Nz$ly9kPE',$,$,$,(#957),#958);
#963=IFCPRODUCTDEFINITIONSHAPE($,$,(#1267,#1264));
#979=IFCPROPERTYSET('0SzTVggwb2FQhg7wbcOUvs',$,'EPset_Parametric',$,(#981));
#980=IFCRELDEFINESBYPROPERTIES('25wYQ7Q2H9kf3oeP8frRG3',$,$,$,(#957),#979);
#981=IFCPROPERTYSINGLEVALUE('Engine',$,IFCLABEL('Bonsai.DumbLayer2'),$);
#995=IFCCARTESIANPOINT((-1.1835488080978394,2.5998547077178955,0.));
#996=IFCDIRECTION((0.,0.,1.));
#997=IFCDIRECTION((1.9470718370939353E-07,0.99999999999998113,0.));
#998=IFCAXIS2PLACEMENT3D(#995,#996,#997);
#999=IFCLOCALPLACEMENT(#164,#998);
#1000=IFCRELCONNECTSPATHELEMENTS('28mV6eN2b0O8LXt8CroBb1',$,$,$,$,#957,#439,(),(),.ATPATH.,.ATEND.);
#1014=IFCCARTESIANPOINTLIST2D(((0.,0.),(-0.10000004649123767,0.10000000000000001),(3.4500000190722355,0.10000000000000001),(3.5500000655634731,0.)));
#1015=IFCINDEXEDPOLYCURVE(#1014,(IFCLINEINDEX((1,2,3,4,1))),$);
#1016=IFCARBITRARYCLOSEDPROFILEDEF(.AREA.,$,#1015);
#1017=IFCCARTESIANPOINT((0.,0.,0.));
#1018=IFCDIRECTION((0.,0.,1.));
#1019=IFCDIRECTION((1.,0.,0.));
#1020=IFCAXIS2PLACEMENT3D(#1017,#1018,#1019);
#1021=IFCDIRECTION((0.,0.,1.));
#1022=IFCEXTRUDEDAREASOLID(#1016,#1020,#1021,3.);
#1023=IFCSHAPEREPRESENTATION(#11,'Body','SweptSolid',(#1022));
#1024=IFCCARTESIANPOINTLIST2D(((0.,0.),(3.5500000655634731,0.)));
#1025=IFCINDEXEDPOLYCURVE(#1024,$,$);
#1026=IFCSHAPEREPRESENTATION(#23,'Axis','Curve2D',(#1025));
#1027=IFCWALL('1QteScz8TFY8m8G4KNgL5i',$,'Wall',$,$,#1368,#1033,$,$);
#1028=IFCMATERIALLAYERSETUSAGE(#174,.AXIS2.,.POSITIVE.,0.,$);
#1029=IFCRELASSOCIATESMATERIAL('0l9rjubcv2OxnetPXVu8gQ',$,$,$,(#1027),#1028);
#1033=IFCPRODUCTDEFINITIONSHAPE($,$,(#1409,#1406));
#1049=IFCPROPERTYSET('2mcVXkXEfE6haIWj3NX_JQ',$,'EPset_Parametric',$,(#1051));
#1050=IFCRELDEFINESBYPROPERTIES('3HKBXYMLX0mBpl0iK7GNe_',$,$,$,(#1027),#1049);
#1051=IFCPROPERTYSINGLEVALUE('Engine',$,IFCLABEL('Bonsai.DumbLayer2'),$);
#1052=IFCWALL('0KaKs7SFz0FRUcK0cNVGCP',$,'Wall',$,$,#1427,#1058,$,$);
#1053=IFCMATERIALLAYERSETUSAGE(#174,.AXIS2.,.POSITIVE.,0.,$);
#1054=IFCRELASSOCIATESMATERIAL('3lqljfAYbFvB1DQDQ$wZWD',$,$,$,(#1052),#1053);
#1058=IFCPRODUCTDEFINITIONSHAPE($,$,(#1422,#1419));
#1074=IFCPROPERTYSET('0yvOZ_AKv0nf_SGnPHodtI',$,'EPset_Parametric',$,(#1076));
#1075=IFCRELDEFINESBYPROPERTIES('3k9PpAB0HCxxSmcGXOCNrp',$,$,$,(#1052),#1074);
#1076=IFCPROPERTYSINGLEVALUE('Engine',$,IFCLABEL('Bonsai.DumbLayer2'),$);
#1236=IFCRELCONNECTSPATHELEMENTS('3y_1SLi$502ud8H4ibgFhX',$,$,$,$,#1052,#957,(),(),.ATPATH.,.ATEND.);
#1255=IFCCARTESIANPOINTLIST2D(((0.,0.),(0.,0.10000000000000001),(2.3000006355433156,0.10000000000000001),(2.3000006160725972,0.)));
#1256=IFCINDEXEDPOLYCURVE(#1255,(IFCLINEINDEX((1,2,3,4,1))),$);
#1257=IFCARBITRARYCLOSEDPROFILEDEF(.AREA.,$,#1256);
#1258=IFCCARTESIANPOINT((0.,0.,0.));
#1259=IFCDIRECTION((0.,0.,1.));
#1260=IFCDIRECTION((1.,0.,0.));
#1261=IFCAXIS2PLACEMENT3D(#1258,#1259,#1260);
#1262=IFCDIRECTION((0.,0.,1.));
#1263=IFCEXTRUDEDAREASOLID(#1257,#1261,#1262,3.);
#1264=IFCSHAPEREPRESENTATION(#11,'Body','SweptSolid',(#1263));
#1265=IFCCARTESIANPOINTLIST2D(((0.,0.),(2.4000006160725995,0.)));
#1266=IFCINDEXEDPOLYCURVE(#1265,$,$);
#1267=IFCSHAPEREPRESENTATION(#23,'Axis','Curve2D',(#1266));
#1364=IFCCARTESIANPOINT((0.76585012674331665,4.8998546600341797,0.));
#1365=IFCDIRECTION((0.,0.,1.));
#1366=IFCDIRECTION((1.9470718370939353E-07,-0.99999999999998113,0.));
#1367=IFCAXIS2PLACEMENT3D(#1364,#1365,#1366);
#1368=IFCLOCALPLACEMENT(#164,#1367);
#1396=IFCRELCONNECTSPATHELEMENTS('3rpdZUsGX2Uu63rgsV4wm1',$,$,$,$,#1027,#1052,(),(),.ATSTART.,.ATEND.);
#1397=IFCCARTESIANPOINTLIST2D(((0.,0.),(0.,0.10000000000000001),(1.4499999630448217,0.10000000000000001),(1.3499999046326494,0.)));
#1398=IFCINDEXEDPOLYCURVE(#1397,(IFCLINEINDEX((1,2,3,4,1))),$);
#1399=IFCARBITRARYCLOSEDPROFILEDEF(.AREA.,$,#1398);
#1400=IFCCARTESIANPOINT((0.,0.,0.));
#1401=IFCDIRECTION((0.,0.,1.));
#1402=IFCDIRECTION((1.,0.,0.));
#1403=IFCAXIS2PLACEMENT3D(#1400,#1401,#1402);
#1404=IFCDIRECTION((0.,0.,1.));
#1405=IFCEXTRUDEDAREASOLID(#1399,#1403,#1404,3.);
#1406=IFCSHAPEREPRESENTATION(#11,'Body','SweptSolid',(#1405));
#1407=IFCCARTESIANPOINTLIST2D(((0.,0.),(1.3499999046326494,0.)));
#1408=IFCINDEXEDPOLYCURVE(#1407,$,$);
#1409=IFCSHAPEREPRESENTATION(#23,'Axis','Curve2D',(#1408));
#1410=IFCCARTESIANPOINTLIST2D(((0.,0.),(-0.10000005841217217,0.10000000000000001),(1.9493989932532829,0.10000000000000001),(1.9493990127240013,0.)));
#1411=IFCINDEXEDPOLYCURVE(#1410,(IFCLINEINDEX((1,2,3,4,1))),$);
#1412=IFCARBITRARYCLOSEDPROFILEDEF(.AREA.,$,#1411);
#1413=IFCCARTESIANPOINT((0.,0.,0.));
#1414=IFCDIRECTION((0.,0.,1.));
#1415=IFCDIRECTION((1.,0.,0.));
#1416=IFCAXIS2PLACEMENT3D(#1413,#1414,#1415);
#1417=IFCDIRECTION((0.,0.,1.));
#1418=IFCEXTRUDEDAREASOLID(#1412,#1416,#1417,3.);
#1419=IFCSHAPEREPRESENTATION(#11,'Body','SweptSolid',(#1418));
#1420=IFCCARTESIANPOINTLIST2D(((0.,0.),(1.9493990127240013,0.)));
#1421=IFCINDEXEDPOLYCURVE(#1420,$,$);
#1422=IFCSHAPEREPRESENTATION(#23,'Axis','Curve2D',(#1421));
#1423=IFCCARTESIANPOINT((0.76585038959799601,3.5498547554015554,0.));
#1424=IFCDIRECTION((0.,0.,1.));
#1425=IFCDIRECTION((-0.99999999999992428,3.8941436741876494E-07,0.));
#1426=IFCAXIS2PLACEMENT3D(#1423,#1424,#1425);
#1427=IFCLOCALPLACEMENT(#164,#1426);
#1428=IFCRELCONNECTSPATHELEMENTS('1VE46s5Sv6Af3BC7uIeIR9',$,$,$,$,#324,#364,(),(),.ATSTART.,.ATEND.);
#1442=IFCCARTESIANPOINTLIST2D(((0.,0.),(0.099999992450210157,0.10000000000000001),(8.9799991858009989,0.10000000000000001),(9.0799992084503724,0.)));
#1443=IFCINDEXEDPOLYCURVE(#1442,(IFCLINEINDEX((1,2,3,4,1))),$);
#1444=IFCARBITRARYCLOSEDPROFILEDEF(.AREA.,$,#1443);
#1445=IFCCARTESIANPOINT((0.,0.,0.));
#1446=IFCDIRECTION((0.,0.,1.));
#1447=IFCDIRECTION((1.,0.,0.));
#1448=IFCAXIS2PLACEMENT3D(#1445,#1446,#1447);
#1449=IFCDIRECTION((0.,0.,1.));
#1450=IFCEXTRUDEDAREASOLID(#1444,#1448,#1449,3.);
#1451=IFCSHAPEREPRESENTATION(#11,'Body','SweptSolid',(#1450));
#1452=IFCCARTESIANPOINTLIST2D(((0.,0.),(9.0799992084503724,0.)));
#1453=IFCINDEXEDPOLYCURVE(#1452,$,$);
#1454=IFCSHAPEREPRESENTATION(#23,'Axis','Curve2D',(#1453));
#1455=IFCCARTESIANPOINT((4.2158493920168674,-2.5801441669464107,0.));
#1456=IFCDIRECTION((0.,0.,1.));
#1457=IFCDIRECTION((7.5497901264043123E-08,0.99999999999999722,0.));
#1458=IFCAXIS2PLACEMENT3D(#1455,#1456,#1457);
#1459=IFCLOCALPLACEMENT(#164,#1458);
#1460=IFCRELCONNECTSPATHELEMENTS('3LGOFsbOz8XuiENZa_9l3O',$,$,$,$,#514,#324,(),(),.ATSTART.,.ATEND.);
#1461=IFCCARTESIANPOINTLIST2D(((0.,0.),(-0.099594099085136847,0.10000000000000001),(2.4304258451405367,0.10000000000000001),(2.5300199442256734,0.)));
#1462=IFCINDEXEDPOLYCURVE(#1461,(IFCLINEINDEX((1,2,3,4,1))),$);
#1463=IFCARBITRARYCLOSEDPROFILEDEF(.AREA.,$,#1462);
#1464=IFCCARTESIANPOINT((0.,0.,0.));
#1465=IFCDIRECTION((0.,0.,1.));
#1466=IFCDIRECTION((1.,0.,0.));
#1467=IFCAXIS2PLACEMENT3D(#1464,#1465,#1466);
#1468=IFCDIRECTION((0.,0.,1.));
#1469=IFCEXTRUDEDAREASOLID(#1463,#1467,#1468,3.);
#1470=IFCSHAPEREPRESENTATION(#11,'Body','SweptSolid',(#1469));
#1471=IFCCARTESIANPOINTLIST2D(((0.,0.),(2.5300199442256734,0.)));
#1472=IFCINDEXEDPOLYCURVE(#1471,$,$);
#1473=IFCSHAPEREPRESENTATION(#23,'Axis','Curve2D',(#1472));
#1474=IFCCARTESIANPOINTLIST2D(((0.,0.),(0.099594099085136847,0.10000000000000001),(3.8897090681508546,0.10000000000000001),(3.9897090606010646,0.)));
#1475=IFCINDEXEDPOLYCURVE(#1474,(IFCLINEINDEX((1,2,3,4,1))),$);
#1476=IFCARBITRARYCLOSEDPROFILEDEF(.AREA.,$,#1475);
#1477=IFCCARTESIANPOINT((0.,0.,0.));
#1478=IFCDIRECTION((0.,0.,1.));
#1479=IFCDIRECTION((1.,0.,0.));
#1480=IFCAXIS2PLACEMENT3D(#1477,#1478,#1479);
#1481=IFCDIRECTION((0.,0.,1.));
#1482=IFCEXTRUDEDAREASOLID(#1476,#1480,#1481,3.);
#1483=IFCSHAPEREPRESENTATION(#11,'Body','SweptSolid',(#1482));
#1484=IFCCARTESIANPOINTLIST2D(((0.,0.),(3.9897090606010646,0.)));
#1485=IFCINDEXEDPOLYCURVE(#1484,$,$);
#1486=IFCSHAPEREPRESENTATION(#23,'Axis','Curve2D',(#1485));
#1487=IFCCARTESIANPOINT((0.2261403314158027,-2.5801441669464111,0.));
#1488=IFCDIRECTION((0.,0.,1.));
#1489=IFCDIRECTION((1.,0.,0.));
#1490=IFCAXIS2PLACEMENT3D(#1487,#1488,#1489);
#1491=IFCLOCALPLACEMENT(#164,#1490);
#1546=IFCSLABTYPE('1i42g1o_r0Lxdns3omZ4hg',$,'Slab',$,$,(#1550),$,$,$,.FLOOR.);
#1547=IFCMATERIALLAYERSET((#1549),$,$);
#1548=IFCRELASSOCIATESMATERIAL('2XZBWJWHz4Nvy3iwFAlL$3',$,$,$,(#1546),#1547);
#1549=IFCMATERIALLAYER(#173,0.10000000000000001,$,$,$,$,$);
#1550=IFCPROPERTYSET('0xG79rYtn978x8M6373wRh',$,'EPset_Parametric',$,(#1551));
#1551=IFCPROPERTYSINGLEVALUE('LayerSetDirection',$,IFCLABEL('AXIS3'),$);
#1552=IFCSLAB('3bUOaPITzAnxnlJZpgczSQ',$,'Slab',$,$,#1560,#1567,$,$);
#1553=IFCRELDEFINESBYTYPE('1f8kYJzQ16LxerAigXqUaz',$,$,$,(#12675,#10408,#10430,#1552),#1546);
#1554=IFCMATERIALLAYERSETUSAGE(#1547,.AXIS3.,.POSITIVE.,-0.10000000149011612,$);
#1555=IFCRELASSOCIATESMATERIAL('3Sw3fknSXFsg54oJX_V7vR',$,$,$,(#1552),#1554);
#1556=IFCCARTESIANPOINT((0.2261403352022171,-2.5801441669464111,0.));
#1557=IFCDIRECTION((0.,0.,1.));
#1558=IFCDIRECTION((1.,0.,0.));
#1559=IFCAXIS2PLACEMENT3D(#1556,#1557,#1558);
#1560=IFCLOCALPLACEMENT(#164,#1559);
#1561=IFCCARTESIANPOINTLIST2D(((0.,0.),(3.9897091388702393,0.),(3.9897110462188721,9.0799989700317383),(0.53970950841903687,9.0799989700317383),(0.53970980644226074,7.5799989700317383),(-3.0102903842926025,7.5799999237060547),(-3.0102899074554443,2.5299990177154541),(-0.010290220379829407,2.5299990177154541),(0.,0.)));
#1562=IFCINDEXEDPOLYCURVE(#1561,$,$);
#1563=IFCDIRECTION((0.,0.,1.));
#1564=IFCARBITRARYCLOSEDPROFILEDEF(.AREA.,$,#1562);
#1565=IFCEXTRUDEDAREASOLID(#1564,#1574,#1563,0.10000000000000001);
#1566=IFCSHAPEREPRESENTATION(#11,'Body','SweptSolid',(#1565));
#1567=IFCPRODUCTDEFINITIONSHAPE($,$,(#1566));
#1568=IFCPROPERTYSET('2aFpXTLPn29RBwfrHg6Qpc',$,'EPset_Parametric',$,(#1570));
#1569=IFCRELDEFINESBYPROPERTIES('28q6Widm1FcfW4C3EyK7QW',$,$,$,(#1552),#1568);
#1570=IFCPROPERTYSINGLEVALUE('Engine',$,IFCLABEL('Bonsai.DumbLayer3'),$);
#1571=IFCCARTESIANPOINT((-0.,-0.,-0.10000000149011612));
#1572=IFCDIRECTION((0.,0.,1.));
#1573=IFCDIRECTION((1.,0.,0.));
#1574=IFCAXIS2PLACEMENT3D(#1571,#1572,#1573);
#1575=IFCDOORTYPE('192cRBjb94Rg4dzql8jL9m',$,'MAIN-GF',$,$,(#1576),(#1585,#1663,#1682),$,$,.DOOR.,.SINGLE_SWING_LEFT.,$,$);
#1576=IFCPROPERTYSET('16vAYYMFH75gmMyKjffzXv',$,'BBIM_Door',$,(#1577));
#1577=IFCPROPERTYSINGLEVALUE('Data',$,IFCTEXT('{"door_type": "SINGLE_SWING_LEFT", "overall_height": 2.0, "overall_width": 0.8999999761581421, "lining_properties": {"lining_depth": 0.05000000074505806, "lining_thickness": 0.05000000074505806, "lining_offset": 0.0, "lining_to_panel_offset_x": 0.02500000037252903, "lining_to_panel_offset_y": 0.02500000037252903, "transom_thickness": 0.0, "casing_thickness": 0.07500000298023224, "casing_depth": 0.004999999888241291, "threshold_thickness": 0.02500000037252903, "threshold_depth": 0.10000000149011612, "threshold_offset": 0.0}, "panel_properties": {"panel_depth": 0.03500000014901161, "panel_width_ratio": 1.0}}'),$);
#1581=IFCCARTESIANPOINT((0.,0.,0.));
#1582=IFCDIRECTION((1.,0.,0.));
#1583=IFCDIRECTION((0.,0.,1.));
#1584=IFCAXIS2PLACEMENT3D(#1581,#1583,#1582);
#1585=IFCREPRESENTATIONMAP(#1584,#1765);
#1659=IFCCARTESIANPOINT((0.,0.,0.));
#1660=IFCDIRECTION((1.,0.,0.));
#1661=IFCDIRECTION((0.,0.,1.));
#1662=IFCAXIS2PLACEMENT3D(#1659,#1661,#1660);
#1663=IFCREPRESENTATIONMAP(#1662,#1838);
#1678=IFCCARTESIANPOINT((0.,0.,0.));
#1679=IFCDIRECTION((1.,0.,0.));
#1680=IFCDIRECTION((0.,0.,1.));
#1681=IFCAXIS2PLACEMENT3D(#1678,#1680,#1679);
#1682=IFCREPRESENTATIONMAP(#1681,#1856);
#1683=IFCDOOR('1J4WRxS$TE6eDRDW4hWl$o',$,'Door',$,$,#1881,#1692,$,2.,0.89999997615814209,$,.SINGLE_SWING_LEFT.,$);
#1684=IFCRELDEFINESBYTYPE('3ISyxEWjfB5OJNk$AaietR',$,$,$,(#1683),#1575);
#1685=IFCCARTESIANPOINT((0.,0.,0.));
#1686=IFCDIRECTION((1.,0.,0.));
#1687=IFCDIRECTION((0.,1.,0.));
#1688=IFCDIRECTION((0.,0.,1.));
#1689=IFCCARTESIANTRANSFORMATIONOPERATOR3D(#1686,#1687,#1685,1.,#1688);
#1690=IFCMAPPEDITEM(#1585,#1689);
#1691=IFCSHAPEREPRESENTATION(#18,'Profile','MappedRepresentation',(#1690));
#1692=IFCPRODUCTDEFINITIONSHAPE($,$,(#1691,#1699,#1706));
#1693=IFCCARTESIANPOINT((0.,0.,0.));
#1694=IFCDIRECTION((1.,0.,0.));
#1695=IFCDIRECTION((0.,1.,0.));
#1696=IFCDIRECTION((0.,0.,1.));
#1697=IFCCARTESIANTRANSFORMATIONOPERATOR3D(#1694,#1695,#1693,1.,#1696);
#1698=IFCMAPPEDITEM(#1663,#1697);
#1699=IFCSHAPEREPRESENTATION(#11,'Body','MappedRepresentation',(#1698));
#1700=IFCCARTESIANPOINT((0.,0.,0.));
#1701=IFCDIRECTION((1.,0.,0.));
#1702=IFCDIRECTION((0.,1.,0.));
#1703=IFCDIRECTION((0.,0.,1.));
#1704=IFCCARTESIANTRANSFORMATIONOPERATOR3D(#1701,#1702,#1700,1.,#1703);
#1705=IFCMAPPEDITEM(#1682,#1704);
#1706=IFCSHAPEREPRESENTATION(#24,'Body','MappedRepresentation',(#1705));
#1707=IFCOPENINGELEMENT('2gB7WWsd55dxvinvPUznR7',$,'Opening',$,$,#1876,#1735,$,.OPENING.);
#1723=IFCCARTESIANPOINT((0.,0.,0.));
#1724=IFCDIRECTION((1.,0.,0.));
#1725=IFCDIRECTION((0.,0.,1.));
#1726=IFCAXIS2PLACEMENT3D(#1723,#1725,#1724);
#1727=IFCREPRESENTATIONMAP(#1726,#1866);
#1728=IFCCARTESIANPOINT((0.,0.,0.));
#1729=IFCDIRECTION((1.,0.,0.));
#1730=IFCDIRECTION((0.,1.,0.));
#1731=IFCDIRECTION((0.,0.,1.));
#1732=IFCCARTESIANTRANSFORMATIONOPERATOR3D(#1729,#1730,#1728,1.,#1731);
#1733=IFCMAPPEDITEM(#1727,#1732);
#1734=IFCSHAPEREPRESENTATION(#11,'Body','MappedRepresentation',(#1733));
#1735=IFCPRODUCTDEFINITIONSHAPE($,$,(#1734));
#1736=IFCRELVOIDSELEMENT('3N42IzZ1X2FAMOqdqjdBMx',$,$,$,#324,#1707);
#1742=IFCRELFILLSELEMENT('1sOiBS0bf1shpkM0Zvd5UW',$,$,$,#1707,#1683);
#1763=IFCCARTESIANPOINTLIST3D(((0.,0.,0.),(0.89999997615814209,0.,0.),(0.89999997615814209,0.,2.),(0.,0.,2.)));
#1764=IFCINDEXEDPOLYCURVE(#1763,(IFCLINEINDEX((1,2,3,4,1))),$);
#1765=IFCSHAPEREPRESENTATION(#18,'Profile','Curve3D',(#1764));
#1766=IFCCARTESIANPOINTLIST2D(((0.,0.),(0.,2.),(0.89999997615814209,2.),(0.89999997615814209,0.),(0.87499997578561306,0.),(0.87499997578561306,1.974999999627471),(0.02500000037252903,1.974999999627471),(0.02500000037252903,0.)));
#1767=IFCINDEXEDPOLYCURVE(#1766,(IFCLINEINDEX((1,2,3,4,5,6,7,8,1))),$);
#1768=IFCARBITRARYCLOSEDPROFILEDEF(.AREA.,$,#1767);
#1769=IFCCARTESIANPOINT((0.,0.02500000037252903,0.));
#1770=IFCDIRECTION((0.,-1.,0.));
#1771=IFCDIRECTION((1.,0.,0.));
#1772=IFCAXIS2PLACEMENT3D(#1769,#1770,#1771);
#1773=IFCDIRECTION((0.,0.,-1.));
#1774=IFCEXTRUDEDAREASOLID(#1768,#1772,#1773,0.02500000037252903);
#1775=IFCCARTESIANPOINTLIST2D(((0.,0.),(0.,2.),(0.89999997615814209,2.),(0.89999997615814209,0.),(0.84999997541308403,0.),(0.84999997541308403,1.9499999992549419),(0.05000000074505806,1.9499999992549419),(0.05000000074505806,0.)));
#1776=IFCINDEXEDPOLYCURVE(#1775,(IFCLINEINDEX((1,2,3,4,5,6,7,8,1))),$);
#1777=IFCARBITRARYCLOSEDPROFILEDEF(.AREA.,$,#1776);
#1778=IFCCARTESIANPOINT((0.,0.,0.));
#1779=IFCDIRECTION((0.,-1.,0.));
#1780=IFCDIRECTION((1.,0.,0.));
#1781=IFCAXIS2PLACEMENT3D(#1778,#1779,#1780);
#1782=IFCDIRECTION((0.,0.,-1.));
#1783=IFCEXTRUDEDAREASOLID(#1777,#1781,#1782,0.02500000037252903);
#1784=IFCCARTESIANPOINTLIST2D(((0.,0.),(0.79999997466802597,0.),(0.79999997466802597,0.10000000149011612),(0.,0.10000000149011612)));
#1785=IFCINDEXEDPOLYCURVE(#1784,(IFCLINEINDEX((1,2,3,4,1))),$);
#1786=IFCARBITRARYCLOSEDPROFILEDEF(.AREA.,$,#1785);
#1787=IFCCARTESIANPOINT((0.05000000074505806,0.,0.));
#1788=IFCDIRECTION((0.,0.,1.));
#1789=IFCDIRECTION((1.,0.,0.));
#1790=IFCAXIS2PLACEMENT3D(#1787,#1788,#1789);
#1791=IFCDIRECTION((0.,0.,1.));
#1792=IFCEXTRUDEDAREASOLID(#1786,#1790,#1791,0.02500000037252903);
#1793=IFCCARTESIANPOINTLIST2D(((0.,0.),(0.,2.0250000022351742),(0.94999998062849045,2.0250000022351742),(0.94999998062849045,0.),(0.87499997764825821,0.),(0.87499997764825821,1.9499999992549419),(0.075000002980232239,1.9499999992549419),(0.075000002980232239,0.)));
#1794=IFCINDEXEDPOLYCURVE(#1793,(IFCLINEINDEX((1,2,3,4,5,6,7,8,1))),$);
#1795=IFCARBITRARYCLOSEDPROFILEDEF(.AREA.,$,#1794);
#1796=IFCCARTESIANPOINT((-0.025000002235174179,-0.004999999888241291,0.));
#1797=IFCDIRECTION((0.,-1.,0.));
#1798=IFCDIRECTION((1.,0.,0.));
#1799=IFCAXIS2PLACEMENT3D(#1796,#1797,#1798);
#1800=IFCDIRECTION((0.,0.,-1.));
#1801=IFCEXTRUDEDAREASOLID(#1795,#1799,#1800,0.004999999888241291);
#1802=IFCCARTESIANPOINTLIST2D(((0.,0.),(0.,2.0250000022351742),(0.94999998062849045,2.0250000022351742),(0.94999998062849045,0.),(0.89999997802078724,0.),(0.89999997802078724,1.974999999627471),(0.050000002607703209,1.974999999627471),(0.050000002607703209,0.)));
#1803=IFCINDEXEDPOLYCURVE(#1802,(IFCLINEINDEX((1,2,3,4,5,6,7,8,1))),$);
#1804=IFCARBITRARYCLOSEDPROFILEDEF(.AREA.,$,#1803);
#1805=IFCCARTESIANPOINT((-0.025000002235174179,0.05000000074505806,0.));
#1806=IFCDIRECTION((0.,-1.,0.));
#1807=IFCDIRECTION((1.,0.,0.));
#1808=IFCAXIS2PLACEMENT3D(#1805,#1806,#1807);
#1809=IFCDIRECTION((0.,0.,-1.));
#1810=IFCEXTRUDEDAREASOLID(#1804,#1808,#1809,0.004999999888241291);
#1811=IFCCARTESIANPOINTLIST2D(((0.,0.),(0.84999997541308403,0.),(0.84999997541308403,0.035000000149011612),(0.,0.035000000149011612)));
#1812=IFCINDEXEDPOLYCURVE(#1811,(IFCLINEINDEX((1,2,3,4,1))),$);
#1813=IFCARBITRARYCLOSEDPROFILEDEF(.AREA.,$,#1812);
#1814=IFCCARTESIANPOINT((0.02500000037252903,0.02500000037252903,0.02500000037252903));
#1815=IFCDIRECTION((0.,0.,1.));
#1816=IFCDIRECTION((1.,0.,0.));
#1817=IFCAXIS2PLACEMENT3D(#1814,#1815,#1816);
#1818=IFCDIRECTION((0.,0.,1.));
#1819=IFCEXTRUDEDAREASOLID(#1813,#1817,#1818,1.9499999992549419);
#1820=IFCCARTESIANPOINTLIST2D(((0.,0.),(0.,-0.040000000000000001),(-0.11999999999999988,-0.040000000000000001),(-0.11999999999999988,-0.02),(-0.020000000000000018,-0.02),(-0.020000000000000018,0.)));
#1821=IFCINDEXEDPOLYCURVE(#1820,(IFCLINEINDEX((1,2,3,4,5,6,1))),$);
#1822=IFCARBITRARYCLOSEDPROFILEDEF(.AREA.,$,#1821);
#1823=IFCCARTESIANPOINT((0.82499997578561302,0.02500000037252903,1.015000000372529));
#1824=IFCDIRECTION((0.,0.,1.));
#1825=IFCDIRECTION((1.,0.,0.));
#1826=IFCAXIS2PLACEMENT3D(#1823,#1824,#1825);
#1827=IFCDIRECTION((0.,0.,1.));
#1828=IFCEXTRUDEDAREASOLID(#1822,#1826,#1827,0.02);
#1829=IFCEXTRUDEDAREASOLID(#1830,#1833,#1837,0.02);
#1830=IFCARBITRARYCLOSEDPROFILEDEF(.AREA.,$,#1831);
#1831=IFCINDEXEDPOLYCURVE(#1832,(IFCLINEINDEX((1,2,3,4,5,6,1))),$);
#1832=IFCCARTESIANPOINTLIST2D(((0.,0.),(0.,0.040000000000000008),(-0.11999999999999988,0.040000000000000008),(-0.11999999999999988,0.020000000000000004),(-0.020000000000000018,0.020000000000000004),(-0.020000000000000018,0.)));
#1833=IFCAXIS2PLACEMENT3D(#1834,#1835,#1836);
#1834=IFCCARTESIANPOINT((0.82499997578561302,0.060000000521540642,1.015000000372529));
#1835=IFCDIRECTION((0.,0.,1.));
#1836=IFCDIRECTION((1.,0.,0.));
#1837=IFCDIRECTION((0.,0.,1.));
#1838=IFCSHAPEREPRESENTATION(#11,'Body','SweptSolid',(#1774,#1783,#1819,#1828,#1829,#1792,#1801,#1810));
#1839=IFCSHAPEREPRESENTATION(#11,'Body','SweptSolid',(#1774,#1783,#1792,#1801,#1810));
#1840=IFCSHAPEASPECT((#1839),'Lining',$,.T.,#1692);
#1841=IFCSHAPEREPRESENTATION(#11,'Body','SweptSolid',(#1819,#1828,#1829));
#1842=IFCSHAPEASPECT((#1841),'Framing',$,.T.,#1692);
#1843=IFCCARTESIANPOINTLIST2D(((0.,0.),(0.,0.05000000074505806),(0.02500000037252903,0.05000000074505806),(0.02500000037252903,0.02500000037252903),(0.05000000074505806,0.02500000037252903),(0.05000000074505806,0.)));
#1844=IFCINDEXEDPOLYCURVE(#1843,(IFCLINEINDEX((1,2,3,4,5,6,1))),$);
#1845=IFCINDEXEDPOLYCURVE(#1846,(IFCLINEINDEX((1,2,3,4,5,6,1))),$);
#1846=IFCCARTESIANPOINTLIST2D(((0.89999997615814209,0.),(0.89999997615814209,0.05000000074505806),(0.87499997578561306,0.05000000074505806),(0.87499997578561306,0.02500000037252903),(0.84999997541308403,0.02500000037252903),(0.84999997541308403,0.)));
#1847=IFCDIRECTION((1.,0.));
#1848=IFCCARTESIANPOINT((0.060000000521540642,0.05000000074505806));
#1849=IFCAXIS2PLACEMENT2D(#1848,#1847);
#1850=IFCELLIPSE(#1849,0.81499997526407242,0.84999997541308403);
#1851=IFCCARTESIANPOINT((0.87499997578561306,0.05000000074505806));
#1852=IFCCARTESIANPOINT((0.060000000521540642,0.89999997615814209));
#1853=IFCTRIMMEDCURVE(#1850,(#1851),(#1852),.T.,.CARTESIAN.);
#1854=IFCCARTESIANPOINTLIST2D(((0.02500000037252903,0.05000000074505806),(0.060000000521540642,0.05000000074505806),(0.060000000521540642,0.89999997615814209),(0.02500000037252903,0.89999997615814209)));
#1855=IFCINDEXEDPOLYCURVE(#1854,(IFCLINEINDEX((1,2,3,4,1))),$);
#1856=IFCSHAPEREPRESENTATION(#24,'Body','Curve2D',(#1844,#1845,#1853,#1855));
#1857=IFCCARTESIANPOINTLIST2D(((0.,0.),(0.89999997615814209,0.),(0.89999997615814209,2.),(0.,2.)));
#1858=IFCINDEXEDPOLYCURVE(#1857,(IFCLINEINDEX((1,2,3,4,1))),$);
#1859=IFCARBITRARYCLOSEDPROFILEDEF(.AREA.,$,#1858);
#1860=IFCCARTESIANPOINT((0.,-0.60000002384185791,0.));
#1861=IFCDIRECTION((0.,-1.,0.));
#1862=IFCDIRECTION((1.,0.,0.));
#1863=IFCAXIS2PLACEMENT3D(#1860,#1861,#1862);
#1864=IFCDIRECTION((0.,0.,-1.));
#1865=IFCEXTRUDEDAREASOLID(#1859,#1863,#1864,1.2);
#1866=IFCSHAPEREPRESENTATION(#11,'Body','SweptSolid',(#1865));
#1872=IFCCARTESIANPOINT((0.33390097698721244,4.76837158203125E-07,0.));
#1873=IFCDIRECTION((0.,0.,1.));
#1874=IFCDIRECTION((0.99999999999997158,-2.3841857910155572E-07,0.));
#1875=IFCAXIS2PLACEMENT3D(#1872,#1873,#1874);
#1876=IFCLOCALPLACEMENT(#1491,#1875);
#1877=IFCCARTESIANPOINT((2.2204460492503131E-16,0.,0.));
#1878=IFCDIRECTION((0.,0.,1.));
#1879=IFCDIRECTION((1.,0.,0.));
#1880=IFCAXIS2PLACEMENT3D(#1877,#1878,#1879);
#1881=IFCLOCALPLACEMENT(#1876,#1880);
#2318=IFCDOORTYPE('0FwOTjJOHAJQV5N_wcGwcQ',$,'GUEST-GF',$,$,(#2319),(#2321,#2329,#2407),$,$,.DOOR.,.SINGLE_SWING_LEFT.,$,$);
#2319=IFCPROPERTYSET('1Czyo0pxXBQxucmvsjCI41',$,'BBIM_Door',$,(#2320));
#2320=IFCPROPERTYSINGLEVALUE('Data',$,IFCTEXT('{"door_type": "DOUBLE_SWING_RIGHT", "overall_height": 2.0, "overall_width": 0.8999999761581421, "lining_properties": {"lining_depth": 0.05000000074505806, "lining_thickness": 0.05000000074505806, "lining_offset": 0.0, "lining_to_panel_offset_x": 0.02500000037252903, "lining_to_panel_offset_y": 0.02500000037252903, "transom_thickness": 0.0, "casing_thickness": 0.07500000298023224, "casing_depth": 0.004999999888241291, "threshold_thickness": 0.02500000037252903, "threshold_depth": 0.10000000149011612, "threshold_offset": 0.0}, "panel_properties": {"panel_depth": 0.03500000014901161, "panel_width_ratio": 1.0}}'),$);
#2321=IFCREPRESENTATIONMAP(#2322,#2508);
#2322=IFCAXIS2PLACEMENT3D(#2323,#2324,#2325);
#2323=IFCCARTESIANPOINT((0.,0.,0.));
#2324=IFCDIRECTION((0.,0.,1.));
#2325=IFCDIRECTION((1.,0.,0.));
#2329=IFCREPRESENTATIONMAP(#2330,#2572);
#2330=IFCAXIS2PLACEMENT3D(#2331,#2332,#2333);
#2331=IFCCARTESIANPOINT((0.,0.,0.));
#2332=IFCDIRECTION((0.,0.,1.));
#2333=IFCDIRECTION((1.,0.,0.));
#2407=IFCREPRESENTATIONMAP(#2408,#2592);
#2408=IFCAXIS2PLACEMENT3D(#2409,#2410,#2411);
#2409=IFCCARTESIANPOINT((0.,0.,0.));
#2410=IFCDIRECTION((0.,0.,1.));
#2411=IFCDIRECTION((1.,0.,0.));
#2426=IFCDOOR('0uVgRn0aH549sz9TA$jiDh',$,'Door',$,$,#2617,#2435,$,2.,0.89999997615814209,$,.DOUBLE_SWING_RIGHT.,$);
#2427=IFCRELDEFINESBYTYPE('3hqT6VOf1FchABYhPTpj2_',$,$,$,(#2426),#2318);
#2428=IFCCARTESIANPOINT((0.,0.,0.));
#2429=IFCDIRECTION((1.,0.,0.));
#2430=IFCDIRECTION((0.,1.,0.));
#2431=IFCDIRECTION((0.,0.,1.));
#2432=IFCCARTESIANTRANSFORMATIONOPERATOR3D(#2429,#2430,#2428,1.,#2431);
#2433=IFCMAPPEDITEM(#2321,#2432);
#2434=IFCSHAPEREPRESENTATION(#18,'Profile','MappedRepresentation',(#2433));
#2435=IFCPRODUCTDEFINITIONSHAPE($,$,(#2434,#2442,#2449));
#2436=IFCCARTESIANPOINT((0.,0.,0.));
#2437=IFCDIRECTION((1.,0.,0.));
#2438=IFCDIRECTION((0.,1.,0.));
#2439=IFCDIRECTION((0.,0.,1.));
#2440=IFCCARTESIANTRANSFORMATIONOPERATOR3D(#2437,#2438,#2436,1.,#2439);
#2441=IFCMAPPEDITEM(#2329,#2440);
#2442=IFCSHAPEREPRESENTATION(#11,'Body','MappedRepresentation',(#2441));
#2443=IFCCARTESIANPOINT((0.,0.,0.));
#2444=IFCDIRECTION((1.,0.,0.));
#2445=IFCDIRECTION((0.,1.,0.));
#2446=IFCDIRECTION((0.,0.,1.));
#2447=IFCCARTESIANTRANSFORMATIONOPERATOR3D(#2444,#2445,#2443,1.,#2446);
#2448=IFCMAPPEDITEM(#2407,#2447);
#2449=IFCSHAPEREPRESENTATION(#24,'Body','MappedRepresentation',(#2448));
#2450=IFCOPENINGELEMENT('1LxYStYs58kgZEOTU3GBWJ',$,'Opening',$,$,#2612,#2478,$,.OPENING.);
#2466=IFCCARTESIANPOINT((0.,0.,0.));
#2467=IFCDIRECTION((1.,0.,0.));
#2468=IFCDIRECTION((0.,0.,1.));
#2469=IFCAXIS2PLACEMENT3D(#2466,#2468,#2467);
#2470=IFCREPRESENTATIONMAP(#2469,#2602);
#2471=IFCCARTESIANPOINT((0.,0.,0.));
#2472=IFCDIRECTION((1.,0.,0.));
#2473=IFCDIRECTION((0.,1.,0.));
#2474=IFCDIRECTION((0.,0.,1.));
#2475=IFCCARTESIANTRANSFORMATIONOPERATOR3D(#2472,#2473,#2471,1.,#2474);
#2476=IFCMAPPEDITEM(#2470,#2475);
#2477=IFCSHAPEREPRESENTATION(#11,'Body','MappedRepresentation',(#2476));
#2478=IFCPRODUCTDEFINITIONSHAPE($,$,(#2477));
#2479=IFCRELVOIDSELEMENT('0mG$GdqvD07QOwGJRr2alV',$,$,$,#817,#2450);
#2485=IFCRELFILLSELEMENT('1sgnITQuv6RPmYiOw8dUNN',$,$,$,#2450,#2426);
#2506=IFCCARTESIANPOINTLIST3D(((0.,0.,0.),(0.89999997615814209,0.,0.),(0.89999997615814209,0.,2.),(0.,0.,2.)));
#2507=IFCINDEXEDPOLYCURVE(#2506,(IFCLINEINDEX((1,2,3,4,1))),$);
#2508=IFCSHAPEREPRESENTATION(#18,'Profile','Curve3D',(#2507));
#2509=IFCCARTESIANPOINTLIST2D(((0.,0.),(0.,2.),(0.89999997615814209,2.),(0.89999997615814209,0.),(0.87499997578561306,0.),(0.87499997578561306,1.974999999627471),(0.02500000037252903,1.974999999627471),(0.02500000037252903,0.)));
#2510=IFCINDEXEDPOLYCURVE(#2509,(IFCLINEINDEX((1,2,3,4,5,6,7,8,1))),$);
#2511=IFCARBITRARYCLOSEDPROFILEDEF(.AREA.,$,#2510);
#2512=IFCCARTESIANPOINT((0.,0.,0.));
#2513=IFCDIRECTION((0.,-1.,0.));
#2514=IFCDIRECTION((1.,0.,0.));
#2515=IFCAXIS2PLACEMENT3D(#2512,#2513,#2514);
#2516=IFCDIRECTION((0.,0.,-1.));
#2517=IFCEXTRUDEDAREASOLID(#2511,#2515,#2516,0.05000000074505806);
#2518=IFCCARTESIANPOINTLIST2D(((0.,0.),(0.84999997541308403,0.),(0.84999997541308403,0.10000000149011612),(0.,0.10000000149011612)));
#2519=IFCINDEXEDPOLYCURVE(#2518,(IFCLINEINDEX((1,2,3,4,1))),$);
#2520=IFCARBITRARYCLOSEDPROFILEDEF(.AREA.,$,#2519);
#2521=IFCCARTESIANPOINT((0.02500000037252903,0.,0.));
#2522=IFCDIRECTION((0.,0.,1.));
#2523=IFCDIRECTION((1.,0.,0.));
#2524=IFCAXIS2PLACEMENT3D(#2521,#2522,#2523);
#2525=IFCDIRECTION((0.,0.,1.));
#2526=IFCEXTRUDEDAREASOLID(#2520,#2524,#2525,0.02500000037252903);
#2527=IFCCARTESIANPOINTLIST2D(((0.,0.),(0.,2.0250000022351742),(0.94999998062849045,2.0250000022351742),(0.94999998062849045,0.),(0.89999997802078724,0.),(0.89999997802078724,1.974999999627471),(0.050000002607703209,1.974999999627471),(0.050000002607703209,0.)));
#2528=IFCINDEXEDPOLYCURVE(#2527,(IFCLINEINDEX((1,2,3,4,5,6,7,8,1))),$);
#2529=IFCARBITRARYCLOSEDPROFILEDEF(.AREA.,$,#2528);
#2530=IFCCARTESIANPOINT((-0.025000002235174179,-0.004999999888241291,0.));
#2531=IFCDIRECTION((0.,-1.,0.));
#2532=IFCDIRECTION((1.,0.,0.));
#2533=IFCAXIS2PLACEMENT3D(#2530,#2531,#2532);
#2534=IFCDIRECTION((0.,0.,-1.));
#2535=IFCEXTRUDEDAREASOLID(#2529,#2533,#2534,0.004999999888241291);
#2536=IFCCARTESIANPOINTLIST2D(((0.,0.),(0.,2.0250000022351742),(0.94999998062849045,2.0250000022351742),(0.94999998062849045,0.),(0.89999997802078724,0.),(0.89999997802078724,1.974999999627471),(0.050000002607703209,1.974999999627471),(0.050000002607703209,0.)));
#2537=IFCINDEXEDPOLYCURVE(#2536,(IFCLINEINDEX((1,2,3,4,5,6,7,8,1))),$);
#2538=IFCARBITRARYCLOSEDPROFILEDEF(.AREA.,$,#2537);
#2539=IFCCARTESIANPOINT((-0.025000002235174179,0.05000000074505806,0.));
#2540=IFCDIRECTION((0.,-1.,0.));
#2541=IFCDIRECTION((1.,0.,0.));
#2542=IFCAXIS2PLACEMENT3D(#2539,#2540,#2541);
#2543=IFCDIRECTION((0.,0.,-1.));
#2544=IFCEXTRUDEDAREASOLID(#2538,#2542,#2543,0.004999999888241291);
#2545=IFCCARTESIANPOINTLIST2D(((0.,0.),(0.84999997541308403,0.),(0.84999997541308403,0.035000000149011612),(0.,0.035000000149011612)));
#2546=IFCINDEXEDPOLYCURVE(#2545,(IFCLINEINDEX((1,2,3,4,1))),$);
#2547=IFCARBITRARYCLOSEDPROFILEDEF(.AREA.,$,#2546);
#2548=IFCCARTESIANPOINT((0.02500000037252903,0.02500000037252903,0.02500000037252903));
#2549=IFCDIRECTION((0.,0.,1.));
#2550=IFCDIRECTION((1.,0.,0.));
#2551=IFCAXIS2PLACEMENT3D(#2548,#2549,#2550);
#2552=IFCDIRECTION((0.,0.,1.));
#2553=IFCEXTRUDEDAREASOLID(#2547,#2551,#2552,1.9499999992549419);
#2554=IFCCARTESIANPOINTLIST2D(((0.,0.),(0.,-0.040000000000000001),(0.12,-0.040000000000000001),(0.12,-0.02),(0.02,-0.02),(0.02,0.)));
#2555=IFCINDEXEDPOLYCURVE(#2554,(IFCLINEINDEX((1,2,3,4,5,6,1))),$);
#2556=IFCARBITRARYCLOSEDPROFILEDEF(.AREA.,$,#2555);
#2557=IFCCARTESIANPOINT((0.075000000372529033,0.02500000037252903,1.015000000372529));
#2558=IFCDIRECTION((0.,0.,1.));
#2559=IFCDIRECTION((1.,0.,0.));
#2560=IFCAXIS2PLACEMENT3D(#2557,#2558,#2559);
#2561=IFCDIRECTION((0.,0.,1.));
#2562=IFCEXTRUDEDAREASOLID(#2556,#2560,#2561,0.02);
#2563=IFCEXTRUDEDAREASOLID(#2564,#2567,#2571,0.02);
#2564=IFCARBITRARYCLOSEDPROFILEDEF(.AREA.,$,#2565);
#2565=IFCINDEXEDPOLYCURVE(#2566,(IFCLINEINDEX((1,2,3,4,5,6,1))),$);
#2566=IFCCARTESIANPOINTLIST2D(((0.,0.),(0.,0.040000000000000008),(0.11999999999999998,0.040000000000000008),(0.11999999999999998,0.020000000000000004),(0.020000000000000004,0.020000000000000004),(0.020000000000000004,0.)));
#2567=IFCAXIS2PLACEMENT3D(#2568,#2569,#2570);
#2568=IFCCARTESIANPOINT((0.075000000372529033,0.060000000521540642,1.015000000372529));
#2569=IFCDIRECTION((0.,0.,1.));
#2570=IFCDIRECTION((1.,0.,0.));
#2571=IFCDIRECTION((0.,0.,1.));
#2572=IFCSHAPEREPRESENTATION(#11,'Body','SweptSolid',(#2517,#2553,#2562,#2563,#2526,#2535,#2544));
#2573=IFCSHAPEREPRESENTATION(#11,'Body','SweptSolid',(#2517,#2526,#2535,#2544));
#2574=IFCSHAPEASPECT((#2573),'Lining',$,.T.,#2435);
#2575=IFCSHAPEREPRESENTATION(#11,'Body','SweptSolid',(#2553,#2562,#2563));
#2576=IFCSHAPEASPECT((#2575),'Framing',$,.T.,#2435);
#2577=IFCCARTESIANPOINTLIST2D(((0.,0.),(0.02500000037252903,0.),(0.02500000037252903,0.05000000074505806),(0.,0.05000000074505806)));
#2578=IFCINDEXEDPOLYCURVE(#2577,(IFCLINEINDEX((1,2,3,4,1))),$);
#2579=IFCINDEXEDPOLYCURVE(#2580,(IFCLINEINDEX((1,2,3,4,1))),$);
#2580=IFCCARTESIANPOINTLIST2D(((0.89999997615814209,0.),(0.87499997578561306,0.),(0.87499997578561306,0.05000000074505806),(0.89999997615814209,0.05000000074505806)));
#2581=IFCCARTESIANPOINTLIST2D(((0.87499997578561306,0.05000000074505806),(0.87499997578561306,-0.79999997466802597),(0.83999997563660145,-0.79999997466802597)));
#2582=IFCINDEXEDPOLYCURVE(#2581,$,$);
#2583=IFCDIRECTION((1.,0.));
#2584=IFCCARTESIANPOINT((0.83999997563660145,0.05000000074505806));
#2585=IFCAXIS2PLACEMENT2D(#2584,#2583);
#2586=IFCELLIPSE(#2585,0.81499997526407242,0.84999997541308403);
#2587=IFCCARTESIANPOINT((0.83999997563660145,0.89999997615814209));
#2588=IFCCARTESIANPOINT((0.83999997563660145,-0.79999997466802597));
#2589=IFCTRIMMEDCURVE(#2586,(#2587),(#2588),.T.,.CARTESIAN.);
#2590=IFCCARTESIANPOINTLIST2D(((0.87499997578561306,0.05000000074505806),(0.83999997563660145,0.05000000074505806),(0.83999997563660145,0.89999997615814209),(0.87499997578561306,0.89999997615814209)));
#2591=IFCINDEXEDPOLYCURVE(#2590,(IFCLINEINDEX((1,2,3,4,1))),$);
#2592=IFCSHAPEREPRESENTATION(#24,'Body','Curve2D',(#2578,#2579,#2582,#2589,#2591));
#2593=IFCCARTESIANPOINTLIST2D(((0.,0.),(0.89999997615814209,0.),(0.89999997615814209,2.),(0.,2.)));
#2594=IFCINDEXEDPOLYCURVE(#2593,(IFCLINEINDEX((1,2,3,4,1))),$);
#2595=IFCARBITRARYCLOSEDPROFILEDEF(.AREA.,$,#2594);
#2596=IFCCARTESIANPOINT((0.,-0.60000002384185791,0.));
#2597=IFCDIRECTION((0.,-1.,0.));
#2598=IFCDIRECTION((1.,0.,0.));
#2599=IFCAXIS2PLACEMENT3D(#2596,#2597,#2598);
#2600=IFCDIRECTION((0.,0.,-1.));
#2601=IFCEXTRUDEDAREASOLID(#2595,#2599,#2600,1.2);
#2602=IFCSHAPEREPRESENTATION(#11,'Body','SweptSolid',(#2601));
#2608=IFCCARTESIANPOINT((1.4101411364972618,1.7055729106818518E-08,0.));
#2609=IFCDIRECTION((0.,0.,1.));
#2610=IFCDIRECTION((0.99999999999997147,-2.384185719961227E-07,0.));
#2611=IFCAXIS2PLACEMENT3D(#2608,#2609,#2610);
#2612=IFCLOCALPLACEMENT(#828,#2611);
#2613=IFCCARTESIANPOINT((0.,0.,0.));
#2614=IFCDIRECTION((0.,0.,1.));
#2615=IFCDIRECTION((1.,5.2939559203393771E-23,0.));
#2616=IFCAXIS2PLACEMENT3D(#2613,#2614,#2615);
#2617=IFCLOCALPLACEMENT(#2612,#2616);
#2618=IFCDOORTYPE('2R$EPgfKHF0QVh6Hoz2Kh8',$,'BATHROOM-GF',$,$,(#2619),(#2621,#2629,#2707),$,$,.DOOR.,.SINGLE_SWING_LEFT.,$,$);
#2619=IFCPROPERTYSET('3RE8essHDFjhRvRsxaiseN',$,'BBIM_Door',$,(#2620));
#2620=IFCPROPERTYSINGLEVALUE('Data',$,IFCTEXT('{"door_type": "SINGLE_SWING_LEFT", "overall_height": 2.0, "overall_width": 0.64478600025177, "lining_properties": {"lining_depth": 0.05000000074505806, "lining_thickness": 0.05000000074505806, "lining_offset": 0.0, "lining_to_panel_offset_x": 0.02500000037252903, "lining_to_panel_offset_y": 0.02500000037252903, "transom_thickness": 0.0, "casing_thickness": 0.07500000298023224, "casing_depth": 0.004999999888241291, "threshold_thickness": 0.02500000037252903, "threshold_depth": 0.10000000149011612, "threshold_offset": 0.0}, "panel_properties": {"panel_depth": 0.03500000014901161, "panel_width_ratio": 1.0}}'),$);
#2621=IFCREPRESENTATIONMAP(#2622,#3107);
#2622=IFCAXIS2PLACEMENT3D(#2623,#2624,#2625);
#2623=IFCCARTESIANPOINT((0.,0.,0.));
#2624=IFCDIRECTION((0.,0.,1.));
#2625=IFCDIRECTION((1.,0.,0.));
#2629=IFCREPRESENTATIONMAP(#2630,#3180);
#2630=IFCAXIS2PLACEMENT3D(#2631,#2632,#2633);
#2631=IFCCARTESIANPOINT((0.,0.,0.));
#2632=IFCDIRECTION((0.,0.,1.));
#2633=IFCDIRECTION((1.,0.,0.));
#2707=IFCREPRESENTATIONMAP(#2708,#3194);
#2708=IFCAXIS2PLACEMENT3D(#2709,#2710,#2711);
#2709=IFCCARTESIANPOINT((0.,0.,0.));
#2710=IFCDIRECTION((0.,0.,1.));
#2711=IFCDIRECTION((1.,0.,0.));
#2791=IFCDOOR('3ZMN1rENDCSe09pBVTglr4',$,'Door',$,$,#3219,#2800,$,2.,0.64478600025177002,$,.SINGLE_SWING_LEFT.,$);
#2792=IFCRELDEFINESBYTYPE('2kBro0Q_nFEfafdPZdeiWC',$,$,$,(#2791),#2618);
#2793=IFCCARTESIANPOINT((0.,0.,0.));
#2794=IFCDIRECTION((1.,0.,0.));
#2795=IFCDIRECTION((0.,1.,0.));
#2796=IFCDIRECTION((0.,0.,1.));
#2797=IFCCARTESIANTRANSFORMATIONOPERATOR3D(#2794,#2795,#2793,1.,#2796);
#2798=IFCMAPPEDITEM(#2621,#2797);
#2799=IFCSHAPEREPRESENTATION(#18,'Profile','MappedRepresentation',(#2798));
#2800=IFCPRODUCTDEFINITIONSHAPE($,$,(#2799,#2807,#2814));
#2801=IFCCARTESIANPOINT((0.,0.,0.));
#2802=IFCDIRECTION((1.,0.,0.));
#2803=IFCDIRECTION((0.,1.,0.));
#2804=IFCDIRECTION((0.,0.,1.));
#2805=IFCCARTESIANTRANSFORMATIONOPERATOR3D(#2802,#2803,#2801,1.,#2804);
#2806=IFCMAPPEDITEM(#2629,#2805);
#2807=IFCSHAPEREPRESENTATION(#11,'Body','MappedRepresentation',(#2806));
#2808=IFCCARTESIANPOINT((0.,0.,0.));
#2809=IFCDIRECTION((1.,0.,0.));
#2810=IFCDIRECTION((0.,1.,0.));
#2811=IFCDIRECTION((0.,0.,1.));
#2812=IFCCARTESIANTRANSFORMATIONOPERATOR3D(#2809,#2810,#2808,1.,#2811);
#2813=IFCMAPPEDITEM(#2707,#2812);
#2814=IFCSHAPEREPRESENTATION(#24,'Body','MappedRepresentation',(#2813));
#2815=IFCOPENINGELEMENT('3hKBMK$7XEwhPoTQwiIEiT',$,'Opening',$,$,#3214,#2843,$,.OPENING.);
#2831=IFCCARTESIANPOINT((0.,0.,0.));
#2832=IFCDIRECTION((1.,0.,0.));
#2833=IFCDIRECTION((0.,0.,1.));
#2834=IFCAXIS2PLACEMENT3D(#2831,#2833,#2832);
#2835=IFCREPRESENTATIONMAP(#2834,#3204);
#2836=IFCCARTESIANPOINT((0.,0.,0.));
#2837=IFCDIRECTION((1.,0.,0.));
#2838=IFCDIRECTION((0.,1.,0.));
#2839=IFCDIRECTION((0.,0.,1.));
#2840=IFCCARTESIANTRANSFORMATIONOPERATOR3D(#2837,#2838,#2836,1.,#2839);
#2841=IFCMAPPEDITEM(#2835,#2840);
#2842=IFCSHAPEREPRESENTATION(#11,'Body','MappedRepresentation',(#2841));
#2843=IFCPRODUCTDEFINITIONSHAPE($,$,(#2842));
#2844=IFCRELVOIDSELEMENT('1Fa_VaceX9nBQQZZy1TmjN',$,$,$,#957,#2815);
#2850=IFCRELFILLSELEMENT('30CJAbF_rCavjmgL0mOejc',$,$,$,#2815,#2791);
#2859=IFCCARTESIANPOINTLIST2D(((0.,0.),(0.,2.),(0.69571602344512939,2.),(0.69571602344512939,0.),(0.67071602307260036,0.),(0.67071602307260036,1.974999999627471),(0.02500000037252903,1.974999999627471),(0.02500000037252903,0.)));
#2860=IFCINDEXEDPOLYCURVE(#2859,(IFCLINEINDEX((1,2,3,4,5,6,7,8,1))),$);
#2861=IFCARBITRARYCLOSEDPROFILEDEF(.AREA.,$,#2860);
#2862=IFCCARTESIANPOINT((0.,0.02500000037252903,0.));
#2863=IFCDIRECTION((0.,-1.,0.));
#2864=IFCDIRECTION((1.,0.,0.));
#2865=IFCAXIS2PLACEMENT3D(#2862,#2863,#2864);
#2866=IFCDIRECTION((0.,0.,-1.));
#2867=IFCEXTRUDEDAREASOLID(#2861,#2865,#2866,0.02500000037252903);
#2868=IFCCARTESIANPOINTLIST2D(((0.,0.),(0.,2.),(0.69571602344512939,2.),(0.69571602344512939,0.),(0.64571602270007133,0.),(0.64571602270007133,1.9499999992549419),(0.05000000074505806,1.9499999992549419),(0.05000000074505806,0.)));
#2869=IFCINDEXEDPOLYCURVE(#2868,(IFCLINEINDEX((1,2,3,4,5,6,7,8,1))),$);
#2870=IFCARBITRARYCLOSEDPROFILEDEF(.AREA.,$,#2869);
#2871=IFCCARTESIANPOINT((0.,0.,0.));
#2872=IFCDIRECTION((0.,-1.,0.));
#2873=IFCDIRECTION((1.,0.,0.));
#2874=IFCAXIS2PLACEMENT3D(#2871,#2872,#2873);
#2875=IFCDIRECTION((0.,0.,-1.));
#2876=IFCEXTRUDEDAREASOLID(#2870,#2874,#2875,0.02500000037252903);
#2877=IFCCARTESIANPOINTLIST2D(((0.,0.),(0.59571602195501328,0.),(0.59571602195501328,0.10000000149011612),(0.,0.10000000149011612)));
#2878=IFCINDEXEDPOLYCURVE(#2877,(IFCLINEINDEX((1,2,3,4,1))),$);
#2879=IFCARBITRARYCLOSEDPROFILEDEF(.AREA.,$,#2878);
#2880=IFCCARTESIANPOINT((0.05000000074505806,0.,0.));
#2881=IFCDIRECTION((0.,0.,1.));
#2882=IFCDIRECTION((1.,0.,0.));
#2883=IFCAXIS2PLACEMENT3D(#2880,#2881,#2882);
#2884=IFCDIRECTION((0.,0.,1.));
#2885=IFCEXTRUDEDAREASOLID(#2879,#2883,#2884,0.02500000037252903);
#2886=IFCCARTESIANPOINTLIST2D(((0.,0.),(0.,2.0250000022351742),(0.74571602791547775,2.0250000022351742),(0.74571602791547775,0.),(0.67071602493524551,0.),(0.67071602493524551,1.9499999992549419),(0.075000002980232239,1.9499999992549419),(0.075000002980232239,0.)));
#2887=IFCINDEXEDPOLYCURVE(#2886,(IFCLINEINDEX((1,2,3,4,5,6,7,8,1))),$);
#2888=IFCARBITRARYCLOSEDPROFILEDEF(.AREA.,$,#2887);
#2889=IFCCARTESIANPOINT((-0.025000002235174179,-0.004999999888241291,0.));
#2890=IFCDIRECTION((0.,-1.,0.));
#2891=IFCDIRECTION((1.,0.,0.));
#2892=IFCAXIS2PLACEMENT3D(#2889,#2890,#2891);
#2893=IFCDIRECTION((0.,0.,-1.));
#2894=IFCEXTRUDEDAREASOLID(#2888,#2892,#2893,0.004999999888241291);
#2895=IFCCARTESIANPOINTLIST2D(((0.,0.),(0.,2.0250000022351742),(0.74571602791547775,2.0250000022351742),(0.74571602791547775,0.),(0.69571602530777454,0.),(0.69571602530777454,1.974999999627471),(0.050000002607703209,1.974999999627471),(0.050000002607703209,0.)));
#2896=IFCINDEXEDPOLYCURVE(#2895,(IFCLINEINDEX((1,2,3,4,5,6,7,8,1))),$);
#2897=IFCARBITRARYCLOSEDPROFILEDEF(.AREA.,$,#2896);
#2898=IFCCARTESIANPOINT((-0.025000002235174179,0.05000000074505806,0.));
#2899=IFCDIRECTION((0.,-1.,0.));
#2900=IFCDIRECTION((1.,0.,0.));
#2901=IFCAXIS2PLACEMENT3D(#2898,#2899,#2900);
#2902=IFCDIRECTION((0.,0.,-1.));
#2903=IFCEXTRUDEDAREASOLID(#2897,#2901,#2902,0.004999999888241291);
#2904=IFCCARTESIANPOINTLIST2D(((0.,0.),(0.64571602270007133,0.),(0.64571602270007133,0.035000000149011612),(0.,0.035000000149011612)));
#2905=IFCINDEXEDPOLYCURVE(#2904,(IFCLINEINDEX((1,2,3,4,1))),$);
#2906=IFCARBITRARYCLOSEDPROFILEDEF(.AREA.,$,#2905);
#2907=IFCCARTESIANPOINT((0.02500000037252903,0.02500000037252903,0.02500000037252903));
#2908=IFCDIRECTION((0.,0.,1.));
#2909=IFCDIRECTION((1.,0.,0.));
#2910=IFCAXIS2PLACEMENT3D(#2907,#2908,#2909);
#2911=IFCDIRECTION((0.,0.,1.));
#2912=IFCEXTRUDEDAREASOLID(#2906,#2910,#2911,1.9499999992549419);
#2913=IFCCARTESIANPOINTLIST2D(((0.,0.),(0.,-0.040000000000000001),(-0.11999999999999988,-0.040000000000000001),(-0.11999999999999988,-0.02),(-0.020000000000000018,-0.02),(-0.020000000000000018,0.)));
#2914=IFCINDEXEDPOLYCURVE(#2913,(IFCLINEINDEX((1,2,3,4,5,6,1))),$);
#2915=IFCARBITRARYCLOSEDPROFILEDEF(.AREA.,$,#2914);
#2916=IFCCARTESIANPOINT((0.62071602307260032,0.02500000037252903,1.015000000372529));
#2917=IFCDIRECTION((0.,0.,1.));
#2918=IFCDIRECTION((1.,0.,0.));
#2919=IFCAXIS2PLACEMENT3D(#2916,#2917,#2918);
#2920=IFCDIRECTION((0.,0.,1.));
#2921=IFCEXTRUDEDAREASOLID(#2915,#2919,#2920,0.02);
#2922=IFCEXTRUDEDAREASOLID(#2923,#2926,#2930,0.02);
#2923=IFCARBITRARYCLOSEDPROFILEDEF(.AREA.,$,#2924);
#2924=IFCINDEXEDPOLYCURVE(#2925,(IFCLINEINDEX((1,2,3,4,5,6,1))),$);
#2925=IFCCARTESIANPOINTLIST2D(((0.,0.),(0.,0.040000000000000008),(-0.11999999999999988,0.040000000000000008),(-0.11999999999999988,0.020000000000000004),(-0.020000000000000018,0.020000000000000004),(-0.020000000000000018,0.)));
#2926=IFCAXIS2PLACEMENT3D(#2927,#2928,#2929);
#2927=IFCCARTESIANPOINT((0.62071602307260032,0.060000000521540642,1.015000000372529));
#2928=IFCDIRECTION((0.,0.,1.));
#2929=IFCDIRECTION((1.,0.,0.));
#2930=IFCDIRECTION((0.,0.,1.));
#2932=IFCSHAPEREPRESENTATION(#11,'Body','SweptSolid',(#3125,#2903,#2894,#3019,#3152,#3010,#2885,#3143,#3116,#2876,#3028,#3001,#3134,#2867,#3037));
#2933=IFCSHAPEASPECT((#2932),'Lining',$,.T.,#2800);
#2934=IFCSHAPEREPRESENTATION(#11,'Body','SweptSolid',(#3161,#2922,#3046,#3170,#3171,#3055,#3056,#2921,#2912));
#2935=IFCSHAPEASPECT((#2934),'Framing',$,.T.,#2800);
#2993=IFCCARTESIANPOINTLIST2D(((0.,0.),(0.,2.),(0.64478600025177002,2.),(0.64478600025177002,0.),(0.61978599987924099,0.),(0.61978599987924099,1.974999999627471),(0.02500000037252903,1.974999999627471),(0.02500000037252903,0.)));
#2994=IFCINDEXEDPOLYCURVE(#2993,(IFCLINEINDEX((1,2,3,4,5,6,7,8,1))),$);
#2995=IFCARBITRARYCLOSEDPROFILEDEF(.AREA.,$,#2994);
#2996=IFCCARTESIANPOINT((0.,0.02500000037252903,0.));
#2997=IFCDIRECTION((0.,-1.,0.));
#2998=IFCDIRECTION((1.,0.,0.));
#2999=IFCAXIS2PLACEMENT3D(#2996,#2997,#2998);
#3000=IFCDIRECTION((0.,0.,-1.));
#3001=IFCEXTRUDEDAREASOLID(#2995,#2999,#3000,0.02500000037252903);
#3002=IFCCARTESIANPOINTLIST2D(((0.,0.),(0.,2.),(0.64478600025177002,2.),(0.64478600025177002,0.),(0.59478599950671196,0.),(0.59478599950671196,1.9499999992549419),(0.05000000074505806,1.9499999992549419),(0.05000000074505806,0.)));
#3003=IFCINDEXEDPOLYCURVE(#3002,(IFCLINEINDEX((1,2,3,4,5,6,7,8,1))),$);
#3004=IFCARBITRARYCLOSEDPROFILEDEF(.AREA.,$,#3003);
#3005=IFCCARTESIANPOINT((0.,0.,0.));
#3006=IFCDIRECTION((0.,-1.,0.));
#3007=IFCDIRECTION((1.,0.,0.));
#3008=IFCAXIS2PLACEMENT3D(#3005,#3006,#3007);
#3009=IFCDIRECTION((0.,0.,-1.));
#3010=IFCEXTRUDEDAREASOLID(#3004,#3008,#3009,0.02500000037252903);
#3011=IFCCARTESIANPOINTLIST2D(((0.,0.),(0.5447859987616539,0.),(0.5447859987616539,0.10000000149011612),(0.,0.10000000149011612)));
#3012=IFCINDEXEDPOLYCURVE(#3011,(IFCLINEINDEX((1,2,3,4,1))),$);
#3013=IFCARBITRARYCLOSEDPROFILEDEF(.AREA.,$,#3012);
#3014=IFCCARTESIANPOINT((0.05000000074505806,0.,0.));
#3015=IFCDIRECTION((0.,0.,1.));
#3016=IFCDIRECTION((1.,0.,0.));
#3017=IFCAXIS2PLACEMENT3D(#3014,#3015,#3016);
#3018=IFCDIRECTION((0.,0.,1.));
#3019=IFCEXTRUDEDAREASOLID(#3013,#3017,#3018,0.02500000037252903);
#3020=IFCCARTESIANPOINTLIST2D(((0.,0.),(0.,2.0250000022351742),(0.69478600472211838,2.0250000022351742),(0.69478600472211838,0.),(0.61978600174188614,0.),(0.61978600174188614,1.9499999992549419),(0.075000002980232239,1.9499999992549419),(0.075000002980232239,0.)));
#3021=IFCINDEXEDPOLYCURVE(#3020,(IFCLINEINDEX((1,2,3,4,5,6,7,8,1))),$);
#3022=IFCARBITRARYCLOSEDPROFILEDEF(.AREA.,$,#3021);
#3023=IFCCARTESIANPOINT((-0.025000002235174179,-0.004999999888241291,0.));
#3024=IFCDIRECTION((0.,-1.,0.));
#3025=IFCDIRECTION((1.,0.,0.));
#3026=IFCAXIS2PLACEMENT3D(#3023,#3024,#3025);
#3027=IFCDIRECTION((0.,0.,-1.));
#3028=IFCEXTRUDEDAREASOLID(#3022,#3026,#3027,0.004999999888241291);
#3029=IFCCARTESIANPOINTLIST2D(((0.,0.),(0.,2.0250000022351742),(0.69478600472211838,2.0250000022351742),(0.69478600472211838,0.),(0.64478600211441517,0.),(0.64478600211441517,1.974999999627471),(0.050000002607703209,1.974999999627471),(0.050000002607703209,0.)));
#3030=IFCINDEXEDPOLYCURVE(#3029,(IFCLINEINDEX((1,2,3,4,5,6,7,8,1))),$);
#3031=IFCARBITRARYCLOSEDPROFILEDEF(.AREA.,$,#3030);
#3032=IFCCARTESIANPOINT((-0.025000002235174179,0.05000000074505806,0.));
#3033=IFCDIRECTION((0.,-1.,0.));
#3034=IFCDIRECTION((1.,0.,0.));
#3035=IFCAXIS2PLACEMENT3D(#3032,#3033,#3034);
#3036=IFCDIRECTION((0.,0.,-1.));
#3037=IFCEXTRUDEDAREASOLID(#3031,#3035,#3036,0.004999999888241291);
#3038=IFCCARTESIANPOINTLIST2D(((0.,0.),(0.59478599950671196,0.),(0.59478599950671196,0.035000000149011612),(0.,0.035000000149011612)));
#3039=IFCINDEXEDPOLYCURVE(#3038,(IFCLINEINDEX((1,2,3,4,1))),$);
#3040=IFCARBITRARYCLOSEDPROFILEDEF(.AREA.,$,#3039);
#3041=IFCCARTESIANPOINT((0.02500000037252903,0.02500000037252903,0.02500000037252903));
#3042=IFCDIRECTION((0.,0.,1.));
#3043=IFCDIRECTION((1.,0.,0.));
#3044=IFCAXIS2PLACEMENT3D(#3041,#3042,#3043);
#3045=IFCDIRECTION((0.,0.,1.));
#3046=IFCEXTRUDEDAREASOLID(#3040,#3044,#3045,1.9499999992549419);
#3047=IFCCARTESIANPOINTLIST2D(((0.,0.),(0.,-0.040000000000000001),(-0.11999999999999994,-0.040000000000000001),(-0.11999999999999994,-0.02),(-0.020000000000000018,-0.02),(-0.020000000000000018,0.)));
#3048=IFCINDEXEDPOLYCURVE(#3047,(IFCLINEINDEX((1,2,3,4,5,6,1))),$);
#3049=IFCARBITRARYCLOSEDPROFILEDEF(.AREA.,$,#3048);
#3050=IFCCARTESIANPOINT((0.56978599987924095,0.02500000037252903,1.015000000372529));
#3051=IFCDIRECTION((0.,0.,1.));
#3052=IFCDIRECTION((1.,0.,0.));
#3053=IFCAXIS2PLACEMENT3D(#3050,#3051,#3052);
#3054=IFCDIRECTION((0.,0.,1.));
#3055=IFCEXTRUDEDAREASOLID(#3049,#3053,#3054,0.02);
#3056=IFCEXTRUDEDAREASOLID(#3057,#3060,#3064,0.02);
#3057=IFCARBITRARYCLOSEDPROFILEDEF(.AREA.,$,#3058);
#3058=IFCINDEXEDPOLYCURVE(#3059,(IFCLINEINDEX((1,2,3,4,5,6,1))),$);
#3059=IFCCARTESIANPOINTLIST2D(((0.,0.),(0.,0.040000000000000008),(-0.11999999999999994,0.040000000000000008),(-0.11999999999999994,0.020000000000000004),(-0.020000000000000018,0.020000000000000004),(-0.020000000000000018,0.)));
#3060=IFCAXIS2PLACEMENT3D(#3061,#3062,#3063);
#3061=IFCCARTESIANPOINT((0.56978599987924095,0.060000000521540642,1.015000000372529));
#3062=IFCDIRECTION((0.,0.,1.));
#3063=IFCDIRECTION((1.,0.,0.));
#3064=IFCDIRECTION((0.,0.,1.));
#3105=IFCCARTESIANPOINTLIST3D(((0.,0.,0.),(0.64478600025177002,0.,0.),(0.64478600025177002,0.,2.),(0.,0.,2.)));
#3106=IFCINDEXEDPOLYCURVE(#3105,(IFCLINEINDEX((1,2,3,4,1))),$);
#3107=IFCSHAPEREPRESENTATION(#18,'Profile','Curve3D',(#3106));
#3108=IFCCARTESIANPOINTLIST2D(((0.,0.),(0.,2.),(0.64478600025177002,2.),(0.64478600025177002,0.),(0.61978599987924099,0.),(0.61978599987924099,1.974999999627471),(0.02500000037252903,1.974999999627471),(0.02500000037252903,0.)));
#3109=IFCINDEXEDPOLYCURVE(#3108,(IFCLINEINDEX((1,2,3,4,5,6,7,8,1))),$);
#3110=IFCARBITRARYCLOSEDPROFILEDEF(.AREA.,$,#3109);
#3111=IFCCARTESIANPOINT((0.,0.02500000037252903,0.));
#3112=IFCDIRECTION((0.,-1.,0.));
#3113=IFCDIRECTION((1.,0.,0.));
#3114=IFCAXIS2PLACEMENT3D(#3111,#3112,#3113);
#3115=IFCDIRECTION((0.,0.,-1.));
#3116=IFCEXTRUDEDAREASOLID(#3110,#3114,#3115,0.02500000037252903);
#3117=IFCCARTESIANPOINTLIST2D(((0.,0.),(0.,2.),(0.64478600025177002,2.),(0.64478600025177002,0.),(0.59478599950671196,0.),(0.59478599950671196,1.9499999992549419),(0.05000000074505806,1.9499999992549419),(0.05000000074505806,0.)));
#3118=IFCINDEXEDPOLYCURVE(#3117,(IFCLINEINDEX((1,2,3,4,5,6,7,8,1))),$);
#3119=IFCARBITRARYCLOSEDPROFILEDEF(.AREA.,$,#3118);
#3120=IFCCARTESIANPOINT((0.,0.,0.));
#3121=IFCDIRECTION((0.,-1.,0.));
#3122=IFCDIRECTION((1.,0.,0.));
#3123=IFCAXIS2PLACEMENT3D(#3120,#3121,#3122);
#3124=IFCDIRECTION((0.,0.,-1.));
#3125=IFCEXTRUDEDAREASOLID(#3119,#3123,#3124,0.02500000037252903);
#3126=IFCCARTESIANPOINTLIST2D(((0.,0.),(0.5447859987616539,0.),(0.5447859987616539,0.10000000149011612),(0.,0.10000000149011612)));
#3127=IFCINDEXEDPOLYCURVE(#3126,(IFCLINEINDEX((1,2,3,4,1))),$);
#3128=IFCARBITRARYCLOSEDPROFILEDEF(.AREA.,$,#3127);
#3129=IFCCARTESIANPOINT((0.05000000074505806,0.,0.));
#3130=IFCDIRECTION((0.,0.,1.));
#3131=IFCDIRECTION((1.,0.,0.));
#3132=IFCAXIS2PLACEMENT3D(#3129,#3130,#3131);
#3133=IFCDIRECTION((0.,0.,1.));
#3134=IFCEXTRUDEDAREASOLID(#3128,#3132,#3133,0.02500000037252903);
#3135=IFCCARTESIANPOINTLIST2D(((0.,0.),(0.,2.0250000022351742),(0.69478600472211838,2.0250000022351742),(0.69478600472211838,0.),(0.61978600174188614,0.),(0.61978600174188614,1.9499999992549419),(0.075000002980232239,1.9499999992549419),(0.075000002980232239,0.)));
#3136=IFCINDEXEDPOLYCURVE(#3135,(IFCLINEINDEX((1,2,3,4,5,6,7,8,1))),$);
#3137=IFCARBITRARYCLOSEDPROFILEDEF(.AREA.,$,#3136);
#3138=IFCCARTESIANPOINT((-0.025000002235174179,-0.004999999888241291,0.));
#3139=IFCDIRECTION((0.,-1.,0.));
#3140=IFCDIRECTION((1.,0.,0.));
#3141=IFCAXIS2PLACEMENT3D(#3138,#3139,#3140);
#3142=IFCDIRECTION((0.,0.,-1.));
#3143=IFCEXTRUDEDAREASOLID(#3137,#3141,#3142,0.004999999888241291);
#3144=IFCCARTESIANPOINTLIST2D(((0.,0.),(0.,2.0250000022351742),(0.69478600472211838,2.0250000022351742),(0.69478600472211838,0.),(0.64478600211441517,0.),(0.64478600211441517,1.974999999627471),(0.050000002607703209,1.974999999627471),(0.050000002607703209,0.)));
#3145=IFCINDEXEDPOLYCURVE(#3144,(IFCLINEINDEX((1,2,3,4,5,6,7,8,1))),$);
#3146=IFCARBITRARYCLOSEDPROFILEDEF(.AREA.,$,#3145);
#3147=IFCCARTESIANPOINT((-0.025000002235174179,0.05000000074505806,0.));
#3148=IFCDIRECTION((0.,-1.,0.));
#3149=IFCDIRECTION((1.,0.,0.));
#3150=IFCAXIS2PLACEMENT3D(#3147,#3148,#3149);
#3151=IFCDIRECTION((0.,0.,-1.));
#3152=IFCEXTRUDEDAREASOLID(#3146,#3150,#3151,0.004999999888241291);
#3153=IFCCARTESIANPOINTLIST2D(((0.,0.),(0.59478599950671196,0.),(0.59478599950671196,0.035000000149011612),(0.,0.035000000149011612)));
#3154=IFCINDEXEDPOLYCURVE(#3153,(IFCLINEINDEX((1,2,3,4,1))),$);
#3155=IFCARBITRARYCLOSEDPROFILEDEF(.AREA.,$,#3154);
#3156=IFCCARTESIANPOINT((0.02500000037252903,0.02500000037252903,0.02500000037252903));
#3157=IFCDIRECTION((0.,0.,1.));
#3158=IFCDIRECTION((1.,0.,0.));
#3159=IFCAXIS2PLACEMENT3D(#3156,#3157,#3158);
#3160=IFCDIRECTION((0.,0.,1.));
#3161=IFCEXTRUDEDAREASOLID(#3155,#3159,#3160,1.9499999992549419);
#3162=IFCCARTESIANPOINTLIST2D(((0.,0.),(0.,-0.040000000000000001),(-0.11999999999999994,-0.040000000000000001),(-0.11999999999999994,-0.02),(-0.020000000000000018,-0.02),(-0.020000000000000018,0.)));
#3163=IFCINDEXEDPOLYCURVE(#3162,(IFCLINEINDEX((1,2,3,4,5,6,1))),$);
#3164=IFCARBITRARYCLOSEDPROFILEDEF(.AREA.,$,#3163);
#3165=IFCCARTESIANPOINT((0.56978599987924095,0.02500000037252903,1.015000000372529));
#3166=IFCDIRECTION((0.,0.,1.));
#3167=IFCDIRECTION((1.,0.,0.));
#3168=IFCAXIS2PLACEMENT3D(#3165,#3166,#3167);
#3169=IFCDIRECTION((0.,0.,1.));
#3170=IFCEXTRUDEDAREASOLID(#3164,#3168,#3169,0.02);
#3171=IFCEXTRUDEDAREASOLID(#3172,#3175,#3179,0.02);
#3172=IFCARBITRARYCLOSEDPROFILEDEF(.AREA.,$,#3173);
#3173=IFCINDEXEDPOLYCURVE(#3174,(IFCLINEINDEX((1,2,3,4,5,6,1))),$);
#3174=IFCCARTESIANPOINTLIST2D(((0.,0.),(0.,0.040000000000000008),(-0.11999999999999994,0.040000000000000008),(-0.11999999999999994,0.020000000000000004),(-0.020000000000000018,0.020000000000000004),(-0.020000000000000018,0.)));
#3175=IFCAXIS2PLACEMENT3D(#3176,#3177,#3178);
#3176=IFCCARTESIANPOINT((0.56978599987924095,0.060000000521540642,1.015000000372529));
#3177=IFCDIRECTION((0.,0.,1.));
#3178=IFCDIRECTION((1.,0.,0.));
#3179=IFCDIRECTION((0.,0.,1.));
#3180=IFCSHAPEREPRESENTATION(#11,'Body','SweptSolid',(#3116,#3125,#3161,#3170,#3171,#3134,#3143,#3152));
#3181=IFCCARTESIANPOINTLIST2D(((0.,0.),(0.,0.05000000074505806),(0.02500000037252903,0.05000000074505806),(0.02500000037252903,0.02500000037252903),(0.05000000074505806,0.02500000037252903),(0.05000000074505806,0.)));
#3182=IFCINDEXEDPOLYCURVE(#3181,(IFCLINEINDEX((1,2,3,4,5,6,1))),$);
#3183=IFCINDEXEDPOLYCURVE(#3184,(IFCLINEINDEX((1,2,3,4,5,6,1))),$);
#3184=IFCCARTESIANPOINTLIST2D(((0.64478600025177002,0.),(0.64478600025177002,0.05000000074505806),(0.61978599987924099,0.05000000074505806),(0.61978599987924099,0.02500000037252903),(0.59478599950671196,0.02500000037252903),(0.59478599950671196,0.)));
#3185=IFCDIRECTION((1.,0.));
#3186=IFCCARTESIANPOINT((0.060000000521540642,0.05000000074505806));
#3187=IFCAXIS2PLACEMENT2D(#3186,#3185);
#3188=IFCELLIPSE(#3187,0.55978599935770035,0.59478599950671196);
#3189=IFCCARTESIANPOINT((0.61978599987924099,0.05000000074505806));
#3190=IFCCARTESIANPOINT((0.060000000521540642,0.64478600025177002));
#3191=IFCTRIMMEDCURVE(#3188,(#3189),(#3190),.T.,.CARTESIAN.);
#3192=IFCCARTESIANPOINTLIST2D(((0.02500000037252903,0.05000000074505806),(0.060000000521540642,0.05000000074505806),(0.060000000521540642,0.64478600025177002),(0.02500000037252903,0.64478600025177002)));
#3193=IFCINDEXEDPOLYCURVE(#3192,(IFCLINEINDEX((1,2,3,4,1))),$);
#3194=IFCSHAPEREPRESENTATION(#24,'Body','Curve2D',(#3182,#3183,#3191,#3193));
#3195=IFCCARTESIANPOINTLIST2D(((0.,0.),(0.64478600025177002,0.),(0.64478600025177002,2.),(0.,2.)));
#3196=IFCINDEXEDPOLYCURVE(#3195,(IFCLINEINDEX((1,2,3,4,1))),$);
#3197=IFCARBITRARYCLOSEDPROFILEDEF(.AREA.,$,#3196);
#3198=IFCCARTESIANPOINT((0.,-0.60000002384185791,0.));
#3199=IFCDIRECTION((0.,-1.,0.));
#3200=IFCDIRECTION((1.,0.,0.));
#3201=IFCAXIS2PLACEMENT3D(#3198,#3199,#3200);
#3202=IFCDIRECTION((0.,0.,-1.));
#3203=IFCEXTRUDEDAREASOLID(#3197,#3201,#3202,1.2);
#3204=IFCSHAPEREPRESENTATION(#11,'Body','SweptSolid',(#3203));
#3210=IFCCARTESIANPOINT((0.1044270992278804,1.3954199595822558E-07,0.));
#3211=IFCDIRECTION((0.,0.,1.));
#3212=IFCDIRECTION((0.99999999999999289,-1.1920928955077312E-07,0.));
#3213=IFCAXIS2PLACEMENT3D(#3210,#3211,#3212);
#3214=IFCLOCALPLACEMENT(#999,#3213);
#3215=IFCCARTESIANPOINT((-4.4408920985006262E-16,0.,0.));
#3216=IFCDIRECTION((0.,0.,1.));
#3217=IFCDIRECTION((1.,0.,0.));
#3218=IFCAXIS2PLACEMENT3D(#3215,#3216,#3217);
#3219=IFCLOCALPLACEMENT(#3214,#3218);
#3220=IFCDOORTYPE('3KJeGDdoH5Nu768xIdi_Ua',$,'Maids.GF',$,$,(#3221),(#3223,#3231,#3309,#3686),$,$,.DOOR.,.SINGLE_SWING_LEFT.,$,$);
#3221=IFCPROPERTYSET('3WITjZGNDB$BocKmDfcr6k',$,'BBIM_Door',$,(#3222));
#3222=IFCPROPERTYSINGLEVALUE('Data',$,IFCTEXT('{"door_type": "SLIDING_TO_RIGHT", "overall_height": 2.0, "overall_width": 1.3903898000717163, "lining_properties": {"lining_depth": 0.05000000074505806, "lining_thickness": 0.05000000074505806, "lining_offset": 0.0, "transom_thickness": 0.0, "casing_thickness": 0.07500000298023224, "casing_depth": 0.004999999888241291, "threshold_thickness": 0.02500000037252903, "threshold_depth": 0.10000000149011612, "threshold_offset": 0.0}, "panel_properties": {"panel_depth": 0.05466238036751747, "panel_width_ratio": 1.0}}'),$);
#3223=IFCREPRESENTATIONMAP(#3224,#7161);
#3224=IFCAXIS2PLACEMENT3D(#3225,#3226,#3227);
#3225=IFCCARTESIANPOINT((0.,0.,0.));
#3226=IFCDIRECTION((0.,0.,1.));
#3227=IFCDIRECTION((1.,0.,0.));
#3231=IFCREPRESENTATIONMAP(#3232,#7225);
#3232=IFCAXIS2PLACEMENT3D(#3233,#3234,#3235);
#3233=IFCCARTESIANPOINT((0.,0.,0.));
#3234=IFCDIRECTION((0.,0.,1.));
#3235=IFCDIRECTION((1.,0.,0.));
#3309=IFCREPRESENTATIONMAP(#3310,#7232);
#3310=IFCAXIS2PLACEMENT3D(#3311,#3312,#3313);
#3311=IFCCARTESIANPOINT((0.,0.,0.));
#3312=IFCDIRECTION((0.,0.,1.));
#3313=IFCDIRECTION((1.,0.,0.));
#3682=IFCCARTESIANPOINT((0.,0.,0.));
#3683=IFCDIRECTION((1.,0.,0.));
#3684=IFCDIRECTION((0.,0.,1.));
#3685=IFCAXIS2PLACEMENT3D(#3682,#3684,#3683);
#3686=IFCREPRESENTATIONMAP(#3685,#7237);
#5059=IFCWINDOWTYPE('2QHyru4w9DI9XWrn8Wsy_c',$,'Living-GF',$,$,(#5060),(#5069,#5117,#5139),$,$,.WINDOW.,.SINGLE_PANEL.,$,$);
#5060=IFCPROPERTYSET('0f3czwhtnDVhwWADUcBfyg',$,'BBIM_Window',$,(#5061));
#5061=IFCPROPERTYSINGLEVALUE('Data',$,IFCTEXT('{"window_type": "SINGLE_PANEL", "overall_height": 0.8999999761581421, "overall_width": 0.829849123954773, "lining_properties": {"lining_depth": 0.05000000074505806, "lining_thickness": 0.05000000074505806, "lining_offset": 0.05000000074505806, "lining_to_panel_offset_x": 0.02500000037252903, "lining_to_panel_offset_y": 0.02500000037252903}, "panel_properties": {"frame_depth": [0.03500000014901161, 0.03500000014901161, 0.03500000014901161], "frame_thickness": [0.03500000014901161, 0.03500000014901161, 0.03500000014901161]}}'),$);
#5065=IFCCARTESIANPOINT((0.,0.,0.));
#5066=IFCDIRECTION((1.,0.,0.));
#5067=IFCDIRECTION((0.,0.,1.));
#5068=IFCAXIS2PLACEMENT3D(#5065,#5067,#5066);
#5069=IFCREPRESENTATIONMAP(#5068,#5412);
#5113=IFCCARTESIANPOINT((0.,0.,0.));
#5114=IFCDIRECTION((1.,0.,0.));
#5115=IFCDIRECTION((0.,0.,1.));
#5116=IFCAXIS2PLACEMENT3D(#5113,#5115,#5114);
#5117=IFCREPRESENTATIONMAP(#5116,#5455);
#5135=IFCCARTESIANPOINT((0.,0.,0.));
#5136=IFCDIRECTION((1.,0.,0.));
#5137=IFCDIRECTION((0.,0.,1.));
#5138=IFCAXIS2PLACEMENT3D(#5135,#5137,#5136);
#5139=IFCREPRESENTATIONMAP(#5138,#5472);
#5235=IFCWINDOW('0s09syyMPAKBidhqBMlmML',$,'Window',$,$,#5497,#5245,$,0.89999997615814209,0.82984912395477295,$,.SINGLE_PANEL.,$);
#5237=IFCRELDEFINESBYTYPE('0BnjmIT1TFSQJEkxG2HARe',$,$,$,(#5235),#5059);
#5238=IFCCARTESIANPOINT((0.,0.,0.));
#5239=IFCDIRECTION((1.,0.,0.));
#5240=IFCDIRECTION((0.,1.,0.));
#5241=IFCDIRECTION((0.,0.,1.));
#5242=IFCCARTESIANTRANSFORMATIONOPERATOR3D(#5239,#5240,#5238,1.,#5241);
#5243=IFCMAPPEDITEM(#5069,#5242);
#5244=IFCSHAPEREPRESENTATION(#18,'Profile','MappedRepresentation',(#5243));
#5245=IFCPRODUCTDEFINITIONSHAPE($,$,(#5244,#5252,#5259));
#5246=IFCCARTESIANPOINT((0.,0.,0.));
#5247=IFCDIRECTION((1.,0.,0.));
#5248=IFCDIRECTION((0.,1.,0.));
#5249=IFCDIRECTION((0.,0.,1.));
#5250=IFCCARTESIANTRANSFORMATIONOPERATOR3D(#5247,#5248,#5246,1.,#5249);
#5251=IFCMAPPEDITEM(#5117,#5250);
#5252=IFCSHAPEREPRESENTATION(#11,'Body','MappedRepresentation',(#5251));
#5253=IFCCARTESIANPOINT((0.,0.,0.));
#5254=IFCDIRECTION((1.,0.,0.));
#5255=IFCDIRECTION((0.,1.,0.));
#5256=IFCDIRECTION((0.,0.,1.));
#5257=IFCCARTESIANTRANSFORMATIONOPERATOR3D(#5254,#5255,#5253,1.,#5256);
#5258=IFCMAPPEDITEM(#5139,#5257);
#5259=IFCSHAPEREPRESENTATION(#24,'Body','MappedRepresentation',(#5258));
#5260=IFCOPENINGELEMENT('2$D1TqCerEFxsJgyV7GPZT',$,'Opening',$,$,#5492,#5288,$,.OPENING.);
#5276=IFCCARTESIANPOINT((0.,0.,0.));
#5277=IFCDIRECTION((1.,0.,0.));
#5278=IFCDIRECTION((0.,0.,1.));
#5279=IFCAXIS2PLACEMENT3D(#5276,#5278,#5277);
#5280=IFCREPRESENTATIONMAP(#5279,#5482);
#5281=IFCCARTESIANPOINT((0.,0.,0.));
#5282=IFCDIRECTION((1.,0.,0.));
#5283=IFCDIRECTION((0.,1.,0.));
#5284=IFCDIRECTION((0.,0.,1.));
#5285=IFCCARTESIANTRANSFORMATIONOPERATOR3D(#5282,#5283,#5281,1.,#5284);
#5286=IFCMAPPEDITEM(#5280,#5285);
#5287=IFCSHAPEREPRESENTATION(#11,'Body','MappedRepresentation',(#5286));
#5288=IFCPRODUCTDEFINITIONSHAPE($,$,(#5287));
#5289=IFCRELVOIDSELEMENT('0oo8cLxlz1PAtszevcpZ_w',$,$,$,#324,#5260);
#5295=IFCRELFILLSELEMENT('1_u2v$0xb2mwxxLu3jbDM0',$,$,$,#5260,#5235);
#5304=IFCCARTESIANPOINTLIST2D(((0.,0.),(0.33731496334075928,0.),(0.33731496334075928,0.89999997615814209),(0.,0.89999997615814209)));
#5305=IFCINDEXEDPOLYCURVE(#5304,(IFCLINEINDEX((1,2,3,4,1))),$);
#5306=IFCCARTESIANPOINTLIST2D(((0.02500000037252903,0.02500000037252903),(0.31231496296823025,0.02500000037252903),(0.31231496296823025,0.87499997578561306),(0.02500000037252903,0.87499997578561306)));
#5307=IFCINDEXEDPOLYCURVE(#5306,(IFCLINEINDEX((1,2,3,4,1))),$);
#5308=IFCARBITRARYPROFILEDEFWITHVOIDS(.AREA.,$,#5305,(#5307));
#5309=IFCCARTESIANPOINT((0.,0.090000001713633537,0.));
#5310=IFCDIRECTION((0.,-1.,0.));
#5311=IFCDIRECTION((1.,0.,0.));
#5312=IFCAXIS2PLACEMENT3D(#5309,#5310,#5311);
#5313=IFCDIRECTION((0.,0.,-1.));
#5314=IFCEXTRUDEDAREASOLID(#5308,#5312,#5313,0.0099999997764825821);
#5315=IFCCARTESIANPOINTLIST2D(((0.,0.),(0.33731496334075928,0.),(0.33731496334075928,0.89999997615814209),(0.,0.89999997615814209)));
#5316=IFCINDEXEDPOLYCURVE(#5315,(IFCLINEINDEX((1,2,3,4,1))),$);
#5317=IFCCARTESIANPOINTLIST2D(((0.05000000074505806,0.05000000074505806),(0.28731496259570122,0.05000000074505806),(0.28731496259570122,0.84999997541308403),(0.05000000074505806,0.84999997541308403)));
#5318=IFCINDEXEDPOLYCURVE(#5317,(IFCLINEINDEX((1,2,3,4,1))),$);
#5319=IFCARBITRARYPROFILEDEFWITHVOIDS(.AREA.,$,#5316,(#5318));
#5320=IFCCARTESIANPOINT((0.,0.05000000074505806,0.));
#5321=IFCDIRECTION((0.,-1.,0.));
#5322=IFCDIRECTION((1.,0.,0.));
#5323=IFCAXIS2PLACEMENT3D(#5320,#5321,#5322);
#5324=IFCDIRECTION((0.,0.,-1.));
#5325=IFCEXTRUDEDAREASOLID(#5319,#5323,#5324,0.040000000968575478);
#5326=IFCCARTESIANPOINTLIST2D(((0.,0.),(0.28731496259570122,0.),(0.28731496259570122,0.84999997541308403),(0.,0.84999997541308403)));
#5327=IFCINDEXEDPOLYCURVE(#5326,(IFCLINEINDEX((1,2,3,4,1))),$);
#5328=IFCCARTESIANPOINTLIST2D(((0.035000000149011612,0.035000000149011612),(0.25231496244668961,0.035000000149011612),(0.25231496244668961,0.81499997526407242),(0.035000000149011612,0.81499997526407242)));
#5329=IFCINDEXEDPOLYCURVE(#5328,(IFCLINEINDEX((1,2,3,4,1))),$);
#5330=IFCARBITRARYPROFILEDEFWITHVOIDS(.AREA.,$,#5327,(#5329));
#5331=IFCCARTESIANPOINT((0.02500000037252903,0.090000001713633537,0.02500000037252903));
#5332=IFCDIRECTION((0.,-1.,0.));
#5333=IFCDIRECTION((1.,0.,0.));
#5334=IFCAXIS2PLACEMENT3D(#5331,#5332,#5333);
#5335=IFCDIRECTION((0.,0.,-1.));
#5336=IFCEXTRUDEDAREASOLID(#5330,#5334,#5335,0.035000000149011612);
#5337=IFCINDEXEDPOLYCURVE(#5338,(IFCLINEINDEX((1,2,3,4,1))),$);
#5338=IFCCARTESIANPOINTLIST2D(((0.035000000149011612,0.035000000149011612),(0.25231496244668961,0.035000000149011612),(0.25231496244668961,0.81499997526407242),(0.035000000149011612,0.81499997526407242)));
#5339=IFCARBITRARYCLOSEDPROFILEDEF(.AREA.,$,#5337);
#5340=IFCCARTESIANPOINT((0.02500000037252903,0.10250000178813934,0.02500000037252903));
#5341=IFCDIRECTION((0.,-1.,0.));
#5342=IFCDIRECTION((1.,0.,0.));
#5343=IFCAXIS2PLACEMENT3D(#5340,#5341,#5342);
#5344=IFCDIRECTION((0.,0.,-1.));
#5345=IFCEXTRUDEDAREASOLID(#5339,#5343,#5344,0.01);
#5347=IFCSHAPEREPRESENTATION(#11,'Body','SweptSolid',(#5434,#5314,#5325,#5423));
#5348=IFCSHAPEASPECT((#5347),'Lining',$,.T.,#5245);
#5349=IFCSHAPEREPRESENTATION(#11,'Body','SweptSolid',(#5445,#5336));
#5350=IFCSHAPEASPECT((#5349),'Framing',$,.T.,#5245);
#5351=IFCSHAPEREPRESENTATION(#11,'Body','SweptSolid',(#5345,#5454));
#5352=IFCSHAPEASPECT((#5351),'Glazing',$,.T.,#5245);
#5410=IFCCARTESIANPOINTLIST3D(((0.,0.,0.),(0.82984912395477295,0.,0.),(0.82984912395477295,0.,0.89999997615814209),(0.,0.,0.89999997615814209)));
#5411=IFCINDEXEDPOLYCURVE(#5410,(IFCLINEINDEX((1,2,3,4,1))),$);
#5412=IFCSHAPEREPRESENTATION(#18,'Profile','Curve3D',(#5411));
#5413=IFCCARTESIANPOINTLIST2D(((0.,0.),(0.82984912395477295,0.),(0.82984912395477295,0.89999997615814209),(0.,0.89999997615814209)));
#5414=IFCINDEXEDPOLYCURVE(#5413,(IFCLINEINDEX((1,2,3,4,1))),$);
#5415=IFCCARTESIANPOINTLIST2D(((0.02500000037252903,0.02500000037252903),(0.80484912358224392,0.02500000037252903),(0.80484912358224392,0.87499997578561306),(0.02500000037252903,0.87499997578561306)));
#5416=IFCINDEXEDPOLYCURVE(#5415,(IFCLINEINDEX((1,2,3,4,1))),$);
#5417=IFCARBITRARYPROFILEDEFWITHVOIDS(.AREA.,$,#5414,(#5416));
#5418=IFCCARTESIANPOINT((0.,0.090000001713633537,0.));
#5419=IFCDIRECTION((0.,-1.,0.));
#5420=IFCDIRECTION((1.,0.,0.));
#5421=IFCAXIS2PLACEMENT3D(#5418,#5419,#5420);
#5422=IFCDIRECTION((0.,0.,-1.));
#5423=IFCEXTRUDEDAREASOLID(#5417,#5421,#5422,0.0099999997764825821);
#5424=IFCCARTESIANPOINTLIST2D(((0.,0.),(0.82984912395477295,0.),(0.82984912395477295,0.89999997615814209),(0.,0.89999997615814209)));
#5425=IFCINDEXEDPOLYCURVE(#5424,(IFCLINEINDEX((1,2,3,4,1))),$);
#5426=IFCCARTESIANPOINTLIST2D(((0.05000000074505806,0.05000000074505806),(0.77984912320971489,0.05000000074505806),(0.77984912320971489,0.84999997541308403),(0.05000000074505806,0.84999997541308403)));
#5427=IFCINDEXEDPOLYCURVE(#5426,(IFCLINEINDEX((1,2,3,4,1))),$);
#5428=IFCARBITRARYPROFILEDEFWITHVOIDS(.AREA.,$,#5425,(#5427));
#5429=IFCCARTESIANPOINT((0.,0.05000000074505806,0.));
#5430=IFCDIRECTION((0.,-1.,0.));
#5431=IFCDIRECTION((1.,0.,0.));
#5432=IFCAXIS2PLACEMENT3D(#5429,#5430,#5431);
#5433=IFCDIRECTION((0.,0.,-1.));
#5434=IFCEXTRUDEDAREASOLID(#5428,#5432,#5433,0.040000000968575478);
#5435=IFCCARTESIANPOINTLIST2D(((0.,0.),(0.77984912320971489,0.),(0.77984912320971489,0.84999997541308403),(0.,0.84999997541308403)));
#5436=IFCINDEXEDPOLYCURVE(#5435,(IFCLINEINDEX((1,2,3,4,1))),$);
#5437=IFCCARTESIANPOINTLIST2D(((0.035000000149011612,0.035000000149011612),(0.74484912306070328,0.035000000149011612),(0.74484912306070328,0.81499997526407242),(0.035000000149011612,0.81499997526407242)));
#5438=IFCINDEXEDPOLYCURVE(#5437,(IFCLINEINDEX((1,2,3,4,1))),$);
#5439=IFCARBITRARYPROFILEDEFWITHVOIDS(.AREA.,$,#5436,(#5438));
#5440=IFCCARTESIANPOINT((0.02500000037252903,0.090000001713633537,0.02500000037252903));
#5441=IFCDIRECTION((0.,-1.,0.));
#5442=IFCDIRECTION((1.,0.,0.));
#5443=IFCAXIS2PLACEMENT3D(#5440,#5441,#5442);
#5444=IFCDIRECTION((0.,0.,-1.));
#5445=IFCEXTRUDEDAREASOLID(#5439,#5443,#5444,0.035000000149011612);
#5446=IFCINDEXEDPOLYCURVE(#5447,(IFCLINEINDEX((1,2,3,4,1))),$);
#5447=IFCCARTESIANPOINTLIST2D(((0.035000000149011612,0.035000000149011612),(0.74484912306070328,0.035000000149011612),(0.74484912306070328,0.81499997526407242),(0.035000000149011612,0.81499997526407242)));
#5448=IFCARBITRARYCLOSEDPROFILEDEF(.AREA.,$,#5446);
#5449=IFCCARTESIANPOINT((0.02500000037252903,0.10250000178813934,0.02500000037252903));
#5450=IFCDIRECTION((0.,-1.,0.));
#5451=IFCDIRECTION((1.,0.,0.));
#5452=IFCAXIS2PLACEMENT3D(#5449,#5450,#5451);
#5453=IFCDIRECTION((0.,0.,-1.));
#5454=IFCEXTRUDEDAREASOLID(#5448,#5452,#5453,0.01);
#5455=IFCSHAPEREPRESENTATION(#11,'Body','SweptSolid',(#5423,#5434,#5445,#5454));
#5456=IFCCARTESIANPOINTLIST2D(((0.05000000074505806,0.05000000074505806),(0.77984912320971489,0.05000000074505806)));
#5457=IFCINDEXEDPOLYCURVE(#5456,$,$);
#5458=IFCCARTESIANPOINTLIST2D(((0.,0.10000000149011612),(0.02500000037252903,0.10000000149011612),(0.02500000037252903,0.090000001713633537),(0.05000000074505806,0.090000001713633537),(0.05000000074505806,0.05000000074505806),(0.,0.05000000074505806)));
#5459=IFCINDEXEDPOLYCURVE(#5458,(IFCLINEINDEX((1,2,3,4,5,6,1))),$);
#5460=IFCCARTESIANPOINTLIST2D(((0.82984912395477295,0.10000000149011612),(0.80484912358224392,0.10000000149011612),(0.80484912358224392,0.090000001713633537),(0.77984912320971489,0.090000001713633537),(0.77984912320971489,0.05000000074505806),(0.82984912395477295,0.05000000074505806)));
#5461=IFCINDEXEDPOLYCURVE(#5460,(IFCLINEINDEX((1,2,3,4,5,6,1))),$);
#5462=IFCCARTESIANPOINTLIST2D(((0.02500000037252903,0.090000001713633537),(0.060000000521540642,0.090000001713633537),(0.060000000521540642,0.12500000186264515),(0.02500000037252903,0.12500000186264515)));
#5463=IFCINDEXEDPOLYCURVE(#5462,(IFCLINEINDEX((1,2,3,4,1))),$);
#5464=IFCINDEXEDPOLYCURVE(#5465,(IFCLINEINDEX((1,2,3,4,1))),$);
#5465=IFCCARTESIANPOINTLIST2D(((0.80484912358224392,0.090000001713633537),(0.76984912343323231,0.090000001713633537),(0.76984912343323231,0.12500000186264515),(0.80484912358224392,0.12500000186264515)));
#5466=IFCCARTESIANPOINTLIST2D(((0.060000000521540642,0.090000001713633537),(0.76984912343323231,0.090000001713633537)));
#5467=IFCINDEXEDPOLYCURVE(#5466,$,$);
#5468=IFCINDEXEDPOLYCURVE(#5469,$,$);
#5469=IFCCARTESIANPOINTLIST2D(((0.060000000521540642,0.12500000186264515),(0.76984912343323231,0.12500000186264515)));
#5470=IFCINDEXEDPOLYCURVE(#5471,$,$);
#5471=IFCCARTESIANPOINTLIST2D(((0.060000000521540642,0.10750000178813934),(0.76984912343323231,0.10750000178813934)));
#5472=IFCSHAPEREPRESENTATION(#24,'Body','Curve2D',(#5457,#5459,#5461,#5463,#5464,#5467,#5468,#5470));
#5473=IFCCARTESIANPOINTLIST2D(((0.,0.),(0.82984912395477295,0.),(0.82984912395477295,0.89999997615814209),(0.,0.89999997615814209)));
#5474=IFCINDEXEDPOLYCURVE(#5473,(IFCLINEINDEX((1,2,3,4,1))),$);
#5475=IFCARBITRARYCLOSEDPROFILEDEF(.AREA.,$,#5474);
#5476=IFCCARTESIANPOINT((0.,-0.60000002384185791,0.));
#5477=IFCDIRECTION((0.,-1.,0.));
#5478=IFCDIRECTION((1.,0.,0.));
#5479=IFCAXIS2PLACEMENT3D(#5476,#5477,#5478);
#5480=IFCDIRECTION((0.,0.,-1.));
#5481=IFCEXTRUDEDAREASOLID(#5475,#5479,#5480,1.2);
#5482=IFCSHAPEREPRESENTATION(#11,'Body','SweptSolid',(#5481));
#5488=IFCCARTESIANPOINT((1.728726077885955,0.,1.));
#5489=IFCDIRECTION((0.,0.,1.));
#5490=IFCDIRECTION((0.99999999999997158,-2.3841857910155572E-07,0.));
#5491=IFCAXIS2PLACEMENT3D(#5488,#5489,#5490);
#5492=IFCLOCALPLACEMENT(#1491,#5491);
#5493=IFCCARTESIANPOINT((0.,0.,0.));
#5494=IFCDIRECTION((0.,0.,1.));
#5495=IFCDIRECTION((1.,0.,0.));
#5496=IFCAXIS2PLACEMENT3D(#5493,#5494,#5495);
#5497=IFCLOCALPLACEMENT(#5492,#5496);
#5498=IFCWINDOWTYPE('05MF37rKTCiAYodqcXLkD3',$,'Guest-1-GF',$,$,(#5499),(#5501,#5509,#5557),$,$,.WINDOW.,.SINGLE_PANEL.,$,$);
#5499=IFCPROPERTYSET('2nnrP_NIj3iQtQwX9IPvCJ',$,'BBIM_Window',$,(#5500));
#5500=IFCPROPERTYSINGLEVALUE('Data',$,IFCTEXT('{"window_type": "SINGLE_PANEL", "overall_height": 0.8999999761581421, "overall_width": 0.829849123954773, "lining_properties": {"lining_depth": 0.05000000074505806, "lining_thickness": 0.05000000074505806, "lining_offset": 0.05000000074505806, "lining_to_panel_offset_x": 0.02500000037252903, "lining_to_panel_offset_y": 0.02500000037252903}, "panel_properties": {"frame_depth": [0.03500000014901161, 0.03500000014901161, 0.03500000014901161], "frame_thickness": [0.03500000014901161, 0.03500000014901161, 0.03500000014901161]}}'),$);
#5501=IFCREPRESENTATIONMAP(#5502,#5677);
#5502=IFCAXIS2PLACEMENT3D(#5503,#5504,#5505);
#5503=IFCCARTESIANPOINT((0.,0.,0.));
#5504=IFCDIRECTION((0.,0.,1.));
#5505=IFCDIRECTION((1.,0.,0.));
#5509=IFCREPRESENTATIONMAP(#5510,#5720);
#5510=IFCAXIS2PLACEMENT3D(#5511,#5512,#5513);
#5511=IFCCARTESIANPOINT((0.,0.,0.));
#5512=IFCDIRECTION((0.,0.,1.));
#5513=IFCDIRECTION((1.,0.,0.));
#5557=IFCREPRESENTATIONMAP(#5558,#5743);
#5558=IFCAXIS2PLACEMENT3D(#5559,#5560,#5561);
#5559=IFCCARTESIANPOINT((0.,0.,0.));
#5560=IFCDIRECTION((0.,0.,1.));
#5561=IFCDIRECTION((1.,0.,0.));
#5579=IFCWINDOW('0YYYr8Vq18YgGyHtTo478h',$,'Window',$,$,#6295,#5589,$,0.89999997615814209,0.82984912395477295,$,.SINGLE_PANEL.,$);
#5581=IFCRELDEFINESBYTYPE('01jEsCE1XD$QP5jAR3sL4r',$,$,$,(#5579),#5498);
#5582=IFCCARTESIANPOINT((0.,0.,0.));
#5583=IFCDIRECTION((1.,0.,0.));
#5584=IFCDIRECTION((0.,1.,0.));
#5585=IFCDIRECTION((0.,0.,1.));
#5586=IFCCARTESIANTRANSFORMATIONOPERATOR3D(#5583,#5584,#5582,1.,#5585);
#5587=IFCMAPPEDITEM(#5501,#5586);
#5588=IFCSHAPEREPRESENTATION(#18,'Profile','MappedRepresentation',(#5587));
#5589=IFCPRODUCTDEFINITIONSHAPE($,$,(#5588,#5596,#5603));
#5590=IFCCARTESIANPOINT((0.,0.,0.));
#5591=IFCDIRECTION((1.,0.,0.));
#5592=IFCDIRECTION((0.,1.,0.));
#5593=IFCDIRECTION((0.,0.,1.));
#5594=IFCCARTESIANTRANSFORMATIONOPERATOR3D(#5591,#5592,#5590,1.,#5593);
#5595=IFCMAPPEDITEM(#5509,#5594);
#5596=IFCSHAPEREPRESENTATION(#11,'Body','MappedRepresentation',(#5595));
#5597=IFCCARTESIANPOINT((0.,0.,0.));
#5598=IFCDIRECTION((1.,0.,0.));
#5599=IFCDIRECTION((0.,1.,0.));
#5600=IFCDIRECTION((0.,0.,1.));
#5601=IFCCARTESIANTRANSFORMATIONOPERATOR3D(#5598,#5599,#5597,1.,#5600);
#5602=IFCMAPPEDITEM(#5557,#5601);
#5603=IFCSHAPEREPRESENTATION(#24,'Body','MappedRepresentation',(#5602));
#5604=IFCOPENINGELEMENT('33HtwSUMP8OeZc27S0VBnT',$,'Opening',$,$,#5778,#5632,$,.OPENING.);
#5620=IFCCARTESIANPOINT((0.,0.,0.));
#5621=IFCDIRECTION((1.,0.,0.));
#5622=IFCDIRECTION((0.,0.,1.));
#5623=IFCAXIS2PLACEMENT3D(#5620,#5622,#5621);
#5624=IFCREPRESENTATIONMAP(#5623,#5753);
#5625=IFCCARTESIANPOINT((0.,0.,0.));
#5626=IFCDIRECTION((1.,0.,0.));
#5627=IFCDIRECTION((0.,1.,0.));
#5628=IFCDIRECTION((0.,0.,1.));
#5629=IFCCARTESIANTRANSFORMATIONOPERATOR3D(#5626,#5627,#5625,1.,#5628);
#5630=IFCMAPPEDITEM(#5624,#5629);
#5631=IFCSHAPEREPRESENTATION(#11,'Body','MappedRepresentation',(#5630));
#5632=IFCPRODUCTDEFINITIONSHAPE($,$,(#5631));
#5633=IFCRELVOIDSELEMENT('0$k6863EL1DAuT8FicN3Jq',$,$,$,#464,#5604);
#5639=IFCRELFILLSELEMENT('3vVkWwzzHCAw78LyijW5r2',$,$,$,#5604,#5579);
#5675=IFCCARTESIANPOINTLIST3D(((0.,0.,0.),(0.82984912395477295,0.,0.),(0.82984912395477295,0.,0.89999997615814209),(0.,0.,0.89999997615814209)));
#5676=IFCINDEXEDPOLYCURVE(#5675,(IFCLINEINDEX((1,2,3,4,1))),$);
#5677=IFCSHAPEREPRESENTATION(#18,'Profile','Curve3D',(#5676));
#5678=IFCCARTESIANPOINTLIST2D(((0.,0.),(0.82984912395477295,0.),(0.82984912395477295,0.89999997615814209),(0.,0.89999997615814209)));
#5679=IFCINDEXEDPOLYCURVE(#5678,(IFCLINEINDEX((1,2,3,4,1))),$);
#5680=IFCCARTESIANPOINTLIST2D(((0.02500000037252903,0.02500000037252903),(0.80484912358224392,0.02500000037252903),(0.80484912358224392,0.87499997578561306),(0.02500000037252903,0.87499997578561306)));
#5681=IFCINDEXEDPOLYCURVE(#5680,(IFCLINEINDEX((1,2,3,4,1))),$);
#5682=IFCARBITRARYPROFILEDEFWITHVOIDS(.AREA.,$,#5679,(#5681));
#5683=IFCCARTESIANPOINT((0.,0.090000001713633537,0.));
#5684=IFCDIRECTION((0.,-1.,0.));
#5685=IFCDIRECTION((1.,0.,0.));
#5686=IFCAXIS2PLACEMENT3D(#5683,#5684,#5685);
#5687=IFCDIRECTION((0.,0.,-1.));
#5688=IFCEXTRUDEDAREASOLID(#5682,#5686,#5687,0.0099999997764825821);
#5689=IFCCARTESIANPOINTLIST2D(((0.,0.),(0.82984912395477295,0.),(0.82984912395477295,0.89999997615814209),(0.,0.89999997615814209)));
#5690=IFCINDEXEDPOLYCURVE(#5689,(IFCLINEINDEX((1,2,3,4,1))),$);
#5691=IFCCARTESIANPOINTLIST2D(((0.05000000074505806,0.05000000074505806),(0.77984912320971489,0.05000000074505806),(0.77984912320971489,0.84999997541308403),(0.05000000074505806,0.84999997541308403)));
#5692=IFCINDEXEDPOLYCURVE(#5691,(IFCLINEINDEX((1,2,3,4,1))),$);
#5693=IFCARBITRARYPROFILEDEFWITHVOIDS(.AREA.,$,#5690,(#5692));
#5694=IFCCARTESIANPOINT((0.,0.05000000074505806,0.));
#5695=IFCDIRECTION((0.,-1.,0.));
#5696=IFCDIRECTION((1.,0.,0.));
#5697=IFCAXIS2PLACEMENT3D(#5694,#5695,#5696);
#5698=IFCDIRECTION((0.,0.,-1.));
#5699=IFCEXTRUDEDAREASOLID(#5693,#5697,#5698,0.040000000968575478);
#5700=IFCCARTESIANPOINTLIST2D(((0.,0.),(0.77984912320971489,0.),(0.77984912320971489,0.84999997541308403),(0.,0.84999997541308403)));
#5701=IFCINDEXEDPOLYCURVE(#5700,(IFCLINEINDEX((1,2,3,4,1))),$);
#5702=IFCCARTESIANPOINTLIST2D(((0.035000000149011612,0.035000000149011612),(0.74484912306070328,0.035000000149011612),(0.74484912306070328,0.81499997526407242),(0.035000000149011612,0.81499997526407242)));
#5703=IFCINDEXEDPOLYCURVE(#5702,(IFCLINEINDEX((1,2,3,4,1))),$);
#5704=IFCARBITRARYPROFILEDEFWITHVOIDS(.AREA.,$,#5701,(#5703));
#5705=IFCCARTESIANPOINT((0.02500000037252903,0.090000001713633537,0.02500000037252903));
#5706=IFCDIRECTION((0.,-1.,0.));
#5707=IFCDIRECTION((1.,0.,0.));
#5708=IFCAXIS2PLACEMENT3D(#5705,#5706,#5707);
#5709=IFCDIRECTION((0.,0.,-1.));
#5710=IFCEXTRUDEDAREASOLID(#5704,#5708,#5709,0.035000000149011612);
#5711=IFCINDEXEDPOLYCURVE(#5712,(IFCLINEINDEX((1,2,3,4,1))),$);
#5712=IFCCARTESIANPOINTLIST2D(((0.035000000149011612,0.035000000149011612),(0.74484912306070328,0.035000000149011612),(0.74484912306070328,0.81499997526407242),(0.035000000149011612,0.81499997526407242)));
#5713=IFCARBITRARYCLOSEDPROFILEDEF(.AREA.,$,#5711);
#5714=IFCCARTESIANPOINT((0.02500000037252903,0.10250000178813934,0.02500000037252903));
#5715=IFCDIRECTION((0.,-1.,0.));
#5716=IFCDIRECTION((1.,0.,0.));
#5717=IFCAXIS2PLACEMENT3D(#5714,#5715,#5716);
#5718=IFCDIRECTION((0.,0.,-1.));
#5719=IFCEXTRUDEDAREASOLID(#5713,#5717,#5718,0.01);
#5720=IFCSHAPEREPRESENTATION(#11,'Body','SweptSolid',(#5688,#5699,#5710,#5719));
#5721=IFCSHAPEREPRESENTATION(#11,'Body','SweptSolid',(#5688,#5699));
#5722=IFCSHAPEASPECT((#5721),'Lining',$,.T.,#5589);
#5723=IFCSHAPEREPRESENTATION(#11,'Body','SweptSolid',(#5710));
#5724=IFCSHAPEASPECT((#5723),'Framing',$,.T.,#5589);
#5725=IFCSHAPEREPRESENTATION(#11,'Body','SweptSolid',(#5719));
#5726=IFCSHAPEASPECT((#5725),'Glazing',$,.T.,#5589);
#5727=IFCCARTESIANPOINTLIST2D(((0.05000000074505806,0.05000000074505806),(0.77984912320971489,0.05000000074505806)));
#5728=IFCINDEXEDPOLYCURVE(#5727,$,$);
#5729=IFCCARTESIANPOINTLIST2D(((0.,0.10000000149011612),(0.02500000037252903,0.10000000149011612),(0.02500000037252903,0.090000001713633537),(0.05000000074505806,0.090000001713633537),(0.05000000074505806,0.05000000074505806),(0.,0.05000000074505806)));
#5730=IFCINDEXEDPOLYCURVE(#5729,(IFCLINEINDEX((1,2,3,4,5,6,1))),$);
#5731=IFCCARTESIANPOINTLIST2D(((0.82984912395477295,0.10000000149011612),(0.80484912358224392,0.10000000149011612),(0.80484912358224392,0.090000001713633537),(0.77984912320971489,0.090000001713633537),(0.77984912320971489,0.05000000074505806),(0.82984912395477295,0.05000000074505806)));
#5732=IFCINDEXEDPOLYCURVE(#5731,(IFCLINEINDEX((1,2,3,4,5,6,1))),$);
#5733=IFCCARTESIANPOINTLIST2D(((0.02500000037252903,0.090000001713633537),(0.060000000521540642,0.090000001713633537),(0.060000000521540642,0.12500000186264515),(0.02500000037252903,0.12500000186264515)));
#5734=IFCINDEXEDPOLYCURVE(#5733,(IFCLINEINDEX((1,2,3,4,1))),$);
#5735=IFCINDEXEDPOLYCURVE(#5736,(IFCLINEINDEX((1,2,3,4,1))),$);
#5736=IFCCARTESIANPOINTLIST2D(((0.80484912358224392,0.090000001713633537),(0.76984912343323231,0.090000001713633537),(0.76984912343323231,0.12500000186264515),(0.80484912358224392,0.12500000186264515)));
#5737=IFCCARTESIANPOINTLIST2D(((0.060000000521540642,0.090000001713633537),(0.76984912343323231,0.090000001713633537)));
#5738=IFCINDEXEDPOLYCURVE(#5737,$,$);
#5739=IFCINDEXEDPOLYCURVE(#5740,$,$);
#5740=IFCCARTESIANPOINTLIST2D(((0.060000000521540642,0.12500000186264515),(0.76984912343323231,0.12500000186264515)));
#5741=IFCINDEXEDPOLYCURVE(#5742,$,$);
#5742=IFCCARTESIANPOINTLIST2D(((0.060000000521540642,0.10750000178813934),(0.76984912343323231,0.10750000178813934)));
#5743=IFCSHAPEREPRESENTATION(#24,'Body','Curve2D',(#5728,#5730,#5732,#5734,#5735,#5738,#5739,#5741));
#5744=IFCCARTESIANPOINTLIST2D(((0.,0.),(0.82984912395477295,0.),(0.82984912395477295,0.89999997615814209),(0.,0.89999997615814209)));
#5745=IFCINDEXEDPOLYCURVE(#5744,(IFCLINEINDEX((1,2,3,4,1))),$);
#5746=IFCARBITRARYCLOSEDPROFILEDEF(.AREA.,$,#5745);
#5747=IFCCARTESIANPOINT((0.,-0.60000002384185791,0.));
#5748=IFCDIRECTION((0.,-1.,0.));
#5749=IFCDIRECTION((1.,0.,0.));
#5750=IFCAXIS2PLACEMENT3D(#5747,#5748,#5749);
#5751=IFCDIRECTION((0.,0.,-1.));
#5752=IFCEXTRUDEDAREASOLID(#5746,#5750,#5751,1.2);
#5753=IFCSHAPEREPRESENTATION(#11,'Body','SweptSolid',(#5752));
#5774=IFCCARTESIANPOINT((2.9890255447136123,1.2048463875480309E-06,1.));
#5775=IFCDIRECTION((0.,0.,1.));
#5776=IFCDIRECTION((0.99999999999999289,1.1920928244535129E-07,0.));
#5777=IFCAXIS2PLACEMENT3D(#5774,#5775,#5776);
#5778=IFCLOCALPLACEMENT(#739,#5777);
#5784=IFCWINDOWTYPE('0sejA8ZJfCNgBt5y82bcQg',$,'Guest-2-GF',$,$,(#5785),(#5787,#5795,#5843),$,$,.WINDOW.,.SINGLE_PANEL.,$,$);
#5785=IFCPROPERTYSET('2YCP0XxZ1BFfUSeGFYYLfK',$,'BBIM_Window',$,(#5786));
#5786=IFCPROPERTYSINGLEVALUE('Data',$,IFCTEXT('{"window_type": "DOUBLE_PANEL_VERTICAL", "overall_height": 0.8999999761581421, "overall_width": 1.1472599506378174, "lining_properties": {"lining_depth": 0.05000000074505806, "lining_thickness": 0.05000000074505806, "lining_offset": 0.05000000074505806, "lining_to_panel_offset_x": 0.02500000037252903, "lining_to_panel_offset_y": 0.02500000037252903, "mullion_thickness": 0.05000000074505806, "first_mullion_offset": 0.573930561542511}, "panel_properties": {"frame_depth": [0.03500000014901161, 0.03500000014901161, 0.03500000014901161], "frame_thickness": [0.03500000014901161, 0.03500000014901161, 0.03500000014901161]}}'),$);
#5787=IFCREPRESENTATIONMAP(#5788,#6042);
#5788=IFCAXIS2PLACEMENT3D(#5789,#5790,#5791);
#5789=IFCCARTESIANPOINT((0.,0.,0.));
#5790=IFCDIRECTION((0.,0.,1.));
#5791=IFCDIRECTION((1.,0.,0.));
#5795=IFCREPRESENTATIONMAP(#5796,#6123);
#5796=IFCAXIS2PLACEMENT3D(#5797,#5798,#5799);
#5797=IFCCARTESIANPOINT((0.,0.,0.));
#5798=IFCDIRECTION((0.,0.,1.));
#5799=IFCDIRECTION((1.,0.,0.));
#5843=IFCREPRESENTATIONMAP(#5844,#6156);
#5844=IFCAXIS2PLACEMENT3D(#5845,#5846,#5847);
#5845=IFCCARTESIANPOINT((0.,0.,0.));
#5846=IFCDIRECTION((0.,0.,1.));
#5847=IFCDIRECTION((1.,0.,0.));
#5865=IFCWINDOW('3YzCrlF0f0Iv8JyJUOPrBy',$,'Window',$,$,#6181,#5875,$,0.89999997615814209,1.1472599506378174,$,.DOUBLE_PANEL_VERTICAL.,$);
#5867=IFCRELDEFINESBYTYPE('0AJ2h6DCX3$9X4Mu57$yK9',$,$,$,(#5865),#5784);
#5868=IFCCARTESIANPOINT((0.,0.,0.));
#5869=IFCDIRECTION((1.,0.,0.));
#5870=IFCDIRECTION((0.,1.,0.));
#5871=IFCDIRECTION((0.,0.,1.));
#5872=IFCCARTESIANTRANSFORMATIONOPERATOR3D(#5869,#5870,#5868,1.,#5871);
#5873=IFCMAPPEDITEM(#5787,#5872);
#5874=IFCSHAPEREPRESENTATION(#18,'Profile','MappedRepresentation',(#5873));
#5875=IFCPRODUCTDEFINITIONSHAPE($,$,(#5874,#5882,#5889));
#5876=IFCCARTESIANPOINT((0.,0.,0.));
#5877=IFCDIRECTION((1.,0.,0.));
#5878=IFCDIRECTION((0.,1.,0.));
#5879=IFCDIRECTION((0.,0.,1.));
#5880=IFCCARTESIANTRANSFORMATIONOPERATOR3D(#5877,#5878,#5876,1.,#5879);
#5881=IFCMAPPEDITEM(#5795,#5880);
#5882=IFCSHAPEREPRESENTATION(#11,'Body','MappedRepresentation',(#5881));
#5883=IFCCARTESIANPOINT((0.,0.,0.));
#5884=IFCDIRECTION((1.,0.,0.));
#5885=IFCDIRECTION((0.,1.,0.));
#5886=IFCDIRECTION((0.,0.,1.));
#5887=IFCCARTESIANTRANSFORMATIONOPERATOR3D(#5884,#5885,#5883,1.,#5886);
#5888=IFCMAPPEDITEM(#5843,#5887);
#5889=IFCSHAPEREPRESENTATION(#24,'Body','MappedRepresentation',(#5888));
#5890=IFCOPENINGELEMENT('1J3v6QVAP9vQldNbW2eq1M',$,'Opening',$,$,#6176,#5918,$,.OPENING.);
#5906=IFCCARTESIANPOINT((0.,0.,0.));
#5907=IFCDIRECTION((1.,0.,0.));
#5908=IFCDIRECTION((0.,0.,1.));
#5909=IFCAXIS2PLACEMENT3D(#5906,#5908,#5907);
#5910=IFCREPRESENTATIONMAP(#5909,#6166);
#5911=IFCCARTESIANPOINT((0.,0.,0.));
#5912=IFCDIRECTION((1.,0.,0.));
#5913=IFCDIRECTION((0.,1.,0.));
#5914=IFCDIRECTION((0.,0.,1.));
#5915=IFCCARTESIANTRANSFORMATIONOPERATOR3D(#5912,#5913,#5911,1.,#5914);
#5916=IFCMAPPEDITEM(#5910,#5915);
#5917=IFCSHAPEREPRESENTATION(#11,'Body','MappedRepresentation',(#5916));
#5918=IFCPRODUCTDEFINITIONSHAPE($,$,(#5917));
#5919=IFCRELVOIDSELEMENT('27VHhXiQXEAgFBObmPT2aW',$,$,$,#489,#5890);
#5925=IFCRELFILLSELEMENT('2CD4Q1CLHBYPjsSFJ45RQ6',$,$,$,#5890,#5865);
#5934=IFCCARTESIANPOINTLIST2D(((0.,0.),(1.1472599506378174,0.),(1.1472599506378174,0.89999997615814209),(0.,0.89999997615814209)));
#5935=IFCINDEXEDPOLYCURVE(#5934,(IFCLINEINDEX((1,2,3,4,1))),$);
#5936=IFCCARTESIANPOINTLIST2D(((0.02500000037252903,0.02500000037252903),(1.1222599502652884,0.02500000037252903),(1.1222599502652884,0.87499997578561306),(0.02500000037252903,0.87499997578561306)));
#5937=IFCINDEXEDPOLYCURVE(#5936,(IFCLINEINDEX((1,2,3,4,1))),$);
#5938=IFCARBITRARYPROFILEDEFWITHVOIDS(.AREA.,$,#5935,(#5937));
#5939=IFCCARTESIANPOINT((0.,0.090000001713633537,0.));
#5940=IFCDIRECTION((0.,-1.,0.));
#5941=IFCDIRECTION((1.,0.,0.));
#5942=IFCAXIS2PLACEMENT3D(#5939,#5940,#5941);
#5943=IFCDIRECTION((0.,0.,-1.));
#5944=IFCEXTRUDEDAREASOLID(#5938,#5942,#5943,0.0099999997764825821);
#5945=IFCCARTESIANPOINTLIST2D(((0.,0.),(1.1472599506378174,0.),(1.1472599506378174,0.89999997615814209),(0.,0.89999997615814209)));
#5946=IFCINDEXEDPOLYCURVE(#5945,(IFCLINEINDEX((1,2,3,4,1))),$);
#5947=IFCCARTESIANPOINTLIST2D(((0.05000000074505806,0.05000000074505806),(1.0972599498927593,0.05000000074505806),(1.0972599498927593,0.84999997541308403),(0.05000000074505806,0.84999997541308403)));
#5948=IFCINDEXEDPOLYCURVE(#5947,(IFCLINEINDEX((1,2,3,4,1))),$);
#5949=IFCARBITRARYPROFILEDEFWITHVOIDS(.AREA.,$,#5946,(#5948));
#5950=IFCCARTESIANPOINT((0.,0.05000000074505806,0.));
#5951=IFCDIRECTION((0.,-1.,0.));
#5952=IFCDIRECTION((1.,0.,0.));
#5953=IFCAXIS2PLACEMENT3D(#5950,#5951,#5952);
#5954=IFCDIRECTION((0.,0.,-1.));
#5955=IFCEXTRUDEDAREASOLID(#5949,#5953,#5954,0.040000000968575478);
#5956=IFCCARTESIANPOINTLIST2D(((0.,0.),(1.0972599498927593,0.),(1.0972599498927593,0.84999997541308403),(0.,0.84999997541308403)));
#5957=IFCINDEXEDPOLYCURVE(#5956,(IFCLINEINDEX((1,2,3,4,1))),$);
#5958=IFCCARTESIANPOINTLIST2D(((0.035000000149011612,0.035000000149011612),(1.0622599497437477,0.035000000149011612),(1.0622599497437477,0.81499997526407242),(0.035000000149011612,0.81499997526407242)));
#5959=IFCINDEXEDPOLYCURVE(#5958,(IFCLINEINDEX((1,2,3,4,1))),$);
#5960=IFCARBITRARYPROFILEDEFWITHVOIDS(.AREA.,$,#5957,(#5959));
#5961=IFCCARTESIANPOINT((0.02500000037252903,0.090000001713633537,0.02500000037252903));
#5962=IFCDIRECTION((0.,-1.,0.));
#5963=IFCDIRECTION((1.,0.,0.));
#5964=IFCAXIS2PLACEMENT3D(#5961,#5962,#5963);
#5965=IFCDIRECTION((0.,0.,-1.));
#5966=IFCEXTRUDEDAREASOLID(#5960,#5964,#5965,0.035000000149011612);
#5967=IFCINDEXEDPOLYCURVE(#5968,(IFCLINEINDEX((1,2,3,4,1))),$);
#5968=IFCCARTESIANPOINTLIST2D(((0.035000000149011612,0.035000000149011612),(1.0622599497437477,0.035000000149011612),(1.0622599497437477,0.81499997526407242),(0.035000000149011612,0.81499997526407242)));
#5969=IFCARBITRARYCLOSEDPROFILEDEF(.AREA.,$,#5967);
#5970=IFCCARTESIANPOINT((0.02500000037252903,0.10250000178813934,0.02500000037252903));
#5971=IFCDIRECTION((0.,-1.,0.));
#5972=IFCDIRECTION((1.,0.,0.));
#5973=IFCAXIS2PLACEMENT3D(#5970,#5971,#5972);
#5974=IFCDIRECTION((0.,0.,-1.));
#5975=IFCEXTRUDEDAREASOLID(#5969,#5973,#5974,0.01);
#5977=IFCSHAPEREPRESENTATION(#11,'Body','SweptSolid',(#6062,#6051,#6102,#6091,#5944,#5955));
#5978=IFCSHAPEASPECT((#5977),'Lining',$,.T.,#5875);
#5979=IFCSHAPEREPRESENTATION(#11,'Body','SweptSolid',(#6113,#6073,#5966));
#5980=IFCSHAPEASPECT((#5979),'Framing',$,.T.,#5875);
#5981=IFCSHAPEREPRESENTATION(#11,'Body','SweptSolid',(#5975,#6122,#6082));
#5982=IFCSHAPEASPECT((#5981),'Glazing',$,.T.,#5875);
#6040=IFCCARTESIANPOINTLIST3D(((0.,0.,0.),(1.1472599506378174,0.,0.),(1.1472599506378174,0.,0.89999997615814209),(0.,0.,0.89999997615814209)));
#6041=IFCINDEXEDPOLYCURVE(#6040,(IFCLINEINDEX((1,2,3,4,1))),$);
#6042=IFCSHAPEREPRESENTATION(#18,'Profile','Curve3D',(#6041));
#6043=IFCCARTESIANPOINTLIST2D(((0.57393056154251099,0.),(0.,0.),(0.,0.89999997615814209),(0.57393056154251099,0.89999997615814209),(0.57393056154251099,0.87499997578561306),(0.02500000037252903,0.87499997578561306),(0.02500000037252903,0.02500000037252903),(0.57393056154251099,0.02500000037252903)));
#6044=IFCINDEXEDPOLYCURVE(#6043,(IFCLINEINDEX((1,2,3,4,5,6,7,8,1))),$);
#6045=IFCARBITRARYCLOSEDPROFILEDEF(.AREA.,$,#6044);
#6046=IFCCARTESIANPOINT((0.,0.090000001713633537,0.));
#6047=IFCDIRECTION((0.,-1.,0.));
#6048=IFCDIRECTION((1.,0.,0.));
#6049=IFCAXIS2PLACEMENT3D(#6046,#6047,#6048);
#6050=IFCDIRECTION((0.,0.,-1.));
#6051=IFCEXTRUDEDAREASOLID(#6045,#6049,#6050,0.0099999997764825821);
#6052=IFCCARTESIANPOINTLIST2D(((0.,0.),(0.57393056154251099,0.),(0.57393056154251099,0.89999997615814209),(0.,0.89999997615814209)));
#6053=IFCINDEXEDPOLYCURVE(#6052,(IFCLINEINDEX((1,2,3,4,1))),$);
#6054=IFCCARTESIANPOINTLIST2D(((0.05000000074505806,0.05000000074505806),(0.54893056116998196,0.05000000074505806),(0.54893056116998196,0.84999997541308403),(0.05000000074505806,0.84999997541308403)));
#6055=IFCINDEXEDPOLYCURVE(#6054,(IFCLINEINDEX((1,2,3,4,1))),$);
#6056=IFCARBITRARYPROFILEDEFWITHVOIDS(.AREA.,$,#6053,(#6055));
#6057=IFCCARTESIANPOINT((0.,0.05000000074505806,0.));
#6058=IFCDIRECTION((0.,-1.,0.));
#6059=IFCDIRECTION((1.,0.,0.));
#6060=IFCAXIS2PLACEMENT3D(#6057,#6058,#6059);
#6061=IFCDIRECTION((0.,0.,-1.));
#6062=IFCEXTRUDEDAREASOLID(#6056,#6060,#6061,0.040000000968575478);
#6063=IFCCARTESIANPOINTLIST2D(((0.,0.),(0.54893056116998196,0.),(0.54893056116998196,0.84999997541308403),(0.,0.84999997541308403)));
#6064=IFCINDEXEDPOLYCURVE(#6063,(IFCLINEINDEX((1,2,3,4,1))),$);
#6065=IFCCARTESIANPOINTLIST2D(((0.035000000149011612,0.035000000149011612),(0.51393056102097034,0.035000000149011612),(0.51393056102097034,0.81499997526407242),(0.035000000149011612,0.81499997526407242)));
#6066=IFCINDEXEDPOLYCURVE(#6065,(IFCLINEINDEX((1,2,3,4,1))),$);
#6067=IFCARBITRARYPROFILEDEFWITHVOIDS(.AREA.,$,#6064,(#6066));
#6068=IFCCARTESIANPOINT((0.02500000037252903,0.090000001713633537,0.02500000037252903));
#6069=IFCDIRECTION((0.,-1.,0.));
#6070=IFCDIRECTION((1.,0.,0.));
#6071=IFCAXIS2PLACEMENT3D(#6068,#6069,#6070);
#6072=IFCDIRECTION((0.,0.,-1.));
#6073=IFCEXTRUDEDAREASOLID(#6067,#6071,#6072,0.035000000149011612);
#6074=IFCINDEXEDPOLYCURVE(#6075,(IFCLINEINDEX((1,2,3,4,1))),$);
#6075=IFCCARTESIANPOINTLIST2D(((0.035000000149011612,0.035000000149011612),(0.51393056102097034,0.035000000149011612),(0.51393056102097034,0.81499997526407242),(0.035000000149011612,0.81499997526407242)));
#6076=IFCARBITRARYCLOSEDPROFILEDEF(.AREA.,$,#6074);
#6077=IFCCARTESIANPOINT((0.02500000037252903,0.10250000178813934,0.02500000037252903));
#6078=IFCDIRECTION((0.,-1.,0.));
#6079=IFCDIRECTION((1.,0.,0.));
#6080=IFCAXIS2PLACEMENT3D(#6077,#6078,#6079);
#6081=IFCDIRECTION((0.,0.,-1.));
#6082=IFCEXTRUDEDAREASOLID(#6076,#6080,#6081,0.01);
#6083=IFCCARTESIANPOINTLIST2D(((0.,0.89999997615814209),(0.5733293890953064,0.89999997615814209),(0.5733293890953064,0.),(0.,0.),(0.,0.02500000037252903),(0.54832938872277737,0.02500000037252903),(0.54832938872277737,0.87499997578561306),(0.,0.87499997578561306)));
#6084=IFCINDEXEDPOLYCURVE(#6083,(IFCLINEINDEX((1,2,3,4,5,6,7,8,1))),$);
#6085=IFCARBITRARYCLOSEDPROFILEDEF(.AREA.,$,#6084);
#6086=IFCCARTESIANPOINT((0.57393056154251099,0.090000001713633537,0.));
#6087=IFCDIRECTION((0.,-1.,0.));
#6088=IFCDIRECTION((1.,0.,0.));
#6089=IFCAXIS2PLACEMENT3D(#6086,#6087,#6088);
#6090=IFCDIRECTION((0.,0.,-1.));
#6091=IFCEXTRUDEDAREASOLID(#6085,#6089,#6090,0.0099999997764825821);
#6092=IFCCARTESIANPOINTLIST2D(((0.,0.),(0.5733293890953064,0.),(0.5733293890953064,0.89999997615814209),(0.,0.89999997615814209)));
#6093=IFCINDEXEDPOLYCURVE(#6092,(IFCLINEINDEX((1,2,3,4,1))),$);
#6094=IFCCARTESIANPOINTLIST2D(((0.02500000037252903,0.05000000074505806),(0.52332938835024834,0.05000000074505806),(0.52332938835024834,0.84999997541308403),(0.02500000037252903,0.84999997541308403)));
#6095=IFCINDEXEDPOLYCURVE(#6094,(IFCLINEINDEX((1,2,3,4,1))),$);
#6096=IFCARBITRARYPROFILEDEFWITHVOIDS(.AREA.,$,#6093,(#6095));
#6097=IFCCARTESIANPOINT((0.57393056154251099,0.05000000074505806,0.));
#6098=IFCDIRECTION((0.,-1.,0.));
#6099=IFCDIRECTION((1.,0.,0.));
#6100=IFCAXIS2PLACEMENT3D(#6097,#6098,#6099);
#6101=IFCDIRECTION((0.,0.,-1.));
#6102=IFCEXTRUDEDAREASOLID(#6096,#6100,#6101,0.040000000968575478);
#6103=IFCCARTESIANPOINTLIST2D(((0.,0.),(0.54832938872277737,0.),(0.54832938872277737,0.84999997541308403),(0.,0.84999997541308403)));
#6104=IFCINDEXEDPOLYCURVE(#6103,(IFCLINEINDEX((1,2,3,4,1))),$);
#6105=IFCCARTESIANPOINTLIST2D(((0.035000000149011612,0.035000000149011612),(0.51332938857376575,0.035000000149011612),(0.51332938857376575,0.81499997526407242),(0.035000000149011612,0.81499997526407242)));
#6106=IFCINDEXEDPOLYCURVE(#6105,(IFCLINEINDEX((1,2,3,4,1))),$);
#6107=IFCARBITRARYPROFILEDEFWITHVOIDS(.AREA.,$,#6104,(#6106));
#6108=IFCCARTESIANPOINT((0.57393056154251099,0.090000001713633537,0.02500000037252903));
#6109=IFCDIRECTION((0.,-1.,0.));
#6110=IFCDIRECTION((1.,0.,0.));
#6111=IFCAXIS2PLACEMENT3D(#6108,#6109,#6110);
#6112=IFCDIRECTION((0.,0.,-1.));
#6113=IFCEXTRUDEDAREASOLID(#6107,#6111,#6112,0.035000000149011612);
#6114=IFCINDEXEDPOLYCURVE(#6115,(IFCLINEINDEX((1,2,3,4,1))),$);
#6115=IFCCARTESIANPOINTLIST2D(((0.035000000149011612,0.035000000149011612),(0.51332938857376575,0.035000000149011612),(0.51332938857376575,0.81499997526407242),(0.035000000149011612,0.81499997526407242)));
#6116=IFCARBITRARYCLOSEDPROFILEDEF(.AREA.,$,#6114);
#6117=IFCCARTESIANPOINT((0.57393056154251099,0.10250000178813934,0.02500000037252903));
#6118=IFCDIRECTION((0.,-1.,0.));
#6119=IFCDIRECTION((1.,0.,0.));
#6120=IFCAXIS2PLACEMENT3D(#6117,#6118,#6119);
#6121=IFCDIRECTION((0.,0.,-1.));
#6122=IFCEXTRUDEDAREASOLID(#6116,#6120,#6121,0.01);
#6123=IFCSHAPEREPRESENTATION(#11,'Body','SweptSolid',(#6051,#6062,#6073,#6082,#6091,#6102,#6113,#6122));
#6124=IFCCARTESIANPOINTLIST2D(((0.05000000074505806,0.05000000074505806),(0.54893056116998196,0.05000000074505806)));
#6125=IFCINDEXEDPOLYCURVE(#6124,$,$);
#6126=IFCCARTESIANPOINTLIST2D(((0.,0.10000000149011612),(0.02500000037252903,0.10000000149011612),(0.02500000037252903,0.090000001713633537),(0.05000000074505806,0.090000001713633537),(0.05000000074505806,0.05000000074505806),(0.,0.05000000074505806)));
#6127=IFCINDEXEDPOLYCURVE(#6126,(IFCLINEINDEX((1,2,3,4,5,6,1))),$);
#6128=IFCCARTESIANPOINTLIST2D(((0.57393056154251099,0.10000000149011612),(0.57393056154251099,0.10000000149011612),(0.57393056154251099,0.090000001713633537),(0.54893056116998196,0.090000001713633537),(0.54893056116998196,0.05000000074505806),(0.57393056154251099,0.05000000074505806)));
#6129=IFCINDEXEDPOLYCURVE(#6128,$,$);
#6130=IFCCARTESIANPOINTLIST2D(((0.02500000037252903,0.090000001713633537),(0.060000000521540642,0.090000001713633537),(0.060000000521540642,0.12500000186264515),(0.02500000037252903,0.12500000186264515)));
#6131=IFCINDEXEDPOLYCURVE(#6130,(IFCLINEINDEX((1,2,3,4,1))),$);
#6132=IFCINDEXEDPOLYCURVE(#6133,(IFCLINEINDEX((1,2,3,4,1))),$);
#6133=IFCCARTESIANPOINTLIST2D(((0.57393056154251099,0.090000001713633537),(0.53893056139349937,0.090000001713633537),(0.53893056139349937,0.12500000186264515),(0.57393056154251099,0.12500000186264515)));
#6134=IFCCARTESIANPOINTLIST2D(((0.060000000521540642,0.090000001713633537),(0.53893056139349937,0.090000001713633537)));
#6135=IFCINDEXEDPOLYCURVE(#6134,$,$);
#6136=IFCINDEXEDPOLYCURVE(#6137,$,$);
#6137=IFCCARTESIANPOINTLIST2D(((0.060000000521540642,0.12500000186264515),(0.53893056139349937,0.12500000186264515)));
#6138=IFCINDEXEDPOLYCURVE(#6139,$,$);
#6139=IFCCARTESIANPOINTLIST2D(((0.060000000521540642,0.10750000178813934),(0.53893056139349937,0.10750000178813934)));
#6140=IFCCARTESIANPOINTLIST2D(((0.59893056191504002,0.05000000074505806),(1.0972599498927593,0.05000000074505806)));
#6141=IFCINDEXEDPOLYCURVE(#6140,$,$);
#6142=IFCCARTESIANPOINTLIST2D(((0.57393056154251099,0.10000000149011612),(0.57393056154251099,0.10000000149011612),(0.57393056154251099,0.090000001713633537),(0.59893056191504002,0.090000001713633537),(0.59893056191504002,0.05000000074505806),(0.57393056154251099,0.05000000074505806)));
#6143=IFCINDEXEDPOLYCURVE(#6142,$,$);
#6144=IFCCARTESIANPOINTLIST2D(((1.1472599506378174,0.10000000149011612),(1.1222599502652884,0.10000000149011612),(1.1222599502652884,0.090000001713633537),(1.0972599498927593,0.090000001713633537),(1.0972599498927593,0.05000000074505806),(1.1472599506378174,0.05000000074505806)));
#6145=IFCINDEXEDPOLYCURVE(#6144,(IFCLINEINDEX((1,2,3,4,5,6,1))),$);
#6146=IFCCARTESIANPOINTLIST2D(((0.57393056154251099,0.090000001713633537),(0.6089305616915226,0.090000001713633537),(0.6089305616915226,0.12500000186264515),(0.57393056154251099,0.12500000186264515)));
#6147=IFCINDEXEDPOLYCURVE(#6146,(IFCLINEINDEX((1,2,3,4,1))),$);
#6148=IFCINDEXEDPOLYCURVE(#6149,(IFCLINEINDEX((1,2,3,4,1))),$);
#6149=IFCCARTESIANPOINTLIST2D(((1.1222599502652884,0.090000001713633537),(1.0872599501162767,0.090000001713633537),(1.0872599501162767,0.12500000186264515),(1.1222599502652884,0.12500000186264515)));
#6150=IFCCARTESIANPOINTLIST2D(((0.6089305616915226,0.090000001713633537),(1.0872599501162767,0.090000001713633537)));
#6151=IFCINDEXEDPOLYCURVE(#6150,$,$);
#6152=IFCINDEXEDPOLYCURVE(#6153,$,$);
#6153=IFCCARTESIANPOINTLIST2D(((0.6089305616915226,0.12500000186264515),(1.0872599501162767,0.12500000186264515)));
#6154=IFCINDEXEDPOLYCURVE(#6155,$,$);
#6155=IFCCARTESIANPOINTLIST2D(((0.6089305616915226,0.10750000178813934),(1.0872599501162767,0.10750000178813934)));
#6156=IFCSHAPEREPRESENTATION(#24,'Body','Curve2D',(#6125,#6127,#6129,#6131,#6132,#6135,#6136,#6138,#6141,#6143,#6145,#6147,#6148,#6151,#6152,#6154));
#6157=IFCCARTESIANPOINTLIST2D(((0.,0.),(1.1472599506378174,0.),(1.1472599506378174,0.89999997615814209),(0.,0.89999997615814209)));
#6158=IFCINDEXEDPOLYCURVE(#6157,(IFCLINEINDEX((1,2,3,4,1))),$);
#6159=IFCARBITRARYCLOSEDPROFILEDEF(.AREA.,$,#6158);
#6160=IFCCARTESIANPOINT((0.,-0.60000002384185791,0.));
#6161=IFCDIRECTION((0.,-1.,0.));
#6162=IFCDIRECTION((1.,0.,0.));
#6163=IFCAXIS2PLACEMENT3D(#6160,#6161,#6162);
#6164=IFCDIRECTION((0.,0.,-1.));
#6165=IFCEXTRUDEDAREASOLID(#6159,#6163,#6164,1.2);
#6166=IFCSHAPEREPRESENTATION(#11,'Body','SweptSolid',(#6165));
#6172=IFCCARTESIANPOINT((1.0659607412484018,2.6822090148925781E-07,1.));
#6173=IFCDIRECTION((0.,0.,1.));
#6174=IFCDIRECTION((0.99999999999997158,-2.3841857910155572E-07,0.));
#6175=IFCAXIS2PLACEMENT3D(#6172,#6173,#6174);
#6176=IFCLOCALPLACEMENT(#771,#6175);
#6177=IFCCARTESIANPOINT((0.,0.,0.));
#6178=IFCDIRECTION((0.,0.,1.));
#6179=IFCDIRECTION((1.,0.,0.));
#6180=IFCAXIS2PLACEMENT3D(#6177,#6178,#6179);
#6181=IFCLOCALPLACEMENT(#6176,#6180);
#6188=IFCRELCONTAINEDINSPATIALSTRUCTURE('1FJNE8uZ5Ayg1pP4FOyKBW',$,$,$,(#9663,#9370,#8910,#10074,#15200,#12119,#9625,#9922,#9792,#10560,#9345,#8960,#10967,#10408,#8885,#13375,#10124,#13813,#18633,#10430,#15864,#9153,#14345,#8935,#11726,#15553,#9987,#10099,#14710,#15018,#13486,#11404,#18722),#39);
#6210=IFCROOFTYPE('1WpZX2LyvBIRRL1g1I7WDf',$,'Unnamed',$,$,(#6211),(#6240,#6268),$,$,.HIP_ROOF.);
#6211=IFCPROPERTYSET('35o5NAwfz3jwxrR6MRb0AU',$,'BBIM_Roof',$,(#6212));
#6212=IFCPROPERTYSINGLEVALUE('Data',$,IFCTEXT('{"roof_type": "HIP/GABLE ROOF", "generation_method": "ANGLE", "roof_thickness": 0.10000000149011612, "rafter_edge_angle": 1.5707963705062866, "angle": 0.1745329201221466, "percentage": 17.63269805908203, "path_data": {"edges": [[0, 1], [1, 2], [2, 3], [3, 0]], "verts": [[-5.0, -5.0, 0.0], [-5.0, 5.0, 0.0], [5.0, 5.0, 0.0], [5.0, -5.0, 0.0]]}}'),$);
#6236=IFCCARTESIANPOINT((0.,0.,0.));
#6237=IFCDIRECTION((1.,0.,0.));
#6238=IFCDIRECTION((0.,0.,1.));
#6239=IFCAXIS2PLACEMENT3D(#6236,#6238,#6237);
#6240=IFCREPRESENTATIONMAP(#6239,#6259);
#6241=IFCINDEXEDPOLYGONALFACE((3,1,2));
#6242=IFCINDEXEDPOLYGONALFACE((2,4,3));
#6243=IFCINDEXEDPOLYGONALFACE((1,3,5));
#6244=IFCINDEXEDPOLYGONALFACE((4,5,3));
#6245=IFCINDEXEDPOLYGONALFACE((6,7,8));
#6246=IFCINDEXEDPOLYGONALFACE((8,2,1));
#6247=IFCINDEXEDPOLYGONALFACE((8,1,6));
#6248=IFCINDEXEDPOLYGONALFACE((8,7,9));
#6249=IFCINDEXEDPOLYGONALFACE((2,8,9));
#6250=IFCINDEXEDPOLYGONALFACE((2,9,4));
#6251=IFCINDEXEDPOLYGONALFACE((10,7,6));
#6252=IFCINDEXEDPOLYGONALFACE((6,1,5));
#6253=IFCINDEXEDPOLYGONALFACE((6,5,10));
#6254=IFCINDEXEDPOLYGONALFACE((9,7,10));
#6255=IFCINDEXEDPOLYGONALFACE((4,9,10));
#6256=IFCINDEXEDPOLYGONALFACE((4,10,5));
#6257=IFCCARTESIANPOINTLIST3D(((-5.,-5.,0.),(5.,-5.,0.),(0.,0.,0.88163489103317261),(5.,5.,0.),(-5.,5.,0.),(-5.,-5.,-0.10154265910387039),(0.,0.,0.78009223937988281),(5.,-5.,-0.10154265910387039),(5.,5.,-0.10154265910387039),(-5.,5.,-0.10154265910387039)));
#6258=IFCPOLYGONALFACESET(#6257,.T.,(#6241,#6242,#6243,#6244,#6245,#6246,#6247,#6248,#6249,#6250,#6251,#6252,#6253,#6254,#6255,#6256),$);
#6259=IFCSHAPEREPRESENTATION(#11,'Body','Tessellation',(#6258));
#6261=IFCCARTESIANPOINT((-5.,-5.,-0.10154265910387039));
#6262=IFCBOUNDINGBOX(#6261,10.,10.,0.9831775426864624);
#6263=IFCSHAPEREPRESENTATION(#13,'Box','BoundingBox',(#6262));
#6264=IFCCARTESIANPOINT((0.,0.,0.));
#6265=IFCDIRECTION((1.,0.,0.));
#6266=IFCDIRECTION((0.,0.,1.));
#6267=IFCAXIS2PLACEMENT3D(#6264,#6266,#6265);
#6268=IFCREPRESENTATIONMAP(#6267,#6263);
#6291=IFCCARTESIANPOINT((-8.8817841970012523E-16,0.,0.));
#6292=IFCDIRECTION((0.,0.,1.));
#6293=IFCDIRECTION((1.,0.,0.));
#6294=IFCAXIS2PLACEMENT3D(#6291,#6292,#6293);
#6295=IFCLOCALPLACEMENT(#5778,#6294);
#6444=IFCDOOR('2yd62afGnDIR0tUYv2unen',$,'Door',$,$,#7262,#6453,$,2.,1.3903898000717163,$,.SLIDING_TO_RIGHT.,$);
#6445=IFCRELDEFINESBYTYPE('0gzYaCuzHE3vg76sQtt81u',$,$,$,(#6444),#3220);
#6446=IFCCARTESIANPOINT((0.,0.,0.));
#6447=IFCDIRECTION((1.,0.,0.));
#6448=IFCDIRECTION((0.,1.,0.));
#6449=IFCDIRECTION((0.,0.,1.));
#6450=IFCCARTESIANTRANSFORMATIONOPERATOR3D(#6447,#6448,#6446,1.,#6449);
#6451=IFCMAPPEDITEM(#3223,#6450);
#6452=IFCSHAPEREPRESENTATION(#18,'Profile','MappedRepresentation',(#6451));
#6453=IFCPRODUCTDEFINITIONSHAPE($,$,(#6452,#6460,#6467,#6474));
#6454=IFCCARTESIANPOINT((0.,0.,0.));
#6455=IFCDIRECTION((1.,0.,0.));
#6456=IFCDIRECTION((0.,1.,0.));
#6457=IFCDIRECTION((0.,0.,1.));
#6458=IFCCARTESIANTRANSFORMATIONOPERATOR3D(#6455,#6456,#6454,1.,#6457);
#6459=IFCMAPPEDITEM(#3231,#6458);
#6460=IFCSHAPEREPRESENTATION(#11,'Body','MappedRepresentation',(#6459));
#6461=IFCCARTESIANPOINT((0.,0.,0.));
#6462=IFCDIRECTION((1.,0.,0.));
#6463=IFCDIRECTION((0.,1.,0.));
#6464=IFCDIRECTION((0.,0.,1.));
#6465=IFCCARTESIANTRANSFORMATIONOPERATOR3D(#6462,#6463,#6461,1.,#6464);
#6466=IFCMAPPEDITEM(#3309,#6465);
#6467=IFCSHAPEREPRESENTATION(#24,'Body','MappedRepresentation',(#6466));
#6468=IFCCARTESIANPOINT((0.,0.,0.));
#6469=IFCDIRECTION((1.,0.,0.));
#6470=IFCDIRECTION((0.,1.,0.));
#6471=IFCDIRECTION((0.,0.,1.));
#6472=IFCCARTESIANTRANSFORMATIONOPERATOR3D(#6469,#6470,#6468,1.,#6471);
#6473=IFCMAPPEDITEM(#3686,#6472);
#6474=IFCSHAPEREPRESENTATION(#25,'Annotation','MappedRepresentation',(#6473));
#6475=IFCOPENINGELEMENT('2hAUUFhxf6iew8iKCNkvnN',$,'Opening',$,$,#7257,#6503,$,.OPENING.);
#6491=IFCCARTESIANPOINT((0.,0.,0.));
#6492=IFCDIRECTION((1.,0.,0.));
#6493=IFCDIRECTION((0.,0.,1.));
#6494=IFCAXIS2PLACEMENT3D(#6491,#6493,#6492);
#6495=IFCREPRESENTATIONMAP(#6494,#7247);
#6496=IFCCARTESIANPOINT((0.,0.,0.));
#6497=IFCDIRECTION((1.,0.,0.));
#6498=IFCDIRECTION((0.,1.,0.));
#6499=IFCDIRECTION((0.,0.,1.));
#6500=IFCCARTESIANTRANSFORMATIONOPERATOR3D(#6497,#6498,#6496,1.,#6499);
#6501=IFCMAPPEDITEM(#6495,#6500);
#6502=IFCSHAPEREPRESENTATION(#11,'Body','MappedRepresentation',(#6501));
#6503=IFCPRODUCTDEFINITIONSHAPE($,$,(#6502));
#6504=IFCRELVOIDSELEMENT('0ISPDXOe9639AAh37MJciG',$,$,$,#1052,#6475);
#6510=IFCRELFILLSELEMENT('0IzhnYnJP0ShaCfzIOFghU',$,$,$,#6475,#6444);
#6534=IFCCARTESIANPOINTLIST2D(((0.,0.),(0.,2.),(1.3722077608108521,2.),(1.3722077608108521,0.),(1.322207760065794,0.),(1.322207760065794,1.9499999992549419),(0.05000000074505806,1.9499999992549419),(0.05000000074505806,0.)));
#6535=IFCINDEXEDPOLYCURVE(#6534,(IFCLINEINDEX((1,2,3,4,5,6,7,8,1))),$);
#6536=IFCARBITRARYCLOSEDPROFILEDEF(.AREA.,$,#6535);
#6537=IFCCARTESIANPOINT((0.,0.,0.));
#6538=IFCDIRECTION((0.,-1.,0.));
#6539=IFCDIRECTION((1.,0.,0.));
#6540=IFCAXIS2PLACEMENT3D(#6537,#6538,#6539);
#6541=IFCDIRECTION((0.,0.,-1.));
#6542=IFCEXTRUDEDAREASOLID(#6536,#6540,#6541,0.05000000074505806);
#6543=IFCCARTESIANPOINTLIST2D(((0.,0.),(1.2722077593207359,0.),(1.2722077593207359,0.10000000149011612),(0.,0.10000000149011612)));
#6544=IFCINDEXEDPOLYCURVE(#6543,(IFCLINEINDEX((1,2,3,4,1))),$);
#6545=IFCARBITRARYCLOSEDPROFILEDEF(.AREA.,$,#6544);
#6546=IFCCARTESIANPOINT((0.05000000074505806,0.,0.));
#6547=IFCDIRECTION((0.,0.,1.));
#6548=IFCDIRECTION((1.,0.,0.));
#6549=IFCAXIS2PLACEMENT3D(#6546,#6547,#6548);
#6550=IFCDIRECTION((0.,0.,1.));
#6551=IFCEXTRUDEDAREASOLID(#6545,#6549,#6550,0.02500000037252903);
#6552=IFCCARTESIANPOINTLIST2D(((0.,0.),(0.,2.0250000022351742),(1.4222077652812004,2.0250000022351742),(1.4222077652812004,0.),(1.3472077623009682,0.),(1.3472077623009682,1.9499999992549419),(0.075000002980232239,1.9499999992549419),(0.075000002980232239,0.)));
#6553=IFCINDEXEDPOLYCURVE(#6552,(IFCLINEINDEX((1,2,3,4,5,6,7,8,1))),$);
#6554=IFCARBITRARYCLOSEDPROFILEDEF(.AREA.,$,#6553);
#6555=IFCCARTESIANPOINT((-0.025000002235174179,-0.004999999888241291,0.));
#6556=IFCDIRECTION((0.,-1.,0.));
#6557=IFCDIRECTION((1.,0.,0.));
#6558=IFCAXIS2PLACEMENT3D(#6555,#6556,#6557);
#6559=IFCDIRECTION((0.,0.,-1.));
#6560=IFCEXTRUDEDAREASOLID(#6554,#6558,#6559,0.004999999888241291);
#6561=IFCCARTESIANPOINTLIST2D(((0.,0.),(0.,2.0250000022351742),(1.4222077652812004,2.0250000022351742),(1.4222077652812004,0.),(1.3472077623009682,0.),(1.3472077623009682,1.9499999992549419),(0.075000002980232239,1.9499999992549419),(0.075000002980232239,0.)));
#6562=IFCINDEXEDPOLYCURVE(#6561,(IFCLINEINDEX((1,2,3,4,5,6,7,8,1))),$);
#6563=IFCARBITRARYCLOSEDPROFILEDEF(.AREA.,$,#6562);
#6564=IFCCARTESIANPOINT((-0.025000002235174179,0.05000000074505806,0.));
#6565=IFCDIRECTION((0.,-1.,0.));
#6566=IFCDIRECTION((1.,0.,0.));
#6567=IFCAXIS2PLACEMENT3D(#6564,#6565,#6566);
#6568=IFCDIRECTION((0.,0.,-1.));
#6569=IFCEXTRUDEDAREASOLID(#6563,#6567,#6568,0.004999999888241291);
#6570=IFCCARTESIANPOINTLIST2D(((0.,0.),(1.2722077593207359,0.),(1.2722077593207359,0.054662380367517471),(0.,0.054662380367517471)));
#6571=IFCINDEXEDPOLYCURVE(#6570,(IFCLINEINDEX((1,2,3,4,1))),$);
#6572=IFCARBITRARYCLOSEDPROFILEDEF(.AREA.,$,#6571);
#6573=IFCCARTESIANPOINT((0.05000000074505806,-0.054662380367517471,0.02500000037252903));
#6574=IFCDIRECTION((0.,0.,1.));
#6575=IFCDIRECTION((1.,0.,0.));
#6576=IFCAXIS2PLACEMENT3D(#6573,#6574,#6575);
#6577=IFCDIRECTION((0.,0.,1.));
#6578=IFCEXTRUDEDAREASOLID(#6572,#6576,#6577,1.9249999988824129);
#6579=IFCCARTESIANPOINTLIST2D(((0.,0.),(0.,-0.040000000000000001),(0.12,-0.040000000000000001),(0.12,-0.02),(0.02,-0.02),(0.02,0.)));
#6580=IFCINDEXEDPOLYCURVE(#6579,(IFCLINEINDEX((1,2,3,4,5,6,1))),$);
#6581=IFCARBITRARYCLOSEDPROFILEDEF(.AREA.,$,#6580);
#6582=IFCCARTESIANPOINT((0.10000000074505806,-0.054662380367517471,1.015000000372529));
#6583=IFCDIRECTION((0.,0.,1.));
#6584=IFCDIRECTION((1.,0.,0.));
#6585=IFCAXIS2PLACEMENT3D(#6582,#6583,#6584);
#6586=IFCDIRECTION((0.,0.,1.));
#6587=IFCEXTRUDEDAREASOLID(#6581,#6585,#6586,0.02);
#6588=IFCEXTRUDEDAREASOLID(#6589,#6592,#6596,0.02);
#6589=IFCARBITRARYCLOSEDPROFILEDEF(.AREA.,$,#6590);
#6590=IFCINDEXEDPOLYCURVE(#6591,(IFCLINEINDEX((1,2,3,4,5,6,1))),$);
#6591=IFCCARTESIANPOINTLIST2D(((0.,0.),(0.,0.040000000000000008),(0.11999999999999998,0.040000000000000008),(0.11999999999999998,0.020000000000000004),(0.020000000000000004,0.020000000000000004),(0.020000000000000004,0.)));
#6592=IFCAXIS2PLACEMENT3D(#6593,#6594,#6595);
#6593=IFCCARTESIANPOINT((0.10000000074505806,0.,1.015000000372529));
#6594=IFCDIRECTION((0.,0.,1.));
#6595=IFCDIRECTION((1.,0.,0.));
#6596=IFCDIRECTION((0.,0.,1.));
#6598=IFCSHAPEREPRESENTATION(#11,'Body','SweptSolid',(#6569,#6876,#7075,#6668,#6867,#6659,#6858,#6677,#6560,#7066,#6781,#6551,#7197,#6989,#6650,#6772,#6542,#7188,#6980,#6763,#6971,#7170,#7179,#7093,#6754,#6885,#7084,#6962));
#6599=IFCSHAPEASPECT((#6598),'Lining',$,.T.,#6453);
#6600=IFCSHAPEREPRESENTATION(#11,'Body','SweptSolid',(#6800,#7007,#7206,#6799,#7216,#6790,#7008,#6998,#7111,#6903,#6904,#6695,#6587,#6696,#7102,#6588,#6578,#7112,#6894,#6686,#7215));
#6601=IFCSHAPEASPECT((#6600),'Framing',$,.T.,#6453);
#6642=IFCCARTESIANPOINTLIST2D(((0.,0.),(0.,2.),(1.3722077608108521,2.),(1.3722077608108521,0.),(1.322207760065794,0.),(1.322207760065794,1.9499999992549419),(0.05000000074505806,1.9499999992549419),(0.05000000074505806,0.)));
#6643=IFCINDEXEDPOLYCURVE(#6642,(IFCLINEINDEX((1,2,3,4,5,6,7,8,1))),$);
#6644=IFCARBITRARYCLOSEDPROFILEDEF(.AREA.,$,#6643);
#6645=IFCCARTESIANPOINT((0.,0.,0.));
#6646=IFCDIRECTION((0.,-1.,0.));
#6647=IFCDIRECTION((1.,0.,0.));
#6648=IFCAXIS2PLACEMENT3D(#6645,#6646,#6647);
#6649=IFCDIRECTION((0.,0.,-1.));
#6650=IFCEXTRUDEDAREASOLID(#6644,#6648,#6649,0.05000000074505806);
#6651=IFCCARTESIANPOINTLIST2D(((0.,0.),(1.2722077593207359,0.),(1.2722077593207359,0.10000000149011612),(0.,0.10000000149011612)));
#6652=IFCINDEXEDPOLYCURVE(#6651,(IFCLINEINDEX((1,2,3,4,1))),$);
#6653=IFCARBITRARYCLOSEDPROFILEDEF(.AREA.,$,#6652);
#6654=IFCCARTESIANPOINT((0.05000000074505806,0.,0.));
#6655=IFCDIRECTION((0.,0.,1.));
#6656=IFCDIRECTION((1.,0.,0.));
#6657=IFCAXIS2PLACEMENT3D(#6654,#6655,#6656);
#6658=IFCDIRECTION((0.,0.,1.));
#6659=IFCEXTRUDEDAREASOLID(#6653,#6657,#6658,0.02500000037252903);
#6660=IFCCARTESIANPOINTLIST2D(((0.,0.),(0.,2.0250000022351742),(1.4222077652812004,2.0250000022351742),(1.4222077652812004,0.),(1.3472077623009682,0.),(1.3472077623009682,1.9499999992549419),(0.075000002980232239,1.9499999992549419),(0.075000002980232239,0.)));
#6661=IFCINDEXEDPOLYCURVE(#6660,(IFCLINEINDEX((1,2,3,4,5,6,7,8,1))),$);
#6662=IFCARBITRARYCLOSEDPROFILEDEF(.AREA.,$,#6661);
#6663=IFCCARTESIANPOINT((-0.025000002235174179,-0.004999999888241291,0.));
#6664=IFCDIRECTION((0.,-1.,0.));
#6665=IFCDIRECTION((1.,0.,0.));
#6666=IFCAXIS2PLACEMENT3D(#6663,#6664,#6665);
#6667=IFCDIRECTION((0.,0.,-1.));
#6668=IFCEXTRUDEDAREASOLID(#6662,#6666,#6667,0.004999999888241291);
#6669=IFCCARTESIANPOINTLIST2D(((0.,0.),(0.,2.0250000022351742),(1.4222077652812004,2.0250000022351742),(1.4222077652812004,0.),(1.3472077623009682,0.),(1.3472077623009682,1.9499999992549419),(0.075000002980232239,1.9499999992549419),(0.075000002980232239,0.)));
#6670=IFCINDEXEDPOLYCURVE(#6669,(IFCLINEINDEX((1,2,3,4,5,6,7,8,1))),$);
#6671=IFCARBITRARYCLOSEDPROFILEDEF(.AREA.,$,#6670);
#6672=IFCCARTESIANPOINT((-0.025000002235174179,0.05000000074505806,0.));
#6673=IFCDIRECTION((0.,-1.,0.));
#6674=IFCDIRECTION((1.,0.,0.));
#6675=IFCAXIS2PLACEMENT3D(#6672,#6673,#6674);
#6676=IFCDIRECTION((0.,0.,-1.));
#6677=IFCEXTRUDEDAREASOLID(#6671,#6675,#6676,0.004999999888241291);
#6678=IFCCARTESIANPOINTLIST2D(((0.,0.),(1.2722077593207359,0.),(1.2722077593207359,0.054662380367517471),(0.,0.054662380367517471)));
#6679=IFCINDEXEDPOLYCURVE(#6678,(IFCLINEINDEX((1,2,3,4,1))),$);
#6680=IFCARBITRARYCLOSEDPROFILEDEF(.AREA.,$,#6679);
#6681=IFCCARTESIANPOINT((0.05000000074505806,-0.054662380367517471,0.02500000037252903));
#6682=IFCDIRECTION((0.,0.,1.));
#6683=IFCDIRECTION((1.,0.,0.));
#6684=IFCAXIS2PLACEMENT3D(#6681,#6682,#6683);
#6685=IFCDIRECTION((0.,0.,1.));
#6686=IFCEXTRUDEDAREASOLID(#6680,#6684,#6685,1.9249999988824129);
#6687=IFCCARTESIANPOINTLIST2D(((0.,0.),(0.,-0.040000000000000001),(0.12,-0.040000000000000001),(0.12,-0.02),(0.02,-0.02),(0.02,0.)));
#6688=IFCINDEXEDPOLYCURVE(#6687,(IFCLINEINDEX((1,2,3,4,5,6,1))),$);
#6689=IFCARBITRARYCLOSEDPROFILEDEF(.AREA.,$,#6688);
#6690=IFCCARTESIANPOINT((0.10000000074505806,-0.054662380367517471,1.015000000372529));
#6691=IFCDIRECTION((0.,0.,1.));
#6692=IFCDIRECTION((1.,0.,0.));
#6693=IFCAXIS2PLACEMENT3D(#6690,#6691,#6692);
#6694=IFCDIRECTION((0.,0.,1.));
#6695=IFCEXTRUDEDAREASOLID(#6689,#6693,#6694,0.02);
#6696=IFCEXTRUDEDAREASOLID(#6697,#6700,#6704,0.02);
#6697=IFCARBITRARYCLOSEDPROFILEDEF(.AREA.,$,#6698);
#6698=IFCINDEXEDPOLYCURVE(#6699,(IFCLINEINDEX((1,2,3,4,5,6,1))),$);
#6699=IFCCARTESIANPOINTLIST2D(((0.,0.),(0.,0.040000000000000008),(0.11999999999999998,0.040000000000000008),(0.11999999999999998,0.020000000000000004),(0.020000000000000004,0.020000000000000004),(0.020000000000000004,0.)));
#6700=IFCAXIS2PLACEMENT3D(#6701,#6702,#6703);
#6701=IFCCARTESIANPOINT((0.10000000074505806,0.,1.015000000372529));
#6702=IFCDIRECTION((0.,0.,1.));
#6703=IFCDIRECTION((1.,0.,0.));
#6704=IFCDIRECTION((0.,0.,1.));
#6746=IFCCARTESIANPOINTLIST2D(((0.,0.),(0.,2.),(0.74508845806121826,2.),(0.74508845806121826,0.),(0.6950884573161602,0.),(0.6950884573161602,1.9499999992549419),(0.05000000074505806,1.9499999992549419),(0.05000000074505806,0.)));
#6747=IFCINDEXEDPOLYCURVE(#6746,(IFCLINEINDEX((1,2,3,4,5,6,7,8,1))),$);
#6748=IFCARBITRARYCLOSEDPROFILEDEF(.AREA.,$,#6747);
#6749=IFCCARTESIANPOINT((0.,0.,0.));
#6750=IFCDIRECTION((0.,-1.,0.));
#6751=IFCDIRECTION((1.,0.,0.));
#6752=IFCAXIS2PLACEMENT3D(#6749,#6750,#6751);
#6753=IFCDIRECTION((0.,0.,-1.));
#6754=IFCEXTRUDEDAREASOLID(#6748,#6752,#6753,0.05000000074505806);
#6755=IFCCARTESIANPOINTLIST2D(((0.,0.),(0.64508845657110214,0.),(0.64508845657110214,0.10000000149011612),(0.,0.10000000149011612)));
#6756=IFCINDEXEDPOLYCURVE(#6755,(IFCLINEINDEX((1,2,3,4,1))),$);
#6757=IFCARBITRARYCLOSEDPROFILEDEF(.AREA.,$,#6756);
#6758=IFCCARTESIANPOINT((0.05000000074505806,0.,0.));
#6759=IFCDIRECTION((0.,0.,1.));
#6760=IFCDIRECTION((1.,0.,0.));
#6761=IFCAXIS2PLACEMENT3D(#6758,#6759,#6760);
#6762=IFCDIRECTION((0.,0.,1.));
#6763=IFCEXTRUDEDAREASOLID(#6757,#6761,#6762,0.02500000037252903);
#6764=IFCCARTESIANPOINTLIST2D(((0.,0.),(0.,2.0250000022351742),(0.79508846253156662,2.0250000022351742),(0.79508846253156662,0.),(0.72008845955133438,0.),(0.72008845955133438,1.9499999992549419),(0.075000002980232239,1.9499999992549419),(0.075000002980232239,0.)));
#6765=IFCINDEXEDPOLYCURVE(#6764,(IFCLINEINDEX((1,2,3,4,5,6,7,8,1))),$);
#6766=IFCARBITRARYCLOSEDPROFILEDEF(.AREA.,$,#6765);
#6767=IFCCARTESIANPOINT((-0.025000002235174179,-0.004999999888241291,0.));
#6768=IFCDIRECTION((0.,-1.,0.));
#6769=IFCDIRECTION((1.,0.,0.));
#6770=IFCAXIS2PLACEMENT3D(#6767,#6768,#6769);
#6771=IFCDIRECTION((0.,0.,-1.));
#6772=IFCEXTRUDEDAREASOLID(#6766,#6770,#6771,0.004999999888241291);
#6773=IFCCARTESIANPOINTLIST2D(((0.,0.),(0.,2.0250000022351742),(0.79508846253156662,2.0250000022351742),(0.79508846253156662,0.),(0.72008845955133438,0.),(0.72008845955133438,1.9499999992549419),(0.075000002980232239,1.9499999992549419),(0.075000002980232239,0.)));
#6774=IFCINDEXEDPOLYCURVE(#6773,(IFCLINEINDEX((1,2,3,4,5,6,7,8,1))),$);
#6775=IFCARBITRARYCLOSEDPROFILEDEF(.AREA.,$,#6774);
#6776=IFCCARTESIANPOINT((-0.025000002235174179,0.05000000074505806,0.));
#6777=IFCDIRECTION((0.,-1.,0.));
#6778=IFCDIRECTION((1.,0.,0.));
#6779=IFCAXIS2PLACEMENT3D(#6776,#6777,#6778);
#6780=IFCDIRECTION((0.,0.,-1.));
#6781=IFCEXTRUDEDAREASOLID(#6775,#6779,#6780,0.004999999888241291);
#6782=IFCCARTESIANPOINTLIST2D(((0.,0.),(0.64508845657110214,0.),(0.64508845657110214,0.054662380367517471),(0.,0.054662380367517471)));
#6783=IFCINDEXEDPOLYCURVE(#6782,(IFCLINEINDEX((1,2,3,4,1))),$);
#6784=IFCARBITRARYCLOSEDPROFILEDEF(.AREA.,$,#6783);
#6785=IFCCARTESIANPOINT((0.05000000074505806,-0.054662380367517471,0.02500000037252903));
#6786=IFCDIRECTION((0.,0.,1.));
#6787=IFCDIRECTION((1.,0.,0.));
#6788=IFCAXIS2PLACEMENT3D(#6785,#6786,#6787);
#6789=IFCDIRECTION((0.,0.,1.));
#6790=IFCEXTRUDEDAREASOLID(#6784,#6788,#6789,1.9249999988824129);
#6791=IFCCARTESIANPOINTLIST2D(((0.,0.),(0.,-0.040000000000000001),(0.12,-0.040000000000000001),(0.12,-0.02),(0.02,-0.02),(0.02,0.)));
#6792=IFCINDEXEDPOLYCURVE(#6791,(IFCLINEINDEX((1,2,3,4,5,6,1))),$);
#6793=IFCARBITRARYCLOSEDPROFILEDEF(.AREA.,$,#6792);
#6794=IFCCARTESIANPOINT((0.10000000074505806,-0.054662380367517471,1.015000000372529));
#6795=IFCDIRECTION((0.,0.,1.));
#6796=IFCDIRECTION((1.,0.,0.));
#6797=IFCAXIS2PLACEMENT3D(#6794,#6795,#6796);
#6798=IFCDIRECTION((0.,0.,1.));
#6799=IFCEXTRUDEDAREASOLID(#6793,#6797,#6798,0.02);
#6800=IFCEXTRUDEDAREASOLID(#6801,#6804,#6808,0.02);
#6801=IFCARBITRARYCLOSEDPROFILEDEF(.AREA.,$,#6802);
#6802=IFCINDEXEDPOLYCURVE(#6803,(IFCLINEINDEX((1,2,3,4,5,6,1))),$);
#6803=IFCCARTESIANPOINTLIST2D(((0.,0.),(0.,0.040000000000000008),(0.11999999999999998,0.040000000000000008),(0.11999999999999998,0.020000000000000004),(0.020000000000000004,0.020000000000000004),(0.020000000000000004,0.)));
#6804=IFCAXIS2PLACEMENT3D(#6805,#6806,#6807);
#6805=IFCCARTESIANPOINT((0.10000000074505806,0.,1.015000000372529));
#6806=IFCDIRECTION((0.,0.,1.));
#6807=IFCDIRECTION((1.,0.,0.));
#6808=IFCDIRECTION((0.,0.,1.));
#6850=IFCCARTESIANPOINTLIST2D(((0.,0.),(0.,2.),(1.3903898000717163,2.),(1.3903898000717163,0.),(1.3403897993266582,0.),(1.3403897993266582,1.9499999992549419),(0.05000000074505806,1.9499999992549419),(0.05000000074505806,0.)));
#6851=IFCINDEXEDPOLYCURVE(#6850,(IFCLINEINDEX((1,2,3,4,5,6,7,8,1))),$);
#6852=IFCARBITRARYCLOSEDPROFILEDEF(.AREA.,$,#6851);
#6853=IFCCARTESIANPOINT((0.,0.,0.));
#6854=IFCDIRECTION((0.,-1.,0.));
#6855=IFCDIRECTION((1.,0.,0.));
#6856=IFCAXIS2PLACEMENT3D(#6853,#6854,#6855);
#6857=IFCDIRECTION((0.,0.,-1.));
#6858=IFCEXTRUDEDAREASOLID(#6852,#6856,#6857,0.05000000074505806);
#6859=IFCCARTESIANPOINTLIST2D(((0.,0.),(1.2903897985816002,0.),(1.2903897985816002,0.10000000149011612),(0.,0.10000000149011612)));
#6860=IFCINDEXEDPOLYCURVE(#6859,(IFCLINEINDEX((1,2,3,4,1))),$);
#6861=IFCARBITRARYCLOSEDPROFILEDEF(.AREA.,$,#6860);
#6862=IFCCARTESIANPOINT((0.05000000074505806,0.,0.));
#6863=IFCDIRECTION((0.,0.,1.));
#6864=IFCDIRECTION((1.,0.,0.));
#6865=IFCAXIS2PLACEMENT3D(#6862,#6863,#6864);
#6866=IFCDIRECTION((0.,0.,1.));
#6867=IFCEXTRUDEDAREASOLID(#6861,#6865,#6866,0.02500000037252903);
#6868=IFCCARTESIANPOINTLIST2D(((0.,0.),(0.,2.0250000022351742),(1.4403898045420647,2.0250000022351742),(1.4403898045420647,0.),(1.3653898015618324,0.),(1.3653898015618324,1.9499999992549419),(0.075000002980232239,1.9499999992549419),(0.075000002980232239,0.)));
#6869=IFCINDEXEDPOLYCURVE(#6868,(IFCLINEINDEX((1,2,3,4,5,6,7,8,1))),$);
#6870=IFCARBITRARYCLOSEDPROFILEDEF(.AREA.,$,#6869);
#6871=IFCCARTESIANPOINT((-0.025000002235174179,-0.004999999888241291,0.));
#6872=IFCDIRECTION((0.,-1.,0.));
#6873=IFCDIRECTION((1.,0.,0.));
#6874=IFCAXIS2PLACEMENT3D(#6871,#6872,#6873);
#6875=IFCDIRECTION((0.,0.,-1.));
#6876=IFCEXTRUDEDAREASOLID(#6870,#6874,#6875,0.004999999888241291);
#6877=IFCCARTESIANPOINTLIST2D(((0.,0.),(0.,2.0250000022351742),(1.4403898045420647,2.0250000022351742),(1.4403898045420647,0.),(1.3653898015618324,0.),(1.3653898015618324,1.9499999992549419),(0.075000002980232239,1.9499999992549419),(0.075000002980232239,0.)));
#6878=IFCINDEXEDPOLYCURVE(#6877,(IFCLINEINDEX((1,2,3,4,5,6,7,8,1))),$);
#6879=IFCARBITRARYCLOSEDPROFILEDEF(.AREA.,$,#6878);
#6880=IFCCARTESIANPOINT((-0.025000002235174179,0.05000000074505806,0.));
#6881=IFCDIRECTION((0.,-1.,0.));
#6882=IFCDIRECTION((1.,0.,0.));
#6883=IFCAXIS2PLACEMENT3D(#6880,#6881,#6882);
#6884=IFCDIRECTION((0.,0.,-1.));
#6885=IFCEXTRUDEDAREASOLID(#6879,#6883,#6884,0.004999999888241291);
#6886=IFCCARTESIANPOINTLIST2D(((0.,0.),(1.2903897985816002,0.),(1.2903897985816002,0.054662380367517471),(0.,0.054662380367517471)));
#6887=IFCINDEXEDPOLYCURVE(#6886,(IFCLINEINDEX((1,2,3,4,1))),$);
#6888=IFCARBITRARYCLOSEDPROFILEDEF(.AREA.,$,#6887);
#6889=IFCCARTESIANPOINT((0.05000000074505806,-0.054662380367517471,0.02500000037252903));
#6890=IFCDIRECTION((0.,0.,1.));
#6891=IFCDIRECTION((1.,0.,0.));
#6892=IFCAXIS2PLACEMENT3D(#6889,#6890,#6891);
#6893=IFCDIRECTION((0.,0.,1.));
#6894=IFCEXTRUDEDAREASOLID(#6888,#6892,#6893,1.9249999988824129);
#6895=IFCCARTESIANPOINTLIST2D(((0.,0.),(0.,-0.040000000000000008),(-0.11999999999999988,-0.040000000000000008),(-0.11999999999999988,-0.020000000000000004),(-0.020000000000000018,-0.020000000000000004),(-0.020000000000000018,0.)));
#6896=IFCINDEXEDPOLYCURVE(#6895,(IFCLINEINDEX((1,2,3,4,5,6,1))),$);
#6897=IFCARBITRARYCLOSEDPROFILEDEF(.AREA.,$,#6896);
#6898=IFCCARTESIANPOINT((1.2903897993266582,-0.054662380367517471,1.015000000372529));
#6899=IFCDIRECTION((0.,0.,1.));
#6900=IFCDIRECTION((1.,0.,0.));
#6901=IFCAXIS2PLACEMENT3D(#6898,#6899,#6900);
#6902=IFCDIRECTION((0.,0.,1.));
#6903=IFCEXTRUDEDAREASOLID(#6897,#6901,#6902,0.02);
#6904=IFCEXTRUDEDAREASOLID(#6905,#6908,#6912,0.02);
#6905=IFCARBITRARYCLOSEDPROFILEDEF(.AREA.,$,#6906);
#6906=IFCINDEXEDPOLYCURVE(#6907,(IFCLINEINDEX((1,2,3,4,5,6,1))),$);
#6907=IFCCARTESIANPOINTLIST2D(((0.,0.),(0.,0.040000000000000008),(-0.11999999999999988,0.040000000000000008),(-0.11999999999999988,0.020000000000000004),(-0.020000000000000018,0.020000000000000004),(-0.020000000000000018,0.)));
#6908=IFCAXIS2PLACEMENT3D(#6909,#6910,#6911);
#6909=IFCCARTESIANPOINT((1.2903897993266582,0.,1.015000000372529));
#6910=IFCDIRECTION((0.,0.,1.));
#6911=IFCDIRECTION((1.,0.,0.));
#6912=IFCDIRECTION((0.,0.,1.));
#6954=IFCCARTESIANPOINTLIST2D(((0.,0.),(0.,2.),(1.3903898000717163,2.),(1.3903898000717163,0.),(1.3403897993266582,0.),(1.3403897993266582,1.9499999992549419),(0.05000000074505806,1.9499999992549419),(0.05000000074505806,0.)));
#6955=IFCINDEXEDPOLYCURVE(#6954,(IFCLINEINDEX((1,2,3,4,5,6,7,8,1))),$);
#6956=IFCARBITRARYCLOSEDPROFILEDEF(.AREA.,$,#6955);
#6957=IFCCARTESIANPOINT((0.,0.,0.));
#6958=IFCDIRECTION((0.,-1.,0.));
#6959=IFCDIRECTION((1.,0.,0.));
#6960=IFCAXIS2PLACEMENT3D(#6957,#6958,#6959);
#6961=IFCDIRECTION((0.,0.,-1.));
#6962=IFCEXTRUDEDAREASOLID(#6956,#6960,#6961,0.05000000074505806);
#6963=IFCCARTESIANPOINTLIST2D(((0.,0.),(1.2903897985816002,0.),(1.2903897985816002,0.10000000149011612),(0.,0.10000000149011612)));
#6964=IFCINDEXEDPOLYCURVE(#6963,(IFCLINEINDEX((1,2,3,4,1))),$);
#6965=IFCARBITRARYCLOSEDPROFILEDEF(.AREA.,$,#6964);
#6966=IFCCARTESIANPOINT((0.05000000074505806,0.,0.));
#6967=IFCDIRECTION((0.,0.,1.));
#6968=IFCDIRECTION((1.,0.,0.));
#6969=IFCAXIS2PLACEMENT3D(#6966,#6967,#6968);
#6970=IFCDIRECTION((0.,0.,1.));
#6971=IFCEXTRUDEDAREASOLID(#6965,#6969,#6970,0.02500000037252903);
#6972=IFCCARTESIANPOINTLIST2D(((0.,0.),(0.,2.0250000022351742),(1.4403898045420647,2.0250000022351742),(1.4403898045420647,0.),(1.3653898015618324,0.),(1.3653898015618324,1.9499999992549419),(0.075000002980232239,1.9499999992549419),(0.075000002980232239,0.)));
#6973=IFCINDEXEDPOLYCURVE(#6972,(IFCLINEINDEX((1,2,3,4,5,6,7,8,1))),$);
#6974=IFCARBITRARYCLOSEDPROFILEDEF(.AREA.,$,#6973);
#6975=IFCCARTESIANPOINT((-0.025000002235174179,-0.004999999888241291,0.));
#6976=IFCDIRECTION((0.,-1.,0.));
#6977=IFCDIRECTION((1.,0.,0.));
#6978=IFCAXIS2PLACEMENT3D(#6975,#6976,#6977);
#6979=IFCDIRECTION((0.,0.,-1.));
#6980=IFCEXTRUDEDAREASOLID(#6974,#6978,#6979,0.004999999888241291);
#6981=IFCCARTESIANPOINTLIST2D(((0.,0.),(0.,2.0250000022351742),(1.4403898045420647,2.0250000022351742),(1.4403898045420647,0.),(1.3653898015618324,0.),(1.3653898015618324,1.9499999992549419),(0.075000002980232239,1.9499999992549419),(0.075000002980232239,0.)));
#6982=IFCINDEXEDPOLYCURVE(#6981,(IFCLINEINDEX((1,2,3,4,5,6,7,8,1))),$);
#6983=IFCARBITRARYCLOSEDPROFILEDEF(.AREA.,$,#6982);
#6984=IFCCARTESIANPOINT((-0.025000002235174179,0.05000000074505806,0.));
#6985=IFCDIRECTION((0.,-1.,0.));
#6986=IFCDIRECTION((1.,0.,0.));
#6987=IFCAXIS2PLACEMENT3D(#6984,#6985,#6986);
#6988=IFCDIRECTION((0.,0.,-1.));
#6989=IFCEXTRUDEDAREASOLID(#6983,#6987,#6988,0.004999999888241291);
#6990=IFCCARTESIANPOINTLIST2D(((0.,0.),(1.2903897985816002,0.),(1.2903897985816002,0.054662380367517471),(0.,0.054662380367517471)));
#6991=IFCINDEXEDPOLYCURVE(#6990,(IFCLINEINDEX((1,2,3,4,1))),$);
#6992=IFCARBITRARYCLOSEDPROFILEDEF(.AREA.,$,#6991);
#6993=IFCCARTESIANPOINT((0.05000000074505806,-0.054662380367517471,0.02500000037252903));
#6994=IFCDIRECTION((0.,0.,1.));
#6995=IFCDIRECTION((1.,0.,0.));
#6996=IFCAXIS2PLACEMENT3D(#6993,#6994,#6995);
#6997=IFCDIRECTION((0.,0.,1.));
#6998=IFCEXTRUDEDAREASOLID(#6992,#6996,#6997,1.9249999988824129);
#6999=IFCCARTESIANPOINTLIST2D(((0.,0.),(0.,-0.040000000000000001),(0.12,-0.040000000000000001),(0.12,-0.02),(0.02,-0.02),(0.02,0.)));
#7000=IFCINDEXEDPOLYCURVE(#6999,(IFCLINEINDEX((1,2,3,4,5,6,1))),$);
#7001=IFCARBITRARYCLOSEDPROFILEDEF(.AREA.,$,#7000);
#7002=IFCCARTESIANPOINT((0.10000000074505806,-0.054662380367517471,1.015000000372529));
#7003=IFCDIRECTION((0.,0.,1.));
#7004=IFCDIRECTION((1.,0.,0.));
#7005=IFCAXIS2PLACEMENT3D(#7002,#7003,#7004);
#7006=IFCDIRECTION((0.,0.,1.));
#7007=IFCEXTRUDEDAREASOLID(#7001,#7005,#7006,0.02);
#7008=IFCEXTRUDEDAREASOLID(#7009,#7012,#7016,0.02);
#7009=IFCARBITRARYCLOSEDPROFILEDEF(.AREA.,$,#7010);
#7010=IFCINDEXEDPOLYCURVE(#7011,(IFCLINEINDEX((1,2,3,4,5,6,1))),$);
#7011=IFCCARTESIANPOINTLIST2D(((0.,0.),(0.,0.040000000000000008),(0.11999999999999998,0.040000000000000008),(0.11999999999999998,0.020000000000000004),(0.020000000000000004,0.020000000000000004),(0.020000000000000004,0.)));
#7012=IFCAXIS2PLACEMENT3D(#7013,#7014,#7015);
#7013=IFCCARTESIANPOINT((0.10000000074505806,0.,1.015000000372529));
#7014=IFCDIRECTION((0.,0.,1.));
#7015=IFCDIRECTION((1.,0.,0.));
#7016=IFCDIRECTION((0.,0.,1.));
#7058=IFCCARTESIANPOINTLIST2D(((0.,0.),(0.,2.),(1.3903898000717163,2.),(1.3903898000717163,0.),(1.3403897993266582,0.),(1.3403897993266582,1.9499999992549419),(0.05000000074505806,1.9499999992549419),(0.05000000074505806,0.)));
#7059=IFCINDEXEDPOLYCURVE(#7058,(IFCLINEINDEX((1,2,3,4,5,6,7,8,1))),$);
#7060=IFCARBITRARYCLOSEDPROFILEDEF(.AREA.,$,#7059);
#7061=IFCCARTESIANPOINT((0.,0.,0.));
#7062=IFCDIRECTION((0.,-1.,0.));
#7063=IFCDIRECTION((1.,0.,0.));
#7064=IFCAXIS2PLACEMENT3D(#7061,#7062,#7063);
#7065=IFCDIRECTION((0.,0.,-1.));
#7066=IFCEXTRUDEDAREASOLID(#7060,#7064,#7065,0.05000000074505806);
#7067=IFCCARTESIANPOINTLIST2D(((0.,0.),(1.2903897985816002,0.),(1.2903897985816002,0.10000000149011612),(0.,0.10000000149011612)));
#7068=IFCINDEXEDPOLYCURVE(#7067,(IFCLINEINDEX((1,2,3,4,1))),$);
#7069=IFCARBITRARYCLOSEDPROFILEDEF(.AREA.,$,#7068);
#7070=IFCCARTESIANPOINT((0.05000000074505806,0.,0.));
#7071=IFCDIRECTION((0.,0.,1.));
#7072=IFCDIRECTION((1.,0.,0.));
#7073=IFCAXIS2PLACEMENT3D(#7070,#7071,#7072);
#7074=IFCDIRECTION((0.,0.,1.));
#7075=IFCEXTRUDEDAREASOLID(#7069,#7073,#7074,0.02500000037252903);
#7076=IFCCARTESIANPOINTLIST2D(((0.,0.),(0.,2.0250000022351742),(1.4403898045420647,2.0250000022351742),(1.4403898045420647,0.),(1.3653898015618324,0.),(1.3653898015618324,1.9499999992549419),(0.075000002980232239,1.9499999992549419),(0.075000002980232239,0.)));
#7077=IFCINDEXEDPOLYCURVE(#7076,(IFCLINEINDEX((1,2,3,4,5,6,7,8,1))),$);
#7078=IFCARBITRARYCLOSEDPROFILEDEF(.AREA.,$,#7077);
#7079=IFCCARTESIANPOINT((-0.025000002235174179,-0.004999999888241291,0.));
#7080=IFCDIRECTION((0.,-1.,0.));
#7081=IFCDIRECTION((1.,0.,0.));
#7082=IFCAXIS2PLACEMENT3D(#7079,#7080,#7081);
#7083=IFCDIRECTION((0.,0.,-1.));
#7084=IFCEXTRUDEDAREASOLID(#7078,#7082,#7083,0.004999999888241291);
#7085=IFCCARTESIANPOINTLIST2D(((0.,0.),(0.,2.0250000022351742),(1.4403898045420647,2.0250000022351742),(1.4403898045420647,0.),(1.3653898015618324,0.),(1.3653898015618324,1.9499999992549419),(0.075000002980232239,1.9499999992549419),(0.075000002980232239,0.)));
#7086=IFCINDEXEDPOLYCURVE(#7085,(IFCLINEINDEX((1,2,3,4,5,6,7,8,1))),$);
#7087=IFCARBITRARYCLOSEDPROFILEDEF(.AREA.,$,#7086);
#7088=IFCCARTESIANPOINT((-0.025000002235174179,0.05000000074505806,0.));
#7089=IFCDIRECTION((0.,-1.,0.));
#7090=IFCDIRECTION((1.,0.,0.));
#7091=IFCAXIS2PLACEMENT3D(#7088,#7089,#7090);
#7092=IFCDIRECTION((0.,0.,-1.));
#7093=IFCEXTRUDEDAREASOLID(#7087,#7091,#7092,0.004999999888241291);
#7094=IFCCARTESIANPOINTLIST2D(((0.,0.),(1.2903897985816002,0.),(1.2903897985816002,0.054662380367517471),(0.,0.054662380367517471)));
#7095=IFCINDEXEDPOLYCURVE(#7094,(IFCLINEINDEX((1,2,3,4,1))),$);
#7096=IFCARBITRARYCLOSEDPROFILEDEF(.AREA.,$,#7095);
#7097=IFCCARTESIANPOINT((0.05000000074505806,-0.054662380367517471,0.02500000037252903));
#7098=IFCDIRECTION((0.,0.,1.));
#7099=IFCDIRECTION((1.,0.,0.));
#7100=IFCAXIS2PLACEMENT3D(#7097,#7098,#7099);
#7101=IFCDIRECTION((0.,0.,1.));
#7102=IFCEXTRUDEDAREASOLID(#7096,#7100,#7101,1.9249999988824129);
#7103=IFCCARTESIANPOINTLIST2D(((0.,0.),(0.,-0.040000000000000008),(-0.11999999999999988,-0.040000000000000008),(-0.11999999999999988,-0.020000000000000004),(-0.020000000000000018,-0.020000000000000004),(-0.020000000000000018,0.)));
#7104=IFCINDEXEDPOLYCURVE(#7103,(IFCLINEINDEX((1,2,3,4,5,6,1))),$);
#7105=IFCARBITRARYCLOSEDPROFILEDEF(.AREA.,$,#7104);
#7106=IFCCARTESIANPOINT((1.2903897993266582,-0.054662380367517471,1.015000000372529));
#7107=IFCDIRECTION((0.,0.,1.));
#7108=IFCDIRECTION((1.,0.,0.));
#7109=IFCAXIS2PLACEMENT3D(#7106,#7107,#7108);
#7110=IFCDIRECTION((0.,0.,1.));
#7111=IFCEXTRUDEDAREASOLID(#7105,#7109,#7110,0.02);
#7112=IFCEXTRUDEDAREASOLID(#7113,#7116,#7120,0.02);
#7113=IFCARBITRARYCLOSEDPROFILEDEF(.AREA.,$,#7114);
#7114=IFCINDEXEDPOLYCURVE(#7115,(IFCLINEINDEX((1,2,3,4,5,6,1))),$);
#7115=IFCCARTESIANPOINTLIST2D(((0.,0.),(0.,0.040000000000000008),(-0.11999999999999988,0.040000000000000008),(-0.11999999999999988,0.020000000000000004),(-0.020000000000000018,0.020000000000000004),(-0.020000000000000018,0.)));
#7116=IFCAXIS2PLACEMENT3D(#7117,#7118,#7119);
#7117=IFCCARTESIANPOINT((1.2903897993266582,0.,1.015000000372529));
#7118=IFCDIRECTION((0.,0.,1.));
#7119=IFCDIRECTION((1.,0.,0.));
#7120=IFCDIRECTION((0.,0.,1.));
#7159=IFCCARTESIANPOINTLIST3D(((0.,0.,0.),(1.3903898000717163,0.,0.),(1.3903898000717163,0.,2.),(0.,0.,2.)));
#7160=IFCINDEXEDPOLYCURVE(#7159,(IFCLINEINDEX((1,2,3,4,1))),$);
#7161=IFCSHAPEREPRESENTATION(#18,'Profile','Curve3D',(#7160));
#7162=IFCCARTESIANPOINTLIST2D(((0.,0.),(0.,2.),(1.3903898000717163,2.),(1.3903898000717163,0.),(1.3403897993266582,0.),(1.3403897993266582,1.9499999992549419),(0.05000000074505806,1.9499999992549419),(0.05000000074505806,0.)));
#7163=IFCINDEXEDPOLYCURVE(#7162,(IFCLINEINDEX((1,2,3,4,5,6,7,8,1))),$);
#7164=IFCARBITRARYCLOSEDPROFILEDEF(.AREA.,$,#7163);
#7165=IFCCARTESIANPOINT((0.,0.,0.));
#7166=IFCDIRECTION((0.,-1.,0.));
#7167=IFCDIRECTION((1.,0.,0.));
#7168=IFCAXIS2PLACEMENT3D(#7165,#7166,#7167);
#7169=IFCDIRECTION((0.,0.,-1.));
#7170=IFCEXTRUDEDAREASOLID(#7164,#7168,#7169,0.05000000074505806);
#7171=IFCCARTESIANPOINTLIST2D(((0.,0.),(1.2903897985816002,0.),(1.2903897985816002,0.10000000149011612),(0.,0.10000000149011612)));
#7172=IFCINDEXEDPOLYCURVE(#7171,(IFCLINEINDEX((1,2,3,4,1))),$);
#7173=IFCARBITRARYCLOSEDPROFILEDEF(.AREA.,$,#7172);
#7174=IFCCARTESIANPOINT((0.05000000074505806,0.,0.));
#7175=IFCDIRECTION((0.,0.,1.));
#7176=IFCDIRECTION((1.,0.,0.));
#7177=IFCAXIS2PLACEMENT3D(#7174,#7175,#7176);
#7178=IFCDIRECTION((0.,0.,1.));
#7179=IFCEXTRUDEDAREASOLID(#7173,#7177,#7178,0.02500000037252903);
#7180=IFCCARTESIANPOINTLIST2D(((0.,0.),(0.,2.0250000022351742),(1.4403898045420647,2.0250000022351742),(1.4403898045420647,0.),(1.3653898015618324,0.),(1.3653898015618324,1.9499999992549419),(0.075000002980232239,1.9499999992549419),(0.075000002980232239,0.)));
#7181=IFCINDEXEDPOLYCURVE(#7180,(IFCLINEINDEX((1,2,3,4,5,6,7,8,1))),$);
#7182=IFCARBITRARYCLOSEDPROFILEDEF(.AREA.,$,#7181);
#7183=IFCCARTESIANPOINT((-0.025000002235174179,-0.004999999888241291,0.));
#7184=IFCDIRECTION((0.,-1.,0.));
#7185=IFCDIRECTION((1.,0.,0.));
#7186=IFCAXIS2PLACEMENT3D(#7183,#7184,#7185);
#7187=IFCDIRECTION((0.,0.,-1.));
#7188=IFCEXTRUDEDAREASOLID(#7182,#7186,#7187,0.004999999888241291);
#7189=IFCCARTESIANPOINTLIST2D(((0.,0.),(0.,2.0250000022351742),(1.4403898045420647,2.0250000022351742),(1.4403898045420647,0.),(1.3653898015618324,0.),(1.3653898015618324,1.9499999992549419),(0.075000002980232239,1.9499999992549419),(0.075000002980232239,0.)));
#7190=IFCINDEXEDPOLYCURVE(#7189,(IFCLINEINDEX((1,2,3,4,5,6,7,8,1))),$);
#7191=IFCARBITRARYCLOSEDPROFILEDEF(.AREA.,$,#7190);
#7192=IFCCARTESIANPOINT((-0.025000002235174179,0.05000000074505806,0.));
#7193=IFCDIRECTION((0.,-1.,0.));
#7194=IFCDIRECTION((1.,0.,0.));
#7195=IFCAXIS2PLACEMENT3D(#7192,#7193,#7194);
#7196=IFCDIRECTION((0.,0.,-1.));
#7197=IFCEXTRUDEDAREASOLID(#7191,#7195,#7196,0.004999999888241291);
#7198=IFCCARTESIANPOINTLIST2D(((0.,0.),(1.2903897985816002,0.),(1.2903897985816002,0.054662380367517471),(0.,0.054662380367517471)));
#7199=IFCINDEXEDPOLYCURVE(#7198,(IFCLINEINDEX((1,2,3,4,1))),$);
#7200=IFCARBITRARYCLOSEDPROFILEDEF(.AREA.,$,#7199);
#7201=IFCCARTESIANPOINT((0.05000000074505806,-0.054662380367517471,0.02500000037252903));
#7202=IFCDIRECTION((0.,0.,1.));
#7203=IFCDIRECTION((1.,0.,0.));
#7204=IFCAXIS2PLACEMENT3D(#7201,#7202,#7203);
#7205=IFCDIRECTION((0.,0.,1.));
#7206=IFCEXTRUDEDAREASOLID(#7200,#7204,#7205,1.9249999988824129);
#7207=IFCCARTESIANPOINTLIST2D(((0.,0.),(0.,-0.040000000000000001),(0.12,-0.040000000000000001),(0.12,-0.02),(0.02,-0.02),(0.02,0.)));
#7208=IFCINDEXEDPOLYCURVE(#7207,(IFCLINEINDEX((1,2,3,4,5,6,1))),$);
#7209=IFCARBITRARYCLOSEDPROFILEDEF(.AREA.,$,#7208);
#7210=IFCCARTESIANPOINT((0.10000000074505806,-0.054662380367517471,1.015000000372529));
#7211=IFCDIRECTION((0.,0.,1.));
#7212=IFCDIRECTION((1.,0.,0.));
#7213=IFCAXIS2PLACEMENT3D(#7210,#7211,#7212);
#7214=IFCDIRECTION((0.,0.,1.));
#7215=IFCEXTRUDEDAREASOLID(#7209,#7213,#7214,0.02);
#7216=IFCEXTRUDEDAREASOLID(#7217,#7220,#7224,0.02);
#7217=IFCARBITRARYCLOSEDPROFILEDEF(.AREA.,$,#7218);
#7218=IFCINDEXEDPOLYCURVE(#7219,(IFCLINEINDEX((1,2,3,4,5,6,1))),$);
#7219=IFCCARTESIANPOINTLIST2D(((0.,0.),(0.,0.040000000000000008),(0.11999999999999998,0.040000000000000008),(0.11999999999999998,0.020000000000000004),(0.020000000000000004,0.020000000000000004),(0.020000000000000004,0.)));
#7220=IFCAXIS2PLACEMENT3D(#7221,#7222,#7223);
#7221=IFCCARTESIANPOINT((0.10000000074505806,0.,1.015000000372529));
#7222=IFCDIRECTION((0.,0.,1.));
#7223=IFCDIRECTION((1.,0.,0.));
#7224=IFCDIRECTION((0.,0.,1.));
#7225=IFCSHAPEREPRESENTATION(#11,'Body','SweptSolid',(#7170,#7206,#7215,#7216,#7179,#7188,#7197));
#7226=IFCCARTESIANPOINTLIST2D(((0.,0.),(0.05000000074505806,0.),(0.05000000074505806,0.05000000074505806),(0.,0.05000000074505806)));
#7227=IFCINDEXEDPOLYCURVE(#7226,(IFCLINEINDEX((1,2,3,4,1))),$);
#7228=IFCINDEXEDPOLYCURVE(#7229,(IFCLINEINDEX((1,2,3,4,1))),$);
#7229=IFCCARTESIANPOINTLIST2D(((1.3903898000717163,0.),(1.3403897993266582,0.),(1.3403897993266582,0.05000000074505806),(1.3903898000717163,0.05000000074505806)));
#7230=IFCCARTESIANPOINTLIST2D(((1.9855846986174583,-0.054662380367517471),(0.69519490003585815,-0.054662380367517471),(0.69519490003585815,0.),(1.9855846986174583,0.)));
#7231=IFCINDEXEDPOLYCURVE(#7230,(IFCLINEINDEX((1,2,3,4,1))),$);
#7232=IFCSHAPEREPRESENTATION(#24,'Body','Curve2D',(#7227,#7228,#7231));
#7233=IFCCARTESIANPOINTLIST2D(((0.50163643024861804,-0.1012498084859712),(0.88875336982309816,-0.1012498084859712)));
#7234=IFCINDEXEDPOLYCURVE(#7233,$,$);
#7235=IFCCARTESIANPOINTLIST2D(((0.53163643024861806,-0.070191523073668716),(0.50163643024861804,-0.1012498084859712),(0.53163643024861806,-0.13230809389827369)));
#7236=IFCINDEXEDPOLYCURVE(#7235,$,$);
#7237=IFCSHAPEREPRESENTATION(#25,'Annotation','Curve2D',(#7234,#7236));
#7238=IFCCARTESIANPOINTLIST2D(((0.,0.),(1.3903898000717163,0.),(1.3903898000717163,2.),(0.,2.)));
#7239=IFCINDEXEDPOLYCURVE(#7238,(IFCLINEINDEX((1,2,3,4,1))),$);
#7240=IFCARBITRARYCLOSEDPROFILEDEF(.AREA.,$,#7239);
#7241=IFCCARTESIANPOINT((0.,-0.60000002384185791,0.));
#7242=IFCDIRECTION((0.,-1.,0.));
#7243=IFCDIRECTION((1.,0.,0.));
#7244=IFCAXIS2PLACEMENT3D(#7241,#7242,#7243);
#7245=IFCDIRECTION((0.,0.,-1.));
#7246=IFCEXTRUDEDAREASOLID(#7240,#7244,#7245,1.2);
#7247=IFCSHAPEREPRESENTATION(#11,'Body','SweptSolid',(#7246));
#7253=IFCCARTESIANPOINT((0.085348868964106206,5.1007317791729179E-07,0.));
#7254=IFCDIRECTION((0.,0.,1.));
#7255=IFCDIRECTION((0.99999999999988631,-4.7683715820291007E-07,0.));
#7256=IFCAXIS2PLACEMENT3D(#7253,#7254,#7255);
#7257=IFCLOCALPLACEMENT(#1427,#7256);
#7258=IFCCARTESIANPOINT((-1.1102230246251565E-16,0.,0.));
#7259=IFCDIRECTION((0.,0.,1.));
#7260=IFCDIRECTION((1.,3.1763735522036263E-22,0.));
#7261=IFCAXIS2PLACEMENT3D(#7258,#7259,#7260);
#7262=IFCLOCALPLACEMENT(#7257,#7261);
#8885=IFCWALL('1vapIkxbD85eYgcv3Liw8E',$,'Wall',$,$,#18189,#8891,$,$);
#8886=IFCMATERIALLAYERSETUSAGE(#174,.AXIS2.,.POSITIVE.,0.,$);
#8887=IFCRELASSOCIATESMATERIAL('0EZZMxasHFAAaz1_Z5akWA',$,$,$,(#8885),#8886);
#8891=IFCPRODUCTDEFINITIONSHAPE($,$,(#10303,#10300));
#8907=IFCPROPERTYSET('1txTSo3Qz8OedYg6kFgqWN',$,'EPset_Parametric',$,(#8909));
#8908=IFCRELDEFINESBYPROPERTIES('29DdkQ6Y5Ar9g1tJlpNQOF',$,$,$,(#8885),#8907);
#8909=IFCPROPERTYSINGLEVALUE('Engine',$,IFCLABEL('Bonsai.DumbLayer2'),$);
#8910=IFCWALL('0sCQz_Lk501AII7nz5aV0M',$,'Wall',$,$,#18169,#8916,$,$);
#8911=IFCMATERIALLAYERSETUSAGE(#174,.AXIS2.,.POSITIVE.,0.,$);
#8912=IFCRELASSOCIATESMATERIAL('3RWYxKW8nB1QxlFx_NK1vz',$,$,$,(#8910),#8911);
#8916=IFCPRODUCTDEFINITIONSHAPE($,$,(#9095,#9092));
#8932=IFCPROPERTYSET('0VrO5v_mHFBB4IFdVGJ3aA',$,'EPset_Parametric',$,(#8934));
#8933=IFCRELDEFINESBYPROPERTIES('0BzuehYYvE7feikD7AWpKd',$,$,$,(#8910),#8932);
#8934=IFCPROPERTYSINGLEVALUE('Engine',$,IFCLABEL('Bonsai.DumbLayer2'),$);
#8935=IFCWALL('1gWiuXD0LARQWv9$sz_omD',$,'Wall',$,$,#18164,#8941,$,$);
#8936=IFCMATERIALLAYERSETUSAGE(#174,.AXIS2.,.POSITIVE.,0.,$);
#8937=IFCRELASSOCIATESMATERIAL('2r3qmI4I53SBq4$3FBFwt9',$,$,$,(#8935),#8936);
#8941=IFCPRODUCTDEFINITIONSHAPE($,$,(#9127,#9124));
#8957=IFCPROPERTYSET('2FzyX1z69D4xtORskH5V$Q',$,'EPset_Parametric',$,(#8959));
#8958=IFCRELDEFINESBYPROPERTIES('0yJpxpMjH2gPWFUJgPc9xl',$,$,$,(#8935),#8957);
#8959=IFCPROPERTYSINGLEVALUE('Engine',$,IFCLABEL('Bonsai.DumbLayer2'),$);
#8960=IFCWALL('3LMds3TUPB6vmW08RdL5M3',$,'Wall',$,$,#18174,#8966,$,$);
#8961=IFCMATERIALLAYERSETUSAGE(#174,.AXIS2.,.POSITIVE.,0.,$);
#8962=IFCRELASSOCIATESMATERIAL('2H_uYvJtL5Nw$9RT2Jbqnl',$,$,$,(#8960),#8961);
#8966=IFCPRODUCTDEFINITIONSHAPE($,$,(#9466,#9463));
#8982=IFCPROPERTYSET('0Lon6Bcm54yfrbRVVjA8w$',$,'EPset_Parametric',$,(#8984));
#8983=IFCRELDEFINESBYPROPERTIES('3wmvXHRqD78AYdxmCLHrFQ',$,$,$,(#8960),#8982);
#8984=IFCPROPERTYSINGLEVALUE('Engine',$,IFCLABEL('Bonsai.DumbLayer2'),$);
#9037=IFCRELCONNECTSPATHELEMENTS('1KAqB0Wbv8RPcc6e0m3hmY',$,$,$,$,#8910,#8885,(),(),.ATEND.,.ATSTART.);
#9069=IFCRELCONNECTSPATHELEMENTS('0B_SyF4AH2ZfF_klcbRVVX',$,$,$,$,#8935,#8910,(),(),.ATEND.,.ATSTART.);
#9083=IFCCARTESIANPOINTLIST2D(((0.,0.),(0.10000001629206913,0.10000000000000001),(1.0000004915497753,0.10000000000000001),(0.9000004450585376,0.)));
#9084=IFCINDEXEDPOLYCURVE(#9083,(IFCLINEINDEX((1,2,3,4,1))),$);
#9085=IFCARBITRARYCLOSEDPROFILEDEF(.AREA.,$,#9084);
#9086=IFCCARTESIANPOINT((0.,0.,0.));
#9087=IFCDIRECTION((0.,0.,1.));
#9088=IFCDIRECTION((1.,0.,0.));
#9089=IFCAXIS2PLACEMENT3D(#9086,#9087,#9088);
#9090=IFCDIRECTION((0.,0.,1.));
#9091=IFCEXTRUDEDAREASOLID(#9085,#9089,#9090,3.);
#9092=IFCSHAPEREPRESENTATION(#11,'Body','SweptSolid',(#9091));
#9093=IFCCARTESIANPOINTLIST2D(((0.,0.),(0.9000004450585376,0.)));
#9094=IFCINDEXEDPOLYCURVE(#9093,$,$);
#9095=IFCSHAPEREPRESENTATION(#23,'Axis','Curve2D',(#9094));
#9096=IFCRELCONNECTSPATHELEMENTS('0I8rkX3qTB99kQe_9nkpSB',$,$,$,$,#8960,#8935,(),(),.ATEND.,.ATSTART.);
#9115=IFCCARTESIANPOINTLIST2D(((0.,0.),(-0.10000004649123768,0.10000000000000001),(3.4000000214572124,0.10000000000000001),(3.50000006794845,0.)));
#9116=IFCINDEXEDPOLYCURVE(#9115,(IFCLINEINDEX((1,2,3,4,1))),$);
#9117=IFCARBITRARYCLOSEDPROFILEDEF(.AREA.,$,#9116);
#9118=IFCCARTESIANPOINT((0.,0.,0.));
#9119=IFCDIRECTION((0.,0.,1.));
#9120=IFCDIRECTION((1.,0.,0.));
#9121=IFCAXIS2PLACEMENT3D(#9118,#9119,#9120);
#9122=IFCDIRECTION((0.,0.,1.));
#9123=IFCEXTRUDEDAREASOLID(#9117,#9121,#9122,3.);
#9124=IFCSHAPEREPRESENTATION(#11,'Body','SweptSolid',(#9123));
#9125=IFCCARTESIANPOINTLIST2D(((0.,0.),(3.50000006794845,0.)));
#9126=IFCINDEXEDPOLYCURVE(#9125,$,$);
#9127=IFCSHAPEREPRESENTATION(#23,'Axis','Curve2D',(#9126));
#9153=IFCWALL('1nIGOtuD50Rg7GKB0e3UAw',$,'Wall',$,$,#18229,#9159,$,$);
#9154=IFCMATERIALLAYERSETUSAGE(#174,.AXIS2.,.POSITIVE.,0.,$);
#9155=IFCRELASSOCIATESMATERIAL('1KcJ$FHaT7uBtJmyPJhYmZ',$,$,$,(#9153),#9154);
#9159=IFCPRODUCTDEFINITIONSHAPE($,$,(#10362,#10359));
#9175=IFCPROPERTYSET('34DxvlBBTF4xHY_F7KzYag',$,'EPset_Parametric',$,(#9177));
#9176=IFCRELDEFINESBYPROPERTIES('1wZO2lKwfDa9bwXSfjHeyi',$,$,$,(#9153),#9175);
#9177=IFCPROPERTYSINGLEVALUE('Engine',$,IFCLABEL('Bonsai.DumbLayer2'),$);
#9345=IFCWALL('1SbTwXVXj4UwIzS0TVcqv4',$,'Wall',$,$,#18184,#9351,$,$);
#9346=IFCMATERIALLAYERSETUSAGE(#174,.AXIS2.,.POSITIVE.,0.,$);
#9347=IFCRELASSOCIATESMATERIAL('0NZkXX5Gb63RUM2ps32_55',$,$,$,(#9345),#9346);
#9351=IFCPRODUCTDEFINITIONSHAPE($,$,(#9856,#9853));
#9367=IFCPROPERTYSET('1F8xQSbsT3_xk_wGNcKRMM',$,'EPset_Parametric',$,(#9369));
#9368=IFCRELDEFINESBYPROPERTIES('2FSavE3mbDSOoj1xyU1R5Y',$,$,$,(#9345),#9367);
#9369=IFCPROPERTYSINGLEVALUE('Engine',$,IFCLABEL('Bonsai.DumbLayer2'),$);
#9370=IFCWALL('2lLRok5Vv68Ogl4etmQ6b7',$,'Wall',$,$,#18179,#9376,$,$);
#9371=IFCMATERIALLAYERSETUSAGE(#174,.AXIS2.,.POSITIVE.,0.,$);
#9372=IFCRELASSOCIATESMATERIAL('2PnoIMYPb3ngcniLRO_Nvj',$,$,$,(#9370),#9371);
#9376=IFCPRODUCTDEFINITIONSHAPE($,$,(#10407,#10404));
#9392=IFCPROPERTYSET('0zIde$Tsr7IglSOdWY4ow0',$,'EPset_Parametric',$,(#9394));
#9393=IFCRELDEFINESBYPROPERTIES('3DwomaMFj8tBWluP6zF_ic',$,$,$,(#9370),#9392);
#9394=IFCPROPERTYSINGLEVALUE('Engine',$,IFCLABEL('Bonsai.DumbLayer2'),$);
#9421=IFCRELCONNECTSPATHELEMENTS('1M6ODaBTr6lRWC9_H2cS$B',$,$,$,$,#9370,#9345,(),(),.ATEND.,.ATSTART.);
#9453=IFCRELCONNECTSPATHELEMENTS('2etPfyDJX5sg0nojZ2GD0h',$,$,$,$,#8960,#9345,(),(),.ATSTART.,.ATEND.);
#9454=IFCCARTESIANPOINTLIST2D(((0.,0.),(0.1000000464912377,0.10000000000000001),(7.0471466418013948,0.10000000000000001),(7.1471466342516043,0.)));
#9455=IFCINDEXEDPOLYCURVE(#9454,(IFCLINEINDEX((1,2,3,4,1))),$);
#9456=IFCARBITRARYCLOSEDPROFILEDEF(.AREA.,$,#9455);
#9457=IFCCARTESIANPOINT((0.,0.,0.));
#9458=IFCDIRECTION((0.,0.,1.));
#9459=IFCDIRECTION((1.,0.,0.));
#9460=IFCAXIS2PLACEMENT3D(#9457,#9458,#9459);
#9461=IFCDIRECTION((0.,0.,1.));
#9462=IFCEXTRUDEDAREASOLID(#9456,#9460,#9461,3.);
#9463=IFCSHAPEREPRESENTATION(#11,'Body','SweptSolid',(#9462));
#9464=IFCCARTESIANPOINTLIST2D(((0.,0.),(7.1471466342516043,0.)));
#9465=IFCINDEXEDPOLYCURVE(#9464,$,$);
#9466=IFCSHAPEREPRESENTATION(#23,'Axis','Curve2D',(#9465));
#9517=IFCRELCONNECTSPATHELEMENTS('11E6Vuhx5C7e0GZBe6Sh4T',$,$,$,$,#8885,#9153,(),(),.ATEND.,.ATSTART.);
#9625=IFCWALL('2Dt0jQstn0veYLYfZaVqHf',$,'Wall',$,$,#18194,#9631,$,$);
#9626=IFCMATERIALLAYERSETUSAGE(#174,.AXIS2.,.POSITIVE.,0.,$);
#9627=IFCRELASSOCIATESMATERIAL('1LCvMBH1LCD9AMIeOfzykw',$,$,$,(#9625),#9626);
#9631=IFCPRODUCTDEFINITIONSHAPE($,$,(#9759,#9756));
#9647=IFCPROPERTYSET('147b2aXyPDXw4hy_eCVo33',$,'EPset_Parametric',$,(#9649));
#9648=IFCRELDEFINESBYPROPERTIES('1tnH$RlSzEo8kG2ZZJXAnj',$,$,$,(#9625),#9647);
#9649=IFCPROPERTYSINGLEVALUE('Engine',$,IFCLABEL('Bonsai.DumbLayer2'),$);
#9663=IFCWALL('0zZ0nZ6Hj62vK8esEriiNC',$,'Wall',$,$,#18199,#9669,$,$);
#9664=IFCMATERIALLAYERSETUSAGE(#174,.AXIS2.,.POSITIVE.,0.,$);
#9665=IFCRELASSOCIATESMATERIAL('1eJQdJdyX2N8bYSRuo4h0P',$,$,$,(#9663),#9664);
#9669=IFCPRODUCTDEFINITIONSHAPE($,$,(#9746,#9743));
#9685=IFCPROPERTYSET('0auvbvdQ58DBR6WX9e0oE6',$,'EPset_Parametric',$,(#9687));
#9686=IFCRELDEFINESBYPROPERTIES('3EiC$Zc7f2r9ljyJoHgrnw',$,$,$,(#9663),#9685);
#9687=IFCPROPERTYSINGLEVALUE('Engine',$,IFCLABEL('Bonsai.DumbLayer2'),$);
#9733=IFCRELCONNECTSPATHELEMENTS('2JylbtcTL2y8fz16Xm6$gV',$,$,$,$,#9663,#9625,(),(),.ATEND.,.ATSTART.);
#9734=IFCCARTESIANPOINTLIST2D(((0.,0.),(-0.09999995112380787,0.10000000000000001),(0.47050156487240957,0.10000000000000001),(0.47050156487240957,0.)));
#9735=IFCINDEXEDPOLYCURVE(#9734,(IFCLINEINDEX((1,2,3,4,1))),$);
#9736=IFCARBITRARYCLOSEDPROFILEDEF(.AREA.,$,#9735);
#9737=IFCCARTESIANPOINT((0.,0.,0.));
#9738=IFCDIRECTION((0.,0.,1.));
#9739=IFCDIRECTION((1.,0.,0.));
#9740=IFCAXIS2PLACEMENT3D(#9737,#9738,#9739);
#9741=IFCDIRECTION((0.,0.,1.));
#9742=IFCEXTRUDEDAREASOLID(#9736,#9740,#9741,3.);
#9743=IFCSHAPEREPRESENTATION(#11,'Body','SweptSolid',(#9742));
#9744=IFCCARTESIANPOINTLIST2D(((0.,0.),(0.47050156487240957,0.)));
#9745=IFCINDEXEDPOLYCURVE(#9744,$,$);
#9746=IFCSHAPEREPRESENTATION(#23,'Axis','Curve2D',(#9745));
#9747=IFCCARTESIANPOINTLIST2D(((0.,0.),(0.,0.10000000000000001),(3.9152609199328006,0.10000000000000001),(3.8152609688089925,0.)));
#9748=IFCINDEXEDPOLYCURVE(#9747,(IFCLINEINDEX((1,2,3,4,1))),$);
#9749=IFCARBITRARYCLOSEDPROFILEDEF(.AREA.,$,#9748);
#9750=IFCCARTESIANPOINT((0.,0.,0.));
#9751=IFCDIRECTION((0.,0.,1.));
#9752=IFCDIRECTION((1.,0.,0.));
#9753=IFCAXIS2PLACEMENT3D(#9750,#9751,#9752);
#9754=IFCDIRECTION((0.,0.,1.));
#9755=IFCEXTRUDEDAREASOLID(#9749,#9753,#9754,3.);
#9756=IFCSHAPEREPRESENTATION(#11,'Body','SweptSolid',(#9755));
#9757=IFCCARTESIANPOINTLIST2D(((0.,0.),(3.8152609688089925,0.)));
#9758=IFCINDEXEDPOLYCURVE(#9757,$,$);
#9759=IFCSHAPEREPRESENTATION(#23,'Axis','Curve2D',(#9758));
#9792=IFCWALL('2Kvk1vysb44v$D_21COZC0',$,'Wall',$,$,#18204,#9798,$,$);
#9793=IFCMATERIALLAYERSETUSAGE(#174,.AXIS2.,.POSITIVE.,0.,$);
#9794=IFCRELASSOCIATESMATERIAL('3jIlvneq1FsPk0xTxw_cYY',$,$,$,(#9792),#9793);
#9798=IFCPRODUCTDEFINITIONSHAPE($,$,(#9986,#9983));
#9814=IFCPROPERTYSET('2m3ygBTcz9qwBpT0iTus1x',$,'EPset_Parametric',$,(#9816));
#9815=IFCRELDEFINESBYPROPERTIES('3aTTK_Nxf42fulGCLJHLGq',$,$,$,(#9792),#9814);
#9816=IFCPROPERTYSINGLEVALUE('Engine',$,IFCLABEL('Bonsai.DumbLayer2'),$);
#9830=IFCRELCONNECTSPATHELEMENTS('1ZOBcj3SjBDhwOPNtn3sl2',$,$,$,$,#9792,#9345,(),(),.ATPATH.,.ATEND.);
#9844=IFCCARTESIANPOINTLIST2D(((0.,0.),(0.099999992450210171,0.10000000000000001),(3.6051564586425866,0.10000000000000001),(3.5051564542714475,0.)));
#9845=IFCINDEXEDPOLYCURVE(#9844,(IFCLINEINDEX((1,2,3,4,1))),$);
#9846=IFCARBITRARYCLOSEDPROFILEDEF(.AREA.,$,#9845);
#9847=IFCCARTESIANPOINT((0.,0.,0.));
#9848=IFCDIRECTION((0.,0.,1.));
#9849=IFCDIRECTION((1.,0.,0.));
#9850=IFCAXIS2PLACEMENT3D(#9847,#9848,#9849);
#9851=IFCDIRECTION((0.,0.,1.));
#9852=IFCEXTRUDEDAREASOLID(#9846,#9850,#9851,3.);
#9853=IFCSHAPEREPRESENTATION(#11,'Body','SweptSolid',(#9852));
#9854=IFCCARTESIANPOINTLIST2D(((0.,0.),(3.5051564542714475,0.)));
#9855=IFCINDEXEDPOLYCURVE(#9854,$,$);
#9856=IFCSHAPEREPRESENTATION(#23,'Axis','Curve2D',(#9855));
#9922=IFCWALL('2gjDx$EAPF9uJ3llfM$iIX',$,'Wall',$,$,#18209,#9928,$,$);
#9923=IFCMATERIALLAYERSETUSAGE(#174,.AXIS2.,.POSITIVE.,0.,$);
#9924=IFCRELASSOCIATESMATERIAL('3T58uaoXX2Efgk9nfoQWNQ',$,$,$,(#9922),#9923);
#9928=IFCPRODUCTDEFINITIONSHAPE($,$,(#9973,#9970));
#9944=IFCPROPERTYSET('3C$0iN7JX6mxWl_5oOi56J',$,'EPset_Parametric',$,(#9946));
#9945=IFCRELDEFINESBYPROPERTIES('3VSlI5wG93nRsfg4kgeRjs',$,$,$,(#9922),#9944);
#9946=IFCPROPERTYSINGLEVALUE('Engine',$,IFCLABEL('Bonsai.DumbLayer2'),$);
#9960=IFCRELCONNECTSPATHELEMENTS('146H5quFPBD9iDY20q5eMx',$,$,$,$,#9922,#9792,(),(),.ATPATH.,.ATEND.);
#9961=IFCCARTESIANPOINTLIST2D(((0.,0.),(0.,0.10000000000000001),(3.3999998636750806,0.10000000000000001),(3.3999998712248707,0.)));
#9962=IFCINDEXEDPOLYCURVE(#9961,(IFCLINEINDEX((1,2,3,4,1))),$);
#9963=IFCARBITRARYCLOSEDPROFILEDEF(.AREA.,$,#9962);
#9964=IFCCARTESIANPOINT((0.,0.,0.));
#9965=IFCDIRECTION((0.,0.,1.));
#9966=IFCDIRECTION((1.,0.,0.));
#9967=IFCAXIS2PLACEMENT3D(#9964,#9965,#9966);
#9968=IFCDIRECTION((0.,0.,1.));
#9969=IFCEXTRUDEDAREASOLID(#9963,#9967,#9968,3.);
#9970=IFCSHAPEREPRESENTATION(#11,'Body','SweptSolid',(#9969));
#9971=IFCCARTESIANPOINTLIST2D(((0.,0.),(3.3999998712248707,0.)));
#9972=IFCINDEXEDPOLYCURVE(#9971,$,$);
#9973=IFCSHAPEREPRESENTATION(#23,'Axis','Curve2D',(#9972));
#9974=IFCCARTESIANPOINTLIST2D(((0.,0.),(0.,0.10000000000000001),(6.3766440467038601,0.10000000000000001),(6.37664403915407,0.)));
#9975=IFCINDEXEDPOLYCURVE(#9974,(IFCLINEINDEX((1,2,3,4,1))),$);
#9976=IFCARBITRARYCLOSEDPROFILEDEF(.AREA.,$,#9975);
#9977=IFCCARTESIANPOINT((0.,0.,0.));
#9978=IFCDIRECTION((0.,0.,1.));
#9979=IFCDIRECTION((1.,0.,0.));
#9980=IFCAXIS2PLACEMENT3D(#9977,#9978,#9979);
#9981=IFCDIRECTION((0.,0.,1.));
#9982=IFCEXTRUDEDAREASOLID(#9976,#9980,#9981,3.);
#9983=IFCSHAPEREPRESENTATION(#11,'Body','SweptSolid',(#9982));
#9984=IFCCARTESIANPOINTLIST2D(((0.,0.),(6.4766440391540705,0.)));
#9985=IFCINDEXEDPOLYCURVE(#9984,$,$);
#9986=IFCSHAPEREPRESENTATION(#23,'Axis','Curve2D',(#9985));
#9987=IFCWALL('1vZRrQDjf42h065vy_eXw9',$,'Wall',$,$,#18214,#9993,$,$);
#9988=IFCMATERIALLAYERSETUSAGE(#174,.AXIS2.,.POSITIVE.,0.,$);
#9989=IFCRELASSOCIATESMATERIAL('2XPzI1Ddf4UvQkciqtWXsC',$,$,$,(#9987),#9988);
#9993=IFCPRODUCTDEFINITIONSHAPE($,$,(#10264,#10261));
#10009=IFCPROPERTYSET('3gSthODmj8tfn$rurYGScS',$,'EPset_Parametric',$,(#10011));
#10010=IFCRELDEFINESBYPROPERTIES('0arUXCTUTDHwYX6C5fIvoD',$,$,$,(#9987),#10009);
#10011=IFCPROPERTYSINGLEVALUE('Engine',$,IFCLABEL('Bonsai.DumbLayer2'),$);
#10025=IFCRELCONNECTSPATHELEMENTS('1oTpbdYtD5XeqZTugOfrOY',$,$,$,$,#9987,#9153,(),(),.ATPATH.,.ATEND.);
#10074=IFCWALL('1Bb7cyqtPFf9rHdqo$l60c',$,'Wall',$,$,#18234,#10080,$,$);
#10075=IFCMATERIALLAYERSETUSAGE(#174,.AXIS2.,.POSITIVE.,0.,$);
#10076=IFCRELASSOCIATESMATERIAL('2XORtxqsH8XA8GpUdUvI4D',$,$,$,(#10074),#10075);
#10080=IFCPRODUCTDEFINITIONSHAPE($,$,(#10389,#10386));
#10096=IFCPROPERTYSET('18uD_i4_PCR8EyqCpKhX54',$,'EPset_Parametric',$,(#10098));
#10097=IFCRELDEFINESBYPROPERTIES('1AbZlt4pf9bOMRg7lL0lEg',$,$,$,(#10074),#10096);
#10098=IFCPROPERTYSINGLEVALUE('Engine',$,IFCLABEL('Bonsai.DumbLayer2'),$);
#10099=IFCWALL('050RM662b6CeEFiZj6Upph',$,'Wall',$,$,#18219,#10105,$,$);
#10100=IFCMATERIALLAYERSETUSAGE(#174,.AXIS2.,.POSITIVE.,0.,$);
#10101=IFCRELASSOCIATESMATERIAL('0esJzq$DTBsuGeopOBuirF',$,$,$,(#10099),#10100);
#10105=IFCPRODUCTDEFINITIONSHAPE($,$,(#10277,#10274));
#10121=IFCPROPERTYSET('16EF0P_aHDtRYyTGXskUHb',$,'EPset_Parametric',$,(#10123));
#10122=IFCRELDEFINESBYPROPERTIES('0ob$JN3E5Ay8Gi4MrquRYi',$,$,$,(#10099),#10121);
#10123=IFCPROPERTYSINGLEVALUE('Engine',$,IFCLABEL('Bonsai.DumbLayer2'),$);
#10124=IFCWALL('2TyYi6Ba5Cfuz8lD9ixaBJ',$,'Wall',$,$,#18224,#10130,$,$);
#10125=IFCMATERIALLAYERSETUSAGE(#174,.AXIS2.,.POSITIVE.,0.,$);
#10126=IFCRELASSOCIATESMATERIAL('27qSoWxa5AWvWeV$b9FK_M',$,$,$,(#10124),#10125);
#10130=IFCPRODUCTDEFINITIONSHAPE($,$,(#10375,#10372));
#10146=IFCPROPERTYSET('1z5Xjq7VX2YwZ8rEIp6A3Q',$,'EPset_Parametric',$,(#10148));
#10147=IFCRELDEFINESBYPROPERTIES('2R_unD2Tf4lBxR0jacGtPS',$,$,$,(#10124),#10146);
#10148=IFCPROPERTYSINGLEVALUE('Engine',$,IFCLABEL('Bonsai.DumbLayer2'),$);
#10188=IFCRELCONNECTSPATHELEMENTS('2$fdMdlL906OxtD$l9aC2T',$,$,$,$,#10099,#10074,(),(),.ATEND.,.ATSTART.);
#10220=IFCRELCONNECTSPATHELEMENTS('2RdqwOywzDiPQpyMuRhasn',$,$,$,$,#10124,#10099,(),(),.ATEND.,.ATSTART.);
#10252=IFCCARTESIANPOINTLIST2D(((0.,0.),(0.,0.10000000000000001),(3.7999971411257745,0.10000000000000001),(3.7999971335759843,0.)));
#10253=IFCINDEXEDPOLYCURVE(#10252,(IFCLINEINDEX((1,2,3,4,1))),$);
#10254=IFCARBITRARYCLOSEDPROFILEDEF(.AREA.,$,#10253);
#10255=IFCCARTESIANPOINT((0.,0.,0.));
#10256=IFCDIRECTION((0.,0.,1.));
#10257=IFCDIRECTION((1.,0.,0.));
#10258=IFCAXIS2PLACEMENT3D(#10255,#10256,#10257);
#10259=IFCDIRECTION((0.,0.,1.));
#10260=IFCEXTRUDEDAREASOLID(#10254,#10258,#10259,3.);
#10261=IFCSHAPEREPRESENTATION(#11,'Body','SweptSolid',(#10260));
#10262=IFCCARTESIANPOINTLIST2D(((0.,0.),(3.8999971335759844,0.)));
#10263=IFCINDEXEDPOLYCURVE(#10262,$,$);
#10264=IFCSHAPEREPRESENTATION(#23,'Axis','Curve2D',(#10263));
#10265=IFCCARTESIANPOINTLIST2D(((0.,0.),(-0.10000004013393446,0.10000000000000001),(0.90000010803367325,0.10000000000000001),(1.000000124325743,0.)));
#10266=IFCINDEXEDPOLYCURVE(#10265,(IFCLINEINDEX((1,2,3,4,1))),$);
#10267=IFCARBITRARYCLOSEDPROFILEDEF(.AREA.,$,#10266);
#10268=IFCCARTESIANPOINT((0.,0.,0.));
#10269=IFCDIRECTION((0.,0.,1.));
#10270=IFCDIRECTION((1.,0.,0.));
#10271=IFCAXIS2PLACEMENT3D(#10268,#10269,#10270);
#10272=IFCDIRECTION((0.,0.,1.));
#10273=IFCEXTRUDEDAREASOLID(#10267,#10271,#10272,3.);
#10274=IFCSHAPEREPRESENTATION(#11,'Body','SweptSolid',(#10273));
#10275=IFCCARTESIANPOINTLIST2D(((0.,0.),(1.000000124325743,0.)));
#10276=IFCINDEXEDPOLYCURVE(#10275,$,$);
#10277=IFCSHAPEREPRESENTATION(#23,'Axis','Curve2D',(#10276));
#10291=IFCCARTESIANPOINTLIST2D(((0.,0.),(0.09999999880751248,0.10000000000000001),(3.8999987618802239,0.10000000000000001),(3.999998778172293,0.)));
#10292=IFCINDEXEDPOLYCURVE(#10291,(IFCLINEINDEX((1,2,3,4,1))),$);
#10293=IFCARBITRARYCLOSEDPROFILEDEF(.AREA.,$,#10292);
#10294=IFCCARTESIANPOINT((0.,0.,0.));
#10295=IFCDIRECTION((0.,0.,1.));
#10296=IFCDIRECTION((1.,0.,0.));
#10297=IFCAXIS2PLACEMENT3D(#10294,#10295,#10296);
#10298=IFCDIRECTION((0.,0.,1.));
#10299=IFCEXTRUDEDAREASOLID(#10293,#10297,#10298,3.);
#10300=IFCSHAPEREPRESENTATION(#11,'Body','SweptSolid',(#10299));
#10301=IFCCARTESIANPOINTLIST2D(((0.,0.),(3.999998778172293,0.)));
#10302=IFCINDEXEDPOLYCURVE(#10301,$,$);
#10303=IFCSHAPEREPRESENTATION(#23,'Axis','Curve2D',(#10302));
#10349=IFCRELCONNECTSPATHELEMENTS('1BCgVimIz94gUw0RzvSLkw',$,$,$,$,#9153,#10124,(),(),.ATEND.,.ATSTART.);
#10350=IFCCARTESIANPOINTLIST2D(((0.,0.),(0.099999992450210143,0.10000000000000001),(9.5461091053491174,0.10000000000000001),(9.6461091041566291,0.)));
#10351=IFCINDEXEDPOLYCURVE(#10350,(IFCLINEINDEX((1,2,3,4,1))),$);
#10352=IFCARBITRARYCLOSEDPROFILEDEF(.AREA.,$,#10351);
#10353=IFCCARTESIANPOINT((0.,0.,0.));
#10354=IFCDIRECTION((0.,0.,1.));
#10355=IFCDIRECTION((1.,0.,0.));
#10356=IFCAXIS2PLACEMENT3D(#10353,#10354,#10355);
#10357=IFCDIRECTION((0.,0.,1.));
#10358=IFCEXTRUDEDAREASOLID(#10352,#10356,#10357,3.);
#10359=IFCSHAPEREPRESENTATION(#11,'Body','SweptSolid',(#10358));
#10360=IFCCARTESIANPOINTLIST2D(((0.,0.),(9.6461091041566291,0.)));
#10361=IFCINDEXEDPOLYCURVE(#10360,$,$);
#10362=IFCSHAPEREPRESENTATION(#23,'Axis','Curve2D',(#10361));
#10363=IFCCARTESIANPOINTLIST2D(((0.,0.),(0.10000001629206984,0.10000000000000001),(2.2733812655782661,0.10000000000000001),(2.3733812580284761,0.)));
#10364=IFCINDEXEDPOLYCURVE(#10363,(IFCLINEINDEX((1,2,3,4,1))),$);
#10365=IFCARBITRARYCLOSEDPROFILEDEF(.AREA.,$,#10364);
#10366=IFCCARTESIANPOINT((0.,0.,0.));
#10367=IFCDIRECTION((0.,0.,1.));
#10368=IFCDIRECTION((1.,0.,0.));
#10369=IFCAXIS2PLACEMENT3D(#10366,#10367,#10368);
#10370=IFCDIRECTION((0.,0.,1.));
#10371=IFCEXTRUDEDAREASOLID(#10365,#10369,#10370,3.);
#10372=IFCSHAPEREPRESENTATION(#11,'Body','SweptSolid',(#10371));
#10373=IFCCARTESIANPOINTLIST2D(((0.,0.),(2.3733812580284761,0.)));
#10374=IFCINDEXEDPOLYCURVE(#10373,$,$);
#10375=IFCSHAPEREPRESENTATION(#23,'Axis','Curve2D',(#10374));
#10376=IFCRELCONNECTSPATHELEMENTS('3RMtMDfvDDwg8Ip4mvjgsL',$,$,$,$,#10074,#9370,(),(),.ATEND.,.ATSTART.);
#10377=IFCCARTESIANPOINTLIST2D(((0.,0.),(0.10000002821300073,0.10000000000000001),(1.721460027253064,0.10000000000000001),(1.6214599871191298,0.)));
#10378=IFCINDEXEDPOLYCURVE(#10377,(IFCLINEINDEX((1,2,3,4,1))),$);
#10379=IFCARBITRARYCLOSEDPROFILEDEF(.AREA.,$,#10378);
#10380=IFCCARTESIANPOINT((0.,0.,0.));
#10381=IFCDIRECTION((0.,0.,1.));
#10382=IFCDIRECTION((1.,0.,0.));
#10383=IFCAXIS2PLACEMENT3D(#10380,#10381,#10382);
#10384=IFCDIRECTION((0.,0.,1.));
#10385=IFCEXTRUDEDAREASOLID(#10379,#10383,#10384,3.);
#10386=IFCSHAPEREPRESENTATION(#11,'Body','SweptSolid',(#10385));
#10387=IFCCARTESIANPOINTLIST2D(((0.,0.),(1.6214599871191298,0.)));
#10388=IFCINDEXEDPOLYCURVE(#10387,$,$);
#10389=IFCSHAPEREPRESENTATION(#23,'Axis','Curve2D',(#10388));
#10395=IFCCARTESIANPOINTLIST2D(((0.,0.),(-0.10000000437113893,0.10000000000000001),(0.49896397153524874,0.10000000000000001),(0.59896399974824954,0.)));
#10396=IFCINDEXEDPOLYCURVE(#10395,(IFCLINEINDEX((1,2,3,4,1))),$);
#10397=IFCARBITRARYCLOSEDPROFILEDEF(.AREA.,$,#10396);
#10398=IFCCARTESIANPOINT((0.,0.,0.));
#10399=IFCDIRECTION((0.,0.,1.));
#10400=IFCDIRECTION((1.,0.,0.));
#10401=IFCAXIS2PLACEMENT3D(#10398,#10399,#10400);
#10402=IFCDIRECTION((0.,0.,1.));
#10403=IFCEXTRUDEDAREASOLID(#10397,#10401,#10402,3.);
#10404=IFCSHAPEREPRESENTATION(#11,'Body','SweptSolid',(#10403));
#10405=IFCCARTESIANPOINTLIST2D(((0.,0.),(0.59896399974824954,0.)));
#10406=IFCINDEXEDPOLYCURVE(#10405,$,$);
#10407=IFCSHAPEREPRESENTATION(#23,'Axis','Curve2D',(#10406));
#10408=IFCSLAB('1UvMyoIJDAYxcvtIuivRkM',$,'Slab',$,$,#18239,#10422,$,$);
#10409=IFCMATERIALLAYERSETUSAGE(#1547,.AXIS3.,.POSITIVE.,-0.10000000149011612,$);
#10410=IFCRELASSOCIATESMATERIAL('0R1yPTN9f0S8ahw53ScMcD',$,$,$,(#10408),#10409);
#10416=IFCCARTESIANPOINTLIST2D(((0.,0.),(2.384185791015625E-07,-1.5999999046325684),(5.1266164779663086,-1.598963737487793),(5.1266164779663086,-0.59896349906921387),(3.5802979469299316,-0.59896397590637207),(3.5051565170288086,0.),(0.,0.)));
#10417=IFCINDEXEDPOLYCURVE(#10416,$,$);
#10418=IFCDIRECTION((0.,0.,1.));
#10419=IFCARBITRARYCLOSEDPROFILEDEF(.AREA.,$,#10417);
#10420=IFCEXTRUDEDAREASOLID(#10419,#10429,#10418,0.10000000000000001);
#10421=IFCSHAPEREPRESENTATION(#11,'Body','SweptSolid',(#10420));
#10422=IFCPRODUCTDEFINITIONSHAPE($,$,(#10421));
#10423=IFCPROPERTYSET('3wkcW9b3LDrBcFmYt2Yvb6',$,'EPset_Parametric',$,(#10425));
#10424=IFCRELDEFINESBYPROPERTIES('1KvIElnmD9yPCaIxNYXfTg',$,$,$,(#10408),#10423);
#10425=IFCPROPERTYSINGLEVALUE('Engine',$,IFCLABEL('Bonsai.DumbLayer3'),$);
#10426=IFCCARTESIANPOINT((-0.,-0.,-0.10000000149011612));
#10427=IFCDIRECTION((0.,0.,1.));
#10428=IFCDIRECTION((1.,0.,0.));
#10429=IFCAXIS2PLACEMENT3D(#10426,#10427,#10428);
#10430=IFCSLAB('3ibc$wOwb1leaICN_jRBgE',$,'Slab',$,$,#18244,#10444,$,$);
#10431=IFCMATERIALLAYERSETUSAGE(#1547,.AXIS3.,.POSITIVE.,-0.10000000149011612,$);
#10432=IFCRELASSOCIATESMATERIAL('1Rdg7SM799_h3Hv6$uv8Ew',$,$,$,(#10430),#10431);
#10438=IFCCARTESIANPOINTLIST2D(((0.,0.),(-3.9999985694885254,4.76837158203125E-07),(-3.9999985694885254,-0.90000009536743164),(-7.4999985694885254,-0.89999866485595703),(-7.4999971389770508,-8.0471458435058594),(-3.9948415756225586,-8.0471458435058594),(-3.9948415756225586,-8.6461095809936523),(-2.3733816146850586,-8.6461086273193359),(-2.3733816146850586,-9.6461086273193359),(-4.76837158203125E-07,-9.6461086273193359),(0.,0.)));
#10439=IFCINDEXEDPOLYCURVE(#10438,$,$);
#10440=IFCDIRECTION((0.,0.,1.));
#10441=IFCARBITRARYCLOSEDPROFILEDEF(.AREA.,$,#10439);
#10442=IFCEXTRUDEDAREASOLID(#10441,#10451,#10440,0.10000000000000001);
#10443=IFCSHAPEREPRESENTATION(#11,'Body','SweptSolid',(#10442));
#10444=IFCPRODUCTDEFINITIONSHAPE($,$,(#10443));
#10445=IFCPROPERTYSET('3aRPELvt9CxwRS8RyfUrJV',$,'EPset_Parametric',$,(#10447));
#10446=IFCRELDEFINESBYPROPERTIES('0Bz6ZJnvD0lvDbE6ymUoPl',$,$,$,(#10430),#10445);
#10447=IFCPROPERTYSINGLEVALUE('Engine',$,IFCLABEL('Bonsai.DumbLayer3'),$);
#10448=IFCCARTESIANPOINT((-0.,-0.,-0.10000000149011612));
#10449=IFCDIRECTION((0.,0.,1.));
#10450=IFCDIRECTION((1.,0.,0.));
#10451=IFCAXIS2PLACEMENT3D(#10448,#10449,#10450);
#10452=IFCDOORTYPE('0_7LAzhEn8dwf9k2iz0nQd',$,'Balcony-2F',$,$,(#10453),(#10455,#10463,#10541),$,$,.DOOR.,.SINGLE_SWING_LEFT.,$,$);
#10453=IFCPROPERTYSET('3xA1IBNXHEOw1SnCttdP_B',$,'BBIM_Door',$,(#10454));
#10454=IFCPROPERTYSINGLEVALUE('Data',$,IFCTEXT('{"door_type": "SINGLE_SWING_LEFT", "overall_height": 2.0, "overall_width": 0.8653851747512817, "lining_properties": {"lining_depth": 0.05000000074505806, "lining_thickness": 0.05000000074505806, "lining_offset": 0.0, "lining_to_panel_offset_x": 0.02500000037252903, "lining_to_panel_offset_y": 0.02500000037252903, "transom_thickness": 0.0, "casing_thickness": 0.07500000298023224, "casing_depth": 0.004999999888241291, "threshold_thickness": 0.02500000037252903, "threshold_depth": 0.10000000149011612, "threshold_offset": 0.0}, "panel_properties": {"panel_depth": 0.03500000014901161, "panel_width_ratio": 1.0}}'),$);
#10455=IFCREPRESENTATIONMAP(#10456,#11183);
#10456=IFCAXIS2PLACEMENT3D(#10457,#10458,#10459);
#10457=IFCCARTESIANPOINT((0.,0.,0.));
#10458=IFCDIRECTION((0.,0.,1.));
#10459=IFCDIRECTION((1.,0.,0.));
#10463=IFCREPRESENTATIONMAP(#10464,#11256);
#10464=IFCAXIS2PLACEMENT3D(#10465,#10466,#10467);
#10465=IFCCARTESIANPOINT((0.,0.,0.));
#10466=IFCDIRECTION((0.,0.,1.));
#10467=IFCDIRECTION((1.,0.,0.));
#10541=IFCREPRESENTATIONMAP(#10542,#11270);
#10542=IFCAXIS2PLACEMENT3D(#10543,#10544,#10545);
#10543=IFCCARTESIANPOINT((0.,0.,0.));
#10544=IFCDIRECTION((0.,0.,1.));
#10545=IFCDIRECTION((1.,0.,0.));
#10560=IFCDOOR('2pX58X88r3$8dBiaU6besB',$,'Door',$,$,#11295,#10569,$,2.,0.86538517475128174,$,.SINGLE_SWING_LEFT.,$);
#10561=IFCRELDEFINESBYTYPE('2HD8CkcgP8LgaBO1OCujJW',$,$,$,(#10560),#10452);
#10562=IFCCARTESIANPOINT((0.,0.,0.));
#10563=IFCDIRECTION((1.,0.,0.));
#10564=IFCDIRECTION((0.,1.,0.));
#10565=IFCDIRECTION((0.,0.,1.));
#10566=IFCCARTESIANTRANSFORMATIONOPERATOR3D(#10563,#10564,#10562,1.,#10565);
#10567=IFCMAPPEDITEM(#10455,#10566);
#10568=IFCSHAPEREPRESENTATION(#18,'Profile','MappedRepresentation',(#10567));
#10569=IFCPRODUCTDEFINITIONSHAPE($,$,(#10568,#10576,#10583));
#10570=IFCCARTESIANPOINT((0.,0.,0.));
#10571=IFCDIRECTION((1.,0.,0.));
#10572=IFCDIRECTION((0.,1.,0.));
#10573=IFCDIRECTION((0.,0.,1.));
#10574=IFCCARTESIANTRANSFORMATIONOPERATOR3D(#10571,#10572,#10570,1.,#10573);
#10575=IFCMAPPEDITEM(#10463,#10574);
#10576=IFCSHAPEREPRESENTATION(#11,'Body','MappedRepresentation',(#10575));
#10577=IFCCARTESIANPOINT((0.,0.,0.));
#10578=IFCDIRECTION((1.,0.,0.));
#10579=IFCDIRECTION((0.,1.,0.));
#10580=IFCDIRECTION((0.,0.,1.));
#10581=IFCCARTESIANTRANSFORMATIONOPERATOR3D(#10578,#10579,#10577,1.,#10580);
#10582=IFCMAPPEDITEM(#10541,#10581);
#10583=IFCSHAPEREPRESENTATION(#24,'Body','MappedRepresentation',(#10582));
#10584=IFCOPENINGELEMENT('0IT3LzLIrDHPpDyyi3oic4',$,'Opening',$,$,#11290,#10612,$,.OPENING.);
#10600=IFCCARTESIANPOINT((0.,0.,0.));
#10601=IFCDIRECTION((1.,0.,0.));
#10602=IFCDIRECTION((0.,0.,1.));
#10603=IFCAXIS2PLACEMENT3D(#10600,#10602,#10601);
#10604=IFCREPRESENTATIONMAP(#10603,#11280);
#10605=IFCCARTESIANPOINT((0.,0.,0.));
#10606=IFCDIRECTION((1.,0.,0.));
#10607=IFCDIRECTION((0.,1.,0.));
#10608=IFCDIRECTION((0.,0.,1.));
#10609=IFCCARTESIANTRANSFORMATIONOPERATOR3D(#10606,#10607,#10605,1.,#10608);
#10610=IFCMAPPEDITEM(#10604,#10609);
#10611=IFCSHAPEREPRESENTATION(#11,'Body','MappedRepresentation',(#10610));
#10612=IFCPRODUCTDEFINITIONSHAPE($,$,(#10611));
#10613=IFCRELVOIDSELEMENT('0AlceXB1r0YeFX$WAUkzRj',$,$,$,#10074,#10584);
#10619=IFCRELFILLSELEMENT('1MnWlXXZD1tuMjXu33CQh0',$,$,$,#10584,#10560);
#10628=IFCCARTESIANPOINTLIST2D(((0.,0.),(0.,2.),(0.89999997615814209,2.),(0.89999997615814209,0.),(0.87499997578561306,0.),(0.87499997578561306,1.974999999627471),(0.02500000037252903,1.974999999627471),(0.02500000037252903,0.)));
#10629=IFCINDEXEDPOLYCURVE(#10628,(IFCLINEINDEX((1,2,3,4,5,6,7,8,1))),$);
#10630=IFCARBITRARYCLOSEDPROFILEDEF(.AREA.,$,#10629);
#10631=IFCCARTESIANPOINT((0.,0.02500000037252903,0.));
#10632=IFCDIRECTION((0.,-1.,0.));
#10633=IFCDIRECTION((1.,0.,0.));
#10634=IFCAXIS2PLACEMENT3D(#10631,#10632,#10633);
#10635=IFCDIRECTION((0.,0.,-1.));
#10636=IFCEXTRUDEDAREASOLID(#10630,#10634,#10635,0.02500000037252903);
#10637=IFCCARTESIANPOINTLIST2D(((0.,0.),(0.,2.),(0.89999997615814209,2.),(0.89999997615814209,0.),(0.84999997541308403,0.),(0.84999997541308403,1.9499999992549419),(0.05000000074505806,1.9499999992549419),(0.05000000074505806,0.)));
#10638=IFCINDEXEDPOLYCURVE(#10637,(IFCLINEINDEX((1,2,3,4,5,6,7,8,1))),$);
#10639=IFCARBITRARYCLOSEDPROFILEDEF(.AREA.,$,#10638);
#10640=IFCCARTESIANPOINT((0.,0.,0.));
#10641=IFCDIRECTION((0.,-1.,0.));
#10642=IFCDIRECTION((1.,0.,0.));
#10643=IFCAXIS2PLACEMENT3D(#10640,#10641,#10642);
#10644=IFCDIRECTION((0.,0.,-1.));
#10645=IFCEXTRUDEDAREASOLID(#10639,#10643,#10644,0.02500000037252903);
#10646=IFCCARTESIANPOINTLIST2D(((0.,0.),(0.79999997466802597,0.),(0.79999997466802597,0.10000000149011612),(0.,0.10000000149011612)));
#10647=IFCINDEXEDPOLYCURVE(#10646,(IFCLINEINDEX((1,2,3,4,1))),$);
#10648=IFCARBITRARYCLOSEDPROFILEDEF(.AREA.,$,#10647);
#10649=IFCCARTESIANPOINT((0.05000000074505806,0.,0.));
#10650=IFCDIRECTION((0.,0.,1.));
#10651=IFCDIRECTION((1.,0.,0.));
#10652=IFCAXIS2PLACEMENT3D(#10649,#10650,#10651);
#10653=IFCDIRECTION((0.,0.,1.));
#10654=IFCEXTRUDEDAREASOLID(#10648,#10652,#10653,0.02500000037252903);
#10655=IFCCARTESIANPOINTLIST2D(((0.,0.),(0.,2.0250000022351742),(0.94999998062849045,2.0250000022351742),(0.94999998062849045,0.),(0.87499997764825821,0.),(0.87499997764825821,1.9499999992549419),(0.075000002980232239,1.9499999992549419),(0.075000002980232239,0.)));
#10656=IFCINDEXEDPOLYCURVE(#10655,(IFCLINEINDEX((1,2,3,4,5,6,7,8,1))),$);
#10657=IFCARBITRARYCLOSEDPROFILEDEF(.AREA.,$,#10656);
#10658=IFCCARTESIANPOINT((-0.025000002235174179,-0.004999999888241291,0.));
#10659=IFCDIRECTION((0.,-1.,0.));
#10660=IFCDIRECTION((1.,0.,0.));
#10661=IFCAXIS2PLACEMENT3D(#10658,#10659,#10660);
#10662=IFCDIRECTION((0.,0.,-1.));
#10663=IFCEXTRUDEDAREASOLID(#10657,#10661,#10662,0.004999999888241291);
#10664=IFCCARTESIANPOINTLIST2D(((0.,0.),(0.,2.0250000022351742),(0.94999998062849045,2.0250000022351742),(0.94999998062849045,0.),(0.89999997802078724,0.),(0.89999997802078724,1.974999999627471),(0.050000002607703209,1.974999999627471),(0.050000002607703209,0.)));
#10665=IFCINDEXEDPOLYCURVE(#10664,(IFCLINEINDEX((1,2,3,4,5,6,7,8,1))),$);
#10666=IFCARBITRARYCLOSEDPROFILEDEF(.AREA.,$,#10665);
#10667=IFCCARTESIANPOINT((-0.025000002235174179,0.05000000074505806,0.));
#10668=IFCDIRECTION((0.,-1.,0.));
#10669=IFCDIRECTION((1.,0.,0.));
#10670=IFCAXIS2PLACEMENT3D(#10667,#10668,#10669);
#10671=IFCDIRECTION((0.,0.,-1.));
#10672=IFCEXTRUDEDAREASOLID(#10666,#10670,#10671,0.004999999888241291);
#10673=IFCCARTESIANPOINTLIST2D(((0.,0.),(0.84999997541308403,0.),(0.84999997541308403,0.035000000149011612),(0.,0.035000000149011612)));
#10674=IFCINDEXEDPOLYCURVE(#10673,(IFCLINEINDEX((1,2,3,4,1))),$);
#10675=IFCARBITRARYCLOSEDPROFILEDEF(.AREA.,$,#10674);
#10676=IFCCARTESIANPOINT((0.02500000037252903,0.02500000037252903,0.02500000037252903));
#10677=IFCDIRECTION((0.,0.,1.));
#10678=IFCDIRECTION((1.,0.,0.));
#10679=IFCAXIS2PLACEMENT3D(#10676,#10677,#10678);
#10680=IFCDIRECTION((0.,0.,1.));
#10681=IFCEXTRUDEDAREASOLID(#10675,#10679,#10680,1.9499999992549419);
#10682=IFCCARTESIANPOINTLIST2D(((0.,0.),(0.,-0.040000000000000001),(-0.11999999999999988,-0.040000000000000001),(-0.11999999999999988,-0.02),(-0.020000000000000018,-0.02),(-0.020000000000000018,0.)));
#10683=IFCINDEXEDPOLYCURVE(#10682,(IFCLINEINDEX((1,2,3,4,5,6,1))),$);
#10684=IFCARBITRARYCLOSEDPROFILEDEF(.AREA.,$,#10683);
#10685=IFCCARTESIANPOINT((0.82499997578561302,0.02500000037252903,1.015000000372529));
#10686=IFCDIRECTION((0.,0.,1.));
#10687=IFCDIRECTION((1.,0.,0.));
#10688=IFCAXIS2PLACEMENT3D(#10685,#10686,#10687);
#10689=IFCDIRECTION((0.,0.,1.));
#10690=IFCEXTRUDEDAREASOLID(#10684,#10688,#10689,0.02);
#10691=IFCEXTRUDEDAREASOLID(#10692,#10695,#10699,0.02);
#10692=IFCARBITRARYCLOSEDPROFILEDEF(.AREA.,$,#10693);
#10693=IFCINDEXEDPOLYCURVE(#10694,(IFCLINEINDEX((1,2,3,4,5,6,1))),$);
#10694=IFCCARTESIANPOINTLIST2D(((0.,0.),(0.,0.040000000000000008),(-0.11999999999999988,0.040000000000000008),(-0.11999999999999988,0.020000000000000004),(-0.020000000000000018,0.020000000000000004),(-0.020000000000000018,0.)));
#10695=IFCAXIS2PLACEMENT3D(#10696,#10697,#10698);
#10696=IFCCARTESIANPOINT((0.82499997578561302,0.060000000521540642,1.015000000372529));
#10697=IFCDIRECTION((0.,0.,1.));
#10698=IFCDIRECTION((1.,0.,0.));
#10699=IFCDIRECTION((0.,0.,1.));
#10701=IFCSHAPEREPRESENTATION(#11,'Body','SweptSolid',(#10636,#10764,#10791,#11219,#10755,#10782,#11192,#10672,#10645,#10773,#11210,#10663,#11201,#11228,#10654));
#10702=IFCSHAPEASPECT((#10701),'Lining',$,.T.,#10569);
#10703=IFCSHAPEREPRESENTATION(#11,'Body','SweptSolid',(#10691,#10681,#10809,#11246,#10810,#10800,#11237,#10690,#11247));
#10704=IFCSHAPEASPECT((#10703),'Framing',$,.T.,#10569);
#10747=IFCCARTESIANPOINTLIST2D(((0.,0.),(0.,2.),(0.89999997615814209,2.),(0.89999997615814209,0.),(0.87499997578561306,0.),(0.87499997578561306,1.974999999627471),(0.02500000037252903,1.974999999627471),(0.02500000037252903,0.)));
#10748=IFCINDEXEDPOLYCURVE(#10747,(IFCLINEINDEX((1,2,3,4,5,6,7,8,1))),$);
#10749=IFCARBITRARYCLOSEDPROFILEDEF(.AREA.,$,#10748);
#10750=IFCCARTESIANPOINT((0.,0.02500000037252903,0.));
#10751=IFCDIRECTION((0.,-1.,0.));
#10752=IFCDIRECTION((1.,0.,0.));
#10753=IFCAXIS2PLACEMENT3D(#10750,#10751,#10752);
#10754=IFCDIRECTION((0.,0.,-1.));
#10755=IFCEXTRUDEDAREASOLID(#10749,#10753,#10754,0.02500000037252903);
#10756=IFCCARTESIANPOINTLIST2D(((0.,0.),(0.,2.),(0.89999997615814209,2.),(0.89999997615814209,0.),(0.84999997541308403,0.),(0.84999997541308403,1.9499999992549419),(0.05000000074505806,1.9499999992549419),(0.05000000074505806,0.)));
#10757=IFCINDEXEDPOLYCURVE(#10756,(IFCLINEINDEX((1,2,3,4,5,6,7,8,1))),$);
#10758=IFCARBITRARYCLOSEDPROFILEDEF(.AREA.,$,#10757);
#10759=IFCCARTESIANPOINT((0.,0.,0.));
#10760=IFCDIRECTION((0.,-1.,0.));
#10761=IFCDIRECTION((1.,0.,0.));
#10762=IFCAXIS2PLACEMENT3D(#10759,#10760,#10761);
#10763=IFCDIRECTION((0.,0.,-1.));
#10764=IFCEXTRUDEDAREASOLID(#10758,#10762,#10763,0.02500000037252903);
#10765=IFCCARTESIANPOINTLIST2D(((0.,0.),(0.79999997466802597,0.),(0.79999997466802597,0.10000000149011612),(0.,0.10000000149011612)));
#10766=IFCINDEXEDPOLYCURVE(#10765,(IFCLINEINDEX((1,2,3,4,1))),$);
#10767=IFCARBITRARYCLOSEDPROFILEDEF(.AREA.,$,#10766);
#10768=IFCCARTESIANPOINT((0.05000000074505806,0.,0.));
#10769=IFCDIRECTION((0.,0.,1.));
#10770=IFCDIRECTION((1.,0.,0.));
#10771=IFCAXIS2PLACEMENT3D(#10768,#10769,#10770);
#10772=IFCDIRECTION((0.,0.,1.));
#10773=IFCEXTRUDEDAREASOLID(#10767,#10771,#10772,0.02500000037252903);
#10774=IFCCARTESIANPOINTLIST2D(((0.,0.),(0.,2.0250000022351742),(0.94999998062849045,2.0250000022351742),(0.94999998062849045,0.),(0.87499997764825821,0.),(0.87499997764825821,1.9499999992549419),(0.075000002980232239,1.9499999992549419),(0.075000002980232239,0.)));
#10775=IFCINDEXEDPOLYCURVE(#10774,(IFCLINEINDEX((1,2,3,4,5,6,7,8,1))),$);
#10776=IFCARBITRARYCLOSEDPROFILEDEF(.AREA.,$,#10775);
#10777=IFCCARTESIANPOINT((-0.025000002235174179,-0.004999999888241291,0.));
#10778=IFCDIRECTION((0.,-1.,0.));
#10779=IFCDIRECTION((1.,0.,0.));
#10780=IFCAXIS2PLACEMENT3D(#10777,#10778,#10779);
#10781=IFCDIRECTION((0.,0.,-1.));
#10782=IFCEXTRUDEDAREASOLID(#10776,#10780,#10781,0.004999999888241291);
#10783=IFCCARTESIANPOINTLIST2D(((0.,0.),(0.,2.0250000022351742),(0.94999998062849045,2.0250000022351742),(0.94999998062849045,0.),(0.89999997802078724,0.),(0.89999997802078724,1.974999999627471),(0.050000002607703209,1.974999999627471),(0.050000002607703209,0.)));
#10784=IFCINDEXEDPOLYCURVE(#10783,(IFCLINEINDEX((1,2,3,4,5,6,7,8,1))),$);
#10785=IFCARBITRARYCLOSEDPROFILEDEF(.AREA.,$,#10784);
#10786=IFCCARTESIANPOINT((-0.025000002235174179,0.05000000074505806,0.));
#10787=IFCDIRECTION((0.,-1.,0.));
#10788=IFCDIRECTION((1.,0.,0.));
#10789=IFCAXIS2PLACEMENT3D(#10786,#10787,#10788);
#10790=IFCDIRECTION((0.,0.,-1.));
#10791=IFCEXTRUDEDAREASOLID(#10785,#10789,#10790,0.004999999888241291);
#10792=IFCCARTESIANPOINTLIST2D(((0.,0.),(0.84999997541308403,0.),(0.84999997541308403,0.035000000149011612),(0.,0.035000000149011612)));
#10793=IFCINDEXEDPOLYCURVE(#10792,(IFCLINEINDEX((1,2,3,4,1))),$);
#10794=IFCARBITRARYCLOSEDPROFILEDEF(.AREA.,$,#10793);
#10795=IFCCARTESIANPOINT((0.02500000037252903,0.02500000037252903,0.02500000037252903));
#10796=IFCDIRECTION((0.,0.,1.));
#10797=IFCDIRECTION((1.,0.,0.));
#10798=IFCAXIS2PLACEMENT3D(#10795,#10796,#10797);
#10799=IFCDIRECTION((0.,0.,1.));
#10800=IFCEXTRUDEDAREASOLID(#10794,#10798,#10799,1.9499999992549419);
#10801=IFCCARTESIANPOINTLIST2D(((0.,0.),(0.,-0.040000000000000001),(-0.11999999999999988,-0.040000000000000001),(-0.11999999999999988,-0.02),(-0.020000000000000018,-0.02),(-0.020000000000000018,0.)));
#10802=IFCINDEXEDPOLYCURVE(#10801,(IFCLINEINDEX((1,2,3,4,5,6,1))),$);
#10803=IFCARBITRARYCLOSEDPROFILEDEF(.AREA.,$,#10802);
#10804=IFCCARTESIANPOINT((0.82499997578561302,0.02500000037252903,1.015000000372529));
#10805=IFCDIRECTION((0.,0.,1.));
#10806=IFCDIRECTION((1.,0.,0.));
#10807=IFCAXIS2PLACEMENT3D(#10804,#10805,#10806);
#10808=IFCDIRECTION((0.,0.,1.));
#10809=IFCEXTRUDEDAREASOLID(#10803,#10807,#10808,0.02);
#10810=IFCEXTRUDEDAREASOLID(#10811,#10814,#10818,0.02);
#10811=IFCARBITRARYCLOSEDPROFILEDEF(.AREA.,$,#10812);
#10812=IFCINDEXEDPOLYCURVE(#10813,(IFCLINEINDEX((1,2,3,4,5,6,1))),$);
#10813=IFCCARTESIANPOINTLIST2D(((0.,0.),(0.,0.040000000000000008),(-0.11999999999999988,0.040000000000000008),(-0.11999999999999988,0.020000000000000004),(-0.020000000000000018,0.020000000000000004),(-0.020000000000000018,0.)));
#10814=IFCAXIS2PLACEMENT3D(#10815,#10816,#10817);
#10815=IFCCARTESIANPOINT((0.82499997578561302,0.060000000521540642,1.015000000372529));
#10816=IFCDIRECTION((0.,0.,1.));
#10817=IFCDIRECTION((1.,0.,0.));
#10818=IFCDIRECTION((0.,0.,1.));
#10859=IFCDOORTYPE('0d4_Zc1zP5RuIKydHGifXq',$,'BATHROOM-2F',$,$,(#10860),(#10862,#10870,#10948),$,$,.DOOR.,.SINGLE_SWING_LEFT.,$,$);
#10860=IFCPROPERTYSET('1I4UdlVzrFSvj1Yky13tKI',$,'BBIM_Door',$,(#10861));
#10861=IFCPROPERTYSINGLEVALUE('Data',$,IFCTEXT('{"door_type": "SINGLE_SWING_RIGHT", "overall_height": 2.0, "overall_width": 0.7635922431945801, "lining_properties": {"lining_depth": 0.05000000074505806, "lining_thickness": 0.05000000074505806, "lining_offset": 0.0, "lining_to_panel_offset_x": 0.02500000037252903, "lining_to_panel_offset_y": 0.02500000037252903, "transom_thickness": 0.0, "casing_thickness": 0.07500000298023224, "casing_depth": 0.004999999888241291, "threshold_thickness": 0.02500000037252903, "threshold_depth": 0.10000000149011612, "threshold_offset": 0.0}, "panel_properties": {"panel_depth": 0.03500000014901161, "panel_width_ratio": 1.0}}'),$);
#10862=IFCREPRESENTATIONMAP(#10863,#11064);
#10863=IFCAXIS2PLACEMENT3D(#10864,#10865,#10866);
#10864=IFCCARTESIANPOINT((0.,0.,0.));
#10865=IFCDIRECTION((0.,0.,1.));
#10866=IFCDIRECTION((1.,0.,0.));
#10870=IFCREPRESENTATIONMAP(#10871,#11137);
#10871=IFCAXIS2PLACEMENT3D(#10872,#10873,#10874);
#10872=IFCCARTESIANPOINT((0.,0.,0.));
#10873=IFCDIRECTION((0.,0.,1.));
#10874=IFCDIRECTION((1.,0.,0.));
#10948=IFCREPRESENTATIONMAP(#10949,#11155);
#10949=IFCAXIS2PLACEMENT3D(#10950,#10951,#10952);
#10950=IFCCARTESIANPOINT((0.,0.,0.));
#10951=IFCDIRECTION((0.,0.,1.));
#10952=IFCDIRECTION((1.,0.,0.));
#10967=IFCDOOR('3LotO5h0nBDPVjhLKFqxnv',$,'Door',$,$,#11180,#10976,$,2.,0.76359224319458008,$,.SINGLE_SWING_RIGHT.,$);
#10968=IFCRELDEFINESBYTYPE('2Fa4_f3q5CsPpuhwUoamGZ',$,$,$,(#10967),#10859);
#10969=IFCCARTESIANPOINT((0.,0.,0.));
#10970=IFCDIRECTION((1.,0.,0.));
#10971=IFCDIRECTION((0.,1.,0.));
#10972=IFCDIRECTION((0.,0.,1.));
#10973=IFCCARTESIANTRANSFORMATIONOPERATOR3D(#10970,#10971,#10969,1.,#10972);
#10974=IFCMAPPEDITEM(#10862,#10973);
#10975=IFCSHAPEREPRESENTATION(#18,'Profile','MappedRepresentation',(#10974));
#10976=IFCPRODUCTDEFINITIONSHAPE($,$,(#10975,#10983,#10990));
#10977=IFCCARTESIANPOINT((0.,0.,0.));
#10978=IFCDIRECTION((1.,0.,0.));
#10979=IFCDIRECTION((0.,1.,0.));
#10980=IFCDIRECTION((0.,0.,1.));
#10981=IFCCARTESIANTRANSFORMATIONOPERATOR3D(#10978,#10979,#10977,1.,#10980);
#10982=IFCMAPPEDITEM(#10870,#10981);
#10983=IFCSHAPEREPRESENTATION(#11,'Body','MappedRepresentation',(#10982));
#10984=IFCCARTESIANPOINT((0.,0.,0.));
#10985=IFCDIRECTION((1.,0.,0.));
#10986=IFCDIRECTION((0.,1.,0.));
#10987=IFCDIRECTION((0.,0.,1.));
#10988=IFCCARTESIANTRANSFORMATIONOPERATOR3D(#10985,#10986,#10984,1.,#10987);
#10989=IFCMAPPEDITEM(#10948,#10988);
#10990=IFCSHAPEREPRESENTATION(#24,'Body','MappedRepresentation',(#10989));
#10991=IFCOPENINGELEMENT('1zY773VPb3mQlhe2tUlFP_',$,'Opening',$,$,#11175,#11019,$,.OPENING.);
#11007=IFCCARTESIANPOINT((0.,0.,0.));
#11008=IFCDIRECTION((1.,0.,0.));
#11009=IFCDIRECTION((0.,0.,1.));
#11010=IFCAXIS2PLACEMENT3D(#11007,#11009,#11008);
#11011=IFCREPRESENTATIONMAP(#11010,#11165);
#11012=IFCCARTESIANPOINT((0.,0.,0.));
#11013=IFCDIRECTION((1.,0.,0.));
#11014=IFCDIRECTION((0.,1.,0.));
#11015=IFCDIRECTION((0.,0.,1.));
#11016=IFCCARTESIANTRANSFORMATIONOPERATOR3D(#11013,#11014,#11012,1.,#11015);
#11017=IFCMAPPEDITEM(#11011,#11016);
#11018=IFCSHAPEREPRESENTATION(#11,'Body','MappedRepresentation',(#11017));
#11019=IFCPRODUCTDEFINITIONSHAPE($,$,(#11018));
#11020=IFCRELVOIDSELEMENT('0SlMOmzQb7oAFvpgXK1lbt',$,$,$,#9987,#10991);
#11026=IFCRELFILLSELEMENT('0hmSTFGv96qOTONFNY1q4m',$,$,$,#10991,#10967);
#11062=IFCCARTESIANPOINTLIST3D(((0.,0.,0.),(0.76359224319458008,0.,0.),(0.76359224319458008,0.,2.),(0.,0.,2.)));
#11063=IFCINDEXEDPOLYCURVE(#11062,(IFCLINEINDEX((1,2,3,4,1))),$);
#11064=IFCSHAPEREPRESENTATION(#18,'Profile','Curve3D',(#11063));
#11065=IFCCARTESIANPOINTLIST2D(((0.,0.),(0.,2.),(0.76359224319458008,2.),(0.76359224319458008,0.),(0.73859224282205105,0.),(0.73859224282205105,1.974999999627471),(0.02500000037252903,1.974999999627471),(0.02500000037252903,0.)));
#11066=IFCINDEXEDPOLYCURVE(#11065,(IFCLINEINDEX((1,2,3,4,5,6,7,8,1))),$);
#11067=IFCARBITRARYCLOSEDPROFILEDEF(.AREA.,$,#11066);
#11068=IFCCARTESIANPOINT((0.,0.02500000037252903,0.));
#11069=IFCDIRECTION((0.,-1.,0.));
#11070=IFCDIRECTION((1.,0.,0.));
#11071=IFCAXIS2PLACEMENT3D(#11068,#11069,#11070);
#11072=IFCDIRECTION((0.,0.,-1.));
#11073=IFCEXTRUDEDAREASOLID(#11067,#11071,#11072,0.02500000037252903);
#11074=IFCCARTESIANPOINTLIST2D(((0.,0.),(0.,2.),(0.76359224319458008,2.),(0.76359224319458008,0.),(0.71359224244952202,0.),(0.71359224244952202,1.9499999992549419),(0.05000000074505806,1.9499999992549419),(0.05000000074505806,0.)));
#11075=IFCINDEXEDPOLYCURVE(#11074,(IFCLINEINDEX((1,2,3,4,5,6,7,8,1))),$);
#11076=IFCARBITRARYCLOSEDPROFILEDEF(.AREA.,$,#11075);
#11077=IFCCARTESIANPOINT((0.,0.,0.));
#11078=IFCDIRECTION((0.,-1.,0.));
#11079=IFCDIRECTION((1.,0.,0.));
#11080=IFCAXIS2PLACEMENT3D(#11077,#11078,#11079);
#11081=IFCDIRECTION((0.,0.,-1.));
#11082=IFCEXTRUDEDAREASOLID(#11076,#11080,#11081,0.02500000037252903);
#11083=IFCCARTESIANPOINTLIST2D(((0.,0.),(0.66359224170446396,0.),(0.66359224170446396,0.10000000149011612),(0.,0.10000000149011612)));
#11084=IFCINDEXEDPOLYCURVE(#11083,(IFCLINEINDEX((1,2,3,4,1))),$);
#11085=IFCARBITRARYCLOSEDPROFILEDEF(.AREA.,$,#11084);
#11086=IFCCARTESIANPOINT((0.05000000074505806,0.,0.));
#11087=IFCDIRECTION((0.,0.,1.));
#11088=IFCDIRECTION((1.,0.,0.));
#11089=IFCAXIS2PLACEMENT3D(#11086,#11087,#11088);
#11090=IFCDIRECTION((0.,0.,1.));
#11091=IFCEXTRUDEDAREASOLID(#11085,#11089,#11090,0.02500000037252903);
#11092=IFCCARTESIANPOINTLIST2D(((0.,0.),(0.,2.0250000022351742),(0.81359224766492844,2.0250000022351742),(0.81359224766492844,0.),(0.7385922446846962,0.),(0.7385922446846962,1.9499999992549419),(0.075000002980232239,1.9499999992549419),(0.075000002980232239,0.)));
#11093=IFCINDEXEDPOLYCURVE(#11092,(IFCLINEINDEX((1,2,3,4,5,6,7,8,1))),$);
#11094=IFCARBITRARYCLOSEDPROFILEDEF(.AREA.,$,#11093);
#11095=IFCCARTESIANPOINT((-0.025000002235174179,-0.004999999888241291,0.));
#11096=IFCDIRECTION((0.,-1.,0.));
#11097=IFCDIRECTION((1.,0.,0.));
#11098=IFCAXIS2PLACEMENT3D(#11095,#11096,#11097);
#11099=IFCDIRECTION((0.,0.,-1.));
#11100=IFCEXTRUDEDAREASOLID(#11094,#11098,#11099,0.004999999888241291);
#11101=IFCCARTESIANPOINTLIST2D(((0.,0.),(0.,2.0250000022351742),(0.81359224766492844,2.0250000022351742),(0.81359224766492844,0.),(0.76359224505722523,0.),(0.76359224505722523,1.974999999627471),(0.050000002607703209,1.974999999627471),(0.050000002607703209,0.)));
#11102=IFCINDEXEDPOLYCURVE(#11101,(IFCLINEINDEX((1,2,3,4,5,6,7,8,1))),$);
#11103=IFCARBITRARYCLOSEDPROFILEDEF(.AREA.,$,#11102);
#11104=IFCCARTESIANPOINT((-0.025000002235174179,0.05000000074505806,0.));
#11105=IFCDIRECTION((0.,-1.,0.));
#11106=IFCDIRECTION((1.,0.,0.));
#11107=IFCAXIS2PLACEMENT3D(#11104,#11105,#11106);
#11108=IFCDIRECTION((0.,0.,-1.));
#11109=IFCEXTRUDEDAREASOLID(#11103,#11107,#11108,0.004999999888241291);
#11110=IFCCARTESIANPOINTLIST2D(((0.,0.),(0.71359224244952202,0.),(0.71359224244952202,0.035000000149011612),(0.,0.035000000149011612)));
#11111=IFCINDEXEDPOLYCURVE(#11110,(IFCLINEINDEX((1,2,3,4,1))),$);
#11112=IFCARBITRARYCLOSEDPROFILEDEF(.AREA.,$,#11111);
#11113=IFCCARTESIANPOINT((0.02500000037252903,0.02500000037252903,0.02500000037252903));
#11114=IFCDIRECTION((0.,0.,1.));
#11115=IFCDIRECTION((1.,0.,0.));
#11116=IFCAXIS2PLACEMENT3D(#11113,#11114,#11115);
#11117=IFCDIRECTION((0.,0.,1.));
#11118=IFCEXTRUDEDAREASOLID(#11112,#11116,#11117,1.9499999992549419);
#11119=IFCCARTESIANPOINTLIST2D(((0.,0.),(0.,-0.040000000000000001),(0.12,-0.040000000000000001),(0.12,-0.02),(0.02,-0.02),(0.02,0.)));
#11120=IFCINDEXEDPOLYCURVE(#11119,(IFCLINEINDEX((1,2,3,4,5,6,1))),$);
#11121=IFCARBITRARYCLOSEDPROFILEDEF(.AREA.,$,#11120);
#11122=IFCCARTESIANPOINT((0.075000000372529033,0.02500000037252903,1.015000000372529));
#11123=IFCDIRECTION((0.,0.,1.));
#11124=IFCDIRECTION((1.,0.,0.));
#11125=IFCAXIS2PLACEMENT3D(#11122,#11123,#11124);
#11126=IFCDIRECTION((0.,0.,1.));
#11127=IFCEXTRUDEDAREASOLID(#11121,#11125,#11126,0.02);
#11128=IFCEXTRUDEDAREASOLID(#11129,#11132,#11136,0.02);
#11129=IFCARBITRARYCLOSEDPROFILEDEF(.AREA.,$,#11130);
#11130=IFCINDEXEDPOLYCURVE(#11131,(IFCLINEINDEX((1,2,3,4,5,6,1))),$);
#11131=IFCCARTESIANPOINTLIST2D(((0.,0.),(0.,0.040000000000000008),(0.11999999999999998,0.040000000000000008),(0.11999999999999998,0.020000000000000004),(0.020000000000000004,0.020000000000000004),(0.020000000000000004,0.)));
#11132=IFCAXIS2PLACEMENT3D(#11133,#11134,#11135);
#11133=IFCCARTESIANPOINT((0.075000000372529033,0.060000000521540642,1.015000000372529));
#11134=IFCDIRECTION((0.,0.,1.));
#11135=IFCDIRECTION((1.,0.,0.));
#11136=IFCDIRECTION((0.,0.,1.));
#11137=IFCSHAPEREPRESENTATION(#11,'Body','SweptSolid',(#11073,#11082,#11118,#11127,#11128,#11091,#11100,#11109));
#11138=IFCSHAPEREPRESENTATION(#11,'Body','SweptSolid',(#11073,#11082,#11091,#11100,#11109));
#11139=IFCSHAPEASPECT((#11138),'Lining',$,.T.,#10976);
#11140=IFCSHAPEREPRESENTATION(#11,'Body','SweptSolid',(#11118,#11127,#11128));
#11141=IFCSHAPEASPECT((#11140),'Framing',$,.T.,#10976);
#11142=IFCCARTESIANPOINTLIST2D(((0.,0.),(0.,0.05000000074505806),(0.02500000037252903,0.05000000074505806),(0.02500000037252903,0.02500000037252903),(0.05000000074505806,0.02500000037252903),(0.05000000074505806,0.)));
#11143=IFCINDEXEDPOLYCURVE(#11142,(IFCLINEINDEX((1,2,3,4,5,6,1))),$);
#11144=IFCINDEXEDPOLYCURVE(#11145,(IFCLINEINDEX((1,2,3,4,5,6,1))),$);
#11145=IFCCARTESIANPOINTLIST2D(((0.76359224319458008,0.),(0.76359224319458008,0.05000000074505806),(0.73859224282205105,0.05000000074505806),(0.73859224282205105,0.02500000037252903),(0.71359224244952202,0.02500000037252903),(0.71359224244952202,0.)));
#11146=IFCDIRECTION((1.,0.));
#11147=IFCCARTESIANPOINT((0.70359224267303944,0.05000000074505806));
#11148=IFCAXIS2PLACEMENT2D(#11147,#11146);
#11149=IFCELLIPSE(#11148,0.67859224230051041,0.71359224244952202);
#11150=IFCCARTESIANPOINT((0.70359224267303944,0.76359224319458008));
#11151=IFCCARTESIANPOINT((0.02500000037252903,0.05000000074505806));
#11152=IFCTRIMMEDCURVE(#11149,(#11150),(#11151),.T.,.CARTESIAN.);
#11153=IFCCARTESIANPOINTLIST2D(((0.73859224282205105,0.05000000074505806),(0.70359224267303944,0.05000000074505806),(0.70359224267303944,0.76359224319458008),(0.73859224282205105,0.76359224319458008)));
#11154=IFCINDEXEDPOLYCURVE(#11153,(IFCLINEINDEX((1,2,3,4,1))),$);
#11155=IFCSHAPEREPRESENTATION(#24,'Body','Curve2D',(#11143,#11144,#11152,#11154));
#11156=IFCCARTESIANPOINTLIST2D(((0.,0.),(0.76359224319458008,0.),(0.76359224319458008,2.),(0.,2.)));
#11157=IFCINDEXEDPOLYCURVE(#11156,(IFCLINEINDEX((1,2,3,4,1))),$);
#11158=IFCARBITRARYCLOSEDPROFILEDEF(.AREA.,$,#11157);
#11159=IFCCARTESIANPOINT((0.,-0.60000002384185791,0.));
#11160=IFCDIRECTION((0.,-1.,0.));
#11161=IFCDIRECTION((1.,0.,0.));
#11162=IFCAXIS2PLACEMENT3D(#11159,#11160,#11161);
#11163=IFCDIRECTION((0.,0.,-1.));
#11164=IFCEXTRUDEDAREASOLID(#11158,#11162,#11163,1.2);
#11165=IFCSHAPEREPRESENTATION(#11,'Body','SweptSolid',(#11164));
#11171=IFCCARTESIANPOINT((1.0596005022525787,0.099999606609344482,0.));
#11172=IFCDIRECTION((0.,0.,1.));
#11173=IFCDIRECTION((-0.99999999999992428,3.8941436741876494E-07,0.));
#11174=IFCAXIS2PLACEMENT3D(#11171,#11172,#11173);
#11175=IFCLOCALPLACEMENT(#18214,#11174);
#11176=IFCCARTESIANPOINT((-4.4408920985006262E-16,0.,0.));
#11177=IFCDIRECTION((0.,0.,1.));
#11178=IFCDIRECTION((1.,0.,0.));
#11179=IFCAXIS2PLACEMENT3D(#11176,#11177,#11178);
#11180=IFCLOCALPLACEMENT(#11175,#11179);
#11181=IFCCARTESIANPOINTLIST3D(((0.,0.,0.),(0.86538517475128174,0.,0.),(0.86538517475128174,0.,2.),(0.,0.,2.)));
#11182=IFCINDEXEDPOLYCURVE(#11181,(IFCLINEINDEX((1,2,3,4,1))),$);
#11183=IFCSHAPEREPRESENTATION(#18,'Profile','Curve3D',(#11182));
#11184=IFCCARTESIANPOINTLIST2D(((0.,0.),(0.,2.),(0.86538517475128174,2.),(0.86538517475128174,0.),(0.84038517437875271,0.),(0.84038517437875271,1.974999999627471),(0.02500000037252903,1.974999999627471),(0.02500000037252903,0.)));
#11185=IFCINDEXEDPOLYCURVE(#11184,(IFCLINEINDEX((1,2,3,4,5,6,7,8,1))),$);
#11186=IFCARBITRARYCLOSEDPROFILEDEF(.AREA.,$,#11185);
#11187=IFCCARTESIANPOINT((0.,0.02500000037252903,0.));
#11188=IFCDIRECTION((0.,-1.,0.));
#11189=IFCDIRECTION((1.,0.,0.));
#11190=IFCAXIS2PLACEMENT3D(#11187,#11188,#11189);
#11191=IFCDIRECTION((0.,0.,-1.));
#11192=IFCEXTRUDEDAREASOLID(#11186,#11190,#11191,0.02500000037252903);
#11193=IFCCARTESIANPOINTLIST2D(((0.,0.),(0.,2.),(0.86538517475128174,2.),(0.86538517475128174,0.),(0.81538517400622368,0.),(0.81538517400622368,1.9499999992549419),(0.05000000074505806,1.9499999992549419),(0.05000000074505806,0.)));
#11194=IFCINDEXEDPOLYCURVE(#11193,(IFCLINEINDEX((1,2,3,4,5,6,7,8,1))),$);
#11195=IFCARBITRARYCLOSEDPROFILEDEF(.AREA.,$,#11194);
#11196=IFCCARTESIANPOINT((0.,0.,0.));
#11197=IFCDIRECTION((0.,-1.,0.));
#11198=IFCDIRECTION((1.,0.,0.));
#11199=IFCAXIS2PLACEMENT3D(#11196,#11197,#11198);
#11200=IFCDIRECTION((0.,0.,-1.));
#11201=IFCEXTRUDEDAREASOLID(#11195,#11199,#11200,0.02500000037252903);
#11202=IFCCARTESIANPOINTLIST2D(((0.,0.),(0.76538517326116562,0.),(0.76538517326116562,0.10000000149011612),(0.,0.10000000149011612)));
#11203=IFCINDEXEDPOLYCURVE(#11202,(IFCLINEINDEX((1,2,3,4,1))),$);
#11204=IFCARBITRARYCLOSEDPROFILEDEF(.AREA.,$,#11203);
#11205=IFCCARTESIANPOINT((0.05000000074505806,0.,0.));
#11206=IFCDIRECTION((0.,0.,1.));
#11207=IFCDIRECTION((1.,0.,0.));
#11208=IFCAXIS2PLACEMENT3D(#11205,#11206,#11207);
#11209=IFCDIRECTION((0.,0.,1.));
#11210=IFCEXTRUDEDAREASOLID(#11204,#11208,#11209,0.02500000037252903);
#11211=IFCCARTESIANPOINTLIST2D(((0.,0.),(0.,2.0250000022351742),(0.9153851792216301,2.0250000022351742),(0.9153851792216301,0.),(0.84038517624139786,0.),(0.84038517624139786,1.9499999992549419),(0.075000002980232239,1.9499999992549419),(0.075000002980232239,0.)));
#11212=IFCINDEXEDPOLYCURVE(#11211,(IFCLINEINDEX((1,2,3,4,5,6,7,8,1))),$);
#11213=IFCARBITRARYCLOSEDPROFILEDEF(.AREA.,$,#11212);
#11214=IFCCARTESIANPOINT((-0.025000002235174179,-0.004999999888241291,0.));
#11215=IFCDIRECTION((0.,-1.,0.));
#11216=IFCDIRECTION((1.,0.,0.));
#11217=IFCAXIS2PLACEMENT3D(#11214,#11215,#11216);
#11218=IFCDIRECTION((0.,0.,-1.));
#11219=IFCEXTRUDEDAREASOLID(#11213,#11217,#11218,0.004999999888241291);
#11220=IFCCARTESIANPOINTLIST2D(((0.,0.),(0.,2.0250000022351742),(0.9153851792216301,2.0250000022351742),(0.9153851792216301,0.),(0.86538517661392689,0.),(0.86538517661392689,1.974999999627471),(0.050000002607703209,1.974999999627471),(0.050000002607703209,0.)));
#11221=IFCINDEXEDPOLYCURVE(#11220,(IFCLINEINDEX((1,2,3,4,5,6,7,8,1))),$);
#11222=IFCARBITRARYCLOSEDPROFILEDEF(.AREA.,$,#11221);
#11223=IFCCARTESIANPOINT((-0.025000002235174179,0.05000000074505806,0.));
#11224=IFCDIRECTION((0.,-1.,0.));
#11225=IFCDIRECTION((1.,0.,0.));
#11226=IFCAXIS2PLACEMENT3D(#11223,#11224,#11225);
#11227=IFCDIRECTION((0.,0.,-1.));
#11228=IFCEXTRUDEDAREASOLID(#11222,#11226,#11227,0.004999999888241291);
#11229=IFCCARTESIANPOINTLIST2D(((0.,0.),(0.81538517400622368,0.),(0.81538517400622368,0.035000000149011612),(0.,0.035000000149011612)));
#11230=IFCINDEXEDPOLYCURVE(#11229,(IFCLINEINDEX((1,2,3,4,1))),$);
#11231=IFCARBITRARYCLOSEDPROFILEDEF(.AREA.,$,#11230);
#11232=IFCCARTESIANPOINT((0.02500000037252903,0.02500000037252903,0.02500000037252903));
#11233=IFCDIRECTION((0.,0.,1.));
#11234=IFCDIRECTION((1.,0.,0.));
#11235=IFCAXIS2PLACEMENT3D(#11232,#11233,#11234);
#11236=IFCDIRECTION((0.,0.,1.));
#11237=IFCEXTRUDEDAREASOLID(#11231,#11235,#11236,1.9499999992549419);
#11238=IFCCARTESIANPOINTLIST2D(((0.,0.),(0.,-0.040000000000000001),(-0.11999999999999988,-0.040000000000000001),(-0.11999999999999988,-0.02),(-0.020000000000000018,-0.02),(-0.020000000000000018,0.)));
#11239=IFCINDEXEDPOLYCURVE(#11238,(IFCLINEINDEX((1,2,3,4,5,6,1))),$);
#11240=IFCARBITRARYCLOSEDPROFILEDEF(.AREA.,$,#11239);
#11241=IFCCARTESIANPOINT((0.79038517437875266,0.02500000037252903,1.015000000372529));
#11242=IFCDIRECTION((0.,0.,1.));
#11243=IFCDIRECTION((1.,0.,0.));
#11244=IFCAXIS2PLACEMENT3D(#11241,#11242,#11243);
#11245=IFCDIRECTION((0.,0.,1.));
#11246=IFCEXTRUDEDAREASOLID(#11240,#11244,#11245,0.02);
#11247=IFCEXTRUDEDAREASOLID(#11248,#11251,#11255,0.02);
#11248=IFCARBITRARYCLOSEDPROFILEDEF(.AREA.,$,#11249);
#11249=IFCINDEXEDPOLYCURVE(#11250,(IFCLINEINDEX((1,2,3,4,5,6,1))),$);
#11250=IFCCARTESIANPOINTLIST2D(((0.,0.),(0.,0.040000000000000008),(-0.11999999999999988,0.040000000000000008),(-0.11999999999999988,0.020000000000000004),(-0.020000000000000018,0.020000000000000004),(-0.020000000000000018,0.)));
#11251=IFCAXIS2PLACEMENT3D(#11252,#11253,#11254);
#11252=IFCCARTESIANPOINT((0.79038517437875266,0.060000000521540642,1.015000000372529));
#11253=IFCDIRECTION((0.,0.,1.));
#11254=IFCDIRECTION((1.,0.,0.));
#11255=IFCDIRECTION((0.,0.,1.));
#11256=IFCSHAPEREPRESENTATION(#11,'Body','SweptSolid',(#11192,#11201,#11237,#11246,#11247,#11210,#11219,#11228));
#11257=IFCCARTESIANPOINTLIST2D(((0.,0.),(0.,0.05000000074505806),(0.02500000037252903,0.05000000074505806),(0.02500000037252903,0.02500000037252903),(0.05000000074505806,0.02500000037252903),(0.05000000074505806,0.)));
#11258=IFCINDEXEDPOLYCURVE(#11257,(IFCLINEINDEX((1,2,3,4,5,6,1))),$);
#11259=IFCINDEXEDPOLYCURVE(#11260,(IFCLINEINDEX((1,2,3,4,5,6,1))),$);
#11260=IFCCARTESIANPOINTLIST2D(((0.86538517475128174,0.),(0.86538517475128174,0.05000000074505806),(0.84038517437875271,0.05000000074505806),(0.84038517437875271,0.02500000037252903),(0.81538517400622368,0.02500000037252903),(0.81538517400622368,0.)));
#11261=IFCDIRECTION((1.,0.));
#11262=IFCCARTESIANPOINT((0.060000000521540642,0.05000000074505806));
#11263=IFCAXIS2PLACEMENT2D(#11262,#11261);
#11264=IFCELLIPSE(#11263,0.78038517385721207,0.81538517400622368);
#11265=IFCCARTESIANPOINT((0.84038517437875271,0.05000000074505806));
#11266=IFCCARTESIANPOINT((0.060000000521540642,0.86538517475128174));
#11267=IFCTRIMMEDCURVE(#11264,(#11265),(#11266),.T.,.CARTESIAN.);
#11268=IFCCARTESIANPOINTLIST2D(((0.02500000037252903,0.05000000074505806),(0.060000000521540642,0.05000000074505806),(0.060000000521540642,0.86538517475128174),(0.02500000037252903,0.86538517475128174)));
#11269=IFCINDEXEDPOLYCURVE(#11268,(IFCLINEINDEX((1,2,3,4,1))),$);
#11270=IFCSHAPEREPRESENTATION(#24,'Body','Curve2D',(#11258,#11259,#11267,#11269));
#11271=IFCCARTESIANPOINTLIST2D(((0.,0.),(0.86538517475128174,0.),(0.86538517475128174,2.),(0.,2.)));
#11272=IFCINDEXEDPOLYCURVE(#11271,(IFCLINEINDEX((1,2,3,4,1))),$);
#11273=IFCARBITRARYCLOSEDPROFILEDEF(.AREA.,$,#11272);
#11274=IFCCARTESIANPOINT((0.,-0.60000002384185791,0.));
#11275=IFCDIRECTION((0.,-1.,0.));
#11276=IFCDIRECTION((1.,0.,0.));
#11277=IFCAXIS2PLACEMENT3D(#11274,#11275,#11276);
#11278=IFCDIRECTION((0.,0.,-1.));
#11279=IFCEXTRUDEDAREASOLID(#11273,#11277,#11278,1.2);
#11280=IFCSHAPEREPRESENTATION(#11,'Body','SweptSolid',(#11279));
#11286=IFCCARTESIANPOINT((0.30735102291429728,0.015000055467857987,0.));
#11287=IFCDIRECTION((0.,0.,1.));
#11288=IFCDIRECTION((0.99999999999997158,-2.3841857910155572E-07,0.));
#11289=IFCAXIS2PLACEMENT3D(#11286,#11287,#11288);
#11290=IFCLOCALPLACEMENT(#18234,#11289);
#11291=IFCCARTESIANPOINT((-1.1102230246251565E-16,0.,0.));
#11292=IFCDIRECTION((0.,0.,1.));
#11293=IFCDIRECTION((1.,0.,0.));
#11294=IFCAXIS2PLACEMENT3D(#11291,#11292,#11293);
#11295=IFCLOCALPLACEMENT(#11290,#11294);
#11296=IFCDOORTYPE('0U7DIJ_bz8_8Ws$XrJoBph',$,'BATHROOM-2-2F',$,$,(#11297),(#11299,#11307,#11385),$,$,.DOOR.,.SINGLE_SWING_LEFT.,$,$);
#11297=IFCPROPERTYSET('3iMofxC6rFrwiP5iL06G2O',$,'BBIM_Door',$,(#11298));
#11298=IFCPROPERTYSINGLEVALUE('Data',$,IFCTEXT('{"door_type": "DOUBLE_SWING_LEFT", "overall_height": 2.0, "overall_width": 0.744233250617981, "lining_properties": {"lining_depth": 0.05000000074505806, "lining_thickness": 0.05000000074505806, "lining_offset": 0.0, "lining_to_panel_offset_x": 0.02500000037252903, "lining_to_panel_offset_y": 0.02500000037252903, "transom_thickness": 0.0, "casing_thickness": 0.07500000298023224, "casing_depth": 0.004999999888241291, "threshold_thickness": 0.02500000037252903, "threshold_depth": 0.10000000149011612, "threshold_offset": 0.0}, "panel_properties": {"panel_depth": 0.03500000014901161, "panel_width_ratio": 1.0}}'),$);
#11299=IFCREPRESENTATIONMAP(#11300,#12170);
#11300=IFCAXIS2PLACEMENT3D(#11301,#11302,#11303);
#11301=IFCCARTESIANPOINT((0.,0.,0.));
#11302=IFCDIRECTION((0.,0.,1.));
#11303=IFCDIRECTION((1.,0.,0.));
#11307=IFCREPRESENTATIONMAP(#11308,#12234);
#11308=IFCAXIS2PLACEMENT3D(#11309,#11310,#11311);
#11309=IFCCARTESIANPOINT((0.,0.,0.));
#11310=IFCDIRECTION((0.,0.,1.));
#11311=IFCDIRECTION((1.,0.,0.));
#11385=IFCREPRESENTATIONMAP(#11386,#12254);
#11386=IFCAXIS2PLACEMENT3D(#11387,#11388,#11389);
#11387=IFCCARTESIANPOINT((0.,0.,0.));
#11388=IFCDIRECTION((0.,0.,1.));
#11389=IFCDIRECTION((1.,0.,0.));
#11404=IFCDOOR('3zUTDRYcD5XRpc72zk7BTL',$,'Door',$,$,#12279,#11413,$,2.,0.74423325061798096,$,.SINGLE_SWING_RIGHT.,$);
#11405=IFCRELDEFINESBYTYPE('3G_gVW2cHE$fFGYJ92k4jL',$,$,$,(#11404,#12119),#11296);
#11406=IFCCARTESIANPOINT((0.,0.,0.));
#11407=IFCDIRECTION((1.,0.,0.));
#11408=IFCDIRECTION((0.,1.,0.));
#11409=IFCDIRECTION((0.,0.,1.));
#11410=IFCCARTESIANTRANSFORMATIONOPERATOR3D(#11407,#11408,#11406,1.,#11409);
#11411=IFCMAPPEDITEM(#11299,#11410);
#11412=IFCSHAPEREPRESENTATION(#18,'Profile','MappedRepresentation',(#11411));
#11413=IFCPRODUCTDEFINITIONSHAPE($,$,(#11412,#11420,#11427));
#11414=IFCCARTESIANPOINT((0.,0.,0.));
#11415=IFCDIRECTION((1.,0.,0.));
#11416=IFCDIRECTION((0.,1.,0.));
#11417=IFCDIRECTION((0.,0.,1.));
#11418=IFCCARTESIANTRANSFORMATIONOPERATOR3D(#11415,#11416,#11414,1.,#11417);
#11419=IFCMAPPEDITEM(#11307,#11418);
#11420=IFCSHAPEREPRESENTATION(#11,'Body','MappedRepresentation',(#11419));
#11421=IFCCARTESIANPOINT((0.,0.,0.));
#11422=IFCDIRECTION((1.,0.,0.));
#11423=IFCDIRECTION((0.,1.,0.));
#11424=IFCDIRECTION((0.,0.,1.));
#11425=IFCCARTESIANTRANSFORMATIONOPERATOR3D(#11422,#11423,#11421,1.,#11424);
#11426=IFCMAPPEDITEM(#11385,#11425);
#11427=IFCSHAPEREPRESENTATION(#24,'Body','MappedRepresentation',(#11426));
#11428=IFCOPENINGELEMENT('1ogSWOjHP2fhEAxnyaZJsI',$,'Opening',$,$,#12274,#11456,$,.OPENING.);
#11444=IFCCARTESIANPOINT((0.,0.,0.));
#11445=IFCDIRECTION((1.,0.,0.));
#11446=IFCDIRECTION((0.,0.,1.));
#11447=IFCAXIS2PLACEMENT3D(#11444,#11446,#11445);
#11448=IFCREPRESENTATIONMAP(#11447,#12264);
#11449=IFCCARTESIANPOINT((0.,0.,0.));
#11450=IFCDIRECTION((1.,0.,0.));
#11451=IFCDIRECTION((0.,1.,0.));
#11452=IFCDIRECTION((0.,0.,1.));
#11453=IFCCARTESIANTRANSFORMATIONOPERATOR3D(#11450,#11451,#11449,1.,#11452);
#11454=IFCMAPPEDITEM(#11448,#11453);
#11455=IFCSHAPEREPRESENTATION(#11,'Body','MappedRepresentation',(#11454));
#11456=IFCPRODUCTDEFINITIONSHAPE($,$,(#11455));
#11457=IFCRELVOIDSELEMENT('1q7lThPL58SQbkj5Yd92e9',$,$,$,#9792,#11428);
#11463=IFCRELFILLSELEMENT('0A7rw7zKj8thrpuXs6lf0Y',$,$,$,#11428,#11404);
#11502=IFCCARTESIANPOINTLIST2D(((0.,0.),(0.,2.),(0.74423325061798096,2.),(0.74423325061798096,0.),(0.71923325024545193,0.),(0.71923325024545193,1.974999999627471),(0.02500000037252903,1.974999999627471),(0.02500000037252903,0.)));
#11503=IFCINDEXEDPOLYCURVE(#11502,(IFCLINEINDEX((1,2,3,4,5,6,7,8,1))),$);
#11504=IFCARBITRARYCLOSEDPROFILEDEF(.AREA.,$,#11503);
#11505=IFCCARTESIANPOINT((0.,0.02500000037252903,0.));
#11506=IFCDIRECTION((0.,-1.,0.));
#11507=IFCDIRECTION((1.,0.,0.));
#11508=IFCAXIS2PLACEMENT3D(#11505,#11506,#11507);
#11509=IFCDIRECTION((0.,0.,-1.));
#11510=IFCEXTRUDEDAREASOLID(#11504,#11508,#11509,0.02500000037252903);
#11511=IFCCARTESIANPOINTLIST2D(((0.,0.),(0.,2.),(0.74423325061798096,2.),(0.74423325061798096,0.),(0.6942332498729229,0.),(0.6942332498729229,1.9499999992549419),(0.05000000074505806,1.9499999992549419),(0.05000000074505806,0.)));
#11512=IFCINDEXEDPOLYCURVE(#11511,(IFCLINEINDEX((1,2,3,4,5,6,7,8,1))),$);
#11513=IFCARBITRARYCLOSEDPROFILEDEF(.AREA.,$,#11512);
#11514=IFCCARTESIANPOINT((0.,0.,0.));
#11515=IFCDIRECTION((0.,-1.,0.));
#11516=IFCDIRECTION((1.,0.,0.));
#11517=IFCAXIS2PLACEMENT3D(#11514,#11515,#11516);
#11518=IFCDIRECTION((0.,0.,-1.));
#11519=IFCEXTRUDEDAREASOLID(#11513,#11517,#11518,0.02500000037252903);
#11520=IFCCARTESIANPOINTLIST2D(((0.,0.),(0.64423324912786484,0.),(0.64423324912786484,0.10000000149011612),(0.,0.10000000149011612)));
#11521=IFCINDEXEDPOLYCURVE(#11520,(IFCLINEINDEX((1,2,3,4,1))),$);
#11522=IFCARBITRARYCLOSEDPROFILEDEF(.AREA.,$,#11521);
#11523=IFCCARTESIANPOINT((0.05000000074505806,0.,0.));
#11524=IFCDIRECTION((0.,0.,1.));
#11525=IFCDIRECTION((1.,0.,0.));
#11526=IFCAXIS2PLACEMENT3D(#11523,#11524,#11525);
#11527=IFCDIRECTION((0.,0.,1.));
#11528=IFCEXTRUDEDAREASOLID(#11522,#11526,#11527,0.02500000037252903);
#11529=IFCCARTESIANPOINTLIST2D(((0.,0.),(0.,2.0250000022351742),(0.79423325508832932,2.0250000022351742),(0.79423325508832932,0.),(0.71923325210809708,0.),(0.71923325210809708,1.9499999992549419),(0.075000002980232239,1.9499999992549419),(0.075000002980232239,0.)));
#11530=IFCINDEXEDPOLYCURVE(#11529,(IFCLINEINDEX((1,2,3,4,5,6,7,8,1))),$);
#11531=IFCARBITRARYCLOSEDPROFILEDEF(.AREA.,$,#11530);
#11532=IFCCARTESIANPOINT((-0.025000002235174179,-0.004999999888241291,0.));
#11533=IFCDIRECTION((0.,-1.,0.));
#11534=IFCDIRECTION((1.,0.,0.));
#11535=IFCAXIS2PLACEMENT3D(#11532,#11533,#11534);
#11536=IFCDIRECTION((0.,0.,-1.));
#11537=IFCEXTRUDEDAREASOLID(#11531,#11535,#11536,0.004999999888241291);
#11538=IFCCARTESIANPOINTLIST2D(((0.,0.),(0.,2.0250000022351742),(0.79423325508832932,2.0250000022351742),(0.79423325508832932,0.),(0.74423325248062611,0.),(0.74423325248062611,1.974999999627471),(0.050000002607703209,1.974999999627471),(0.050000002607703209,0.)));
#11539=IFCINDEXEDPOLYCURVE(#11538,(IFCLINEINDEX((1,2,3,4,5,6,7,8,1))),$);
#11540=IFCARBITRARYCLOSEDPROFILEDEF(.AREA.,$,#11539);
#11541=IFCCARTESIANPOINT((-0.025000002235174179,0.05000000074505806,0.));
#11542=IFCDIRECTION((0.,-1.,0.));
#11543=IFCDIRECTION((1.,0.,0.));
#11544=IFCAXIS2PLACEMENT3D(#11541,#11542,#11543);
#11545=IFCDIRECTION((0.,0.,-1.));
#11546=IFCEXTRUDEDAREASOLID(#11540,#11544,#11545,0.004999999888241291);
#11547=IFCCARTESIANPOINTLIST2D(((0.,0.),(0.6942332498729229,0.),(0.6942332498729229,0.035000000149011612),(0.,0.035000000149011612)));
#11548=IFCINDEXEDPOLYCURVE(#11547,(IFCLINEINDEX((1,2,3,4,1))),$);
#11549=IFCARBITRARYCLOSEDPROFILEDEF(.AREA.,$,#11548);
#11550=IFCCARTESIANPOINT((0.02500000037252903,0.02500000037252903,0.02500000037252903));
#11551=IFCDIRECTION((0.,0.,1.));
#11552=IFCDIRECTION((1.,0.,0.));
#11553=IFCAXIS2PLACEMENT3D(#11550,#11551,#11552);
#11554=IFCDIRECTION((0.,0.,1.));
#11555=IFCEXTRUDEDAREASOLID(#11549,#11553,#11554,1.9499999992549419);
#11556=IFCCARTESIANPOINTLIST2D(((0.,0.),(0.,-0.040000000000000001),(0.12,-0.040000000000000001),(0.12,-0.02),(0.02,-0.02),(0.02,0.)));
#11557=IFCINDEXEDPOLYCURVE(#11556,(IFCLINEINDEX((1,2,3,4,5,6,1))),$);
#11558=IFCARBITRARYCLOSEDPROFILEDEF(.AREA.,$,#11557);
#11559=IFCCARTESIANPOINT((0.075000000372529033,0.02500000037252903,1.015000000372529));
#11560=IFCDIRECTION((0.,0.,1.));
#11561=IFCDIRECTION((1.,0.,0.));
#11562=IFCAXIS2PLACEMENT3D(#11559,#11560,#11561);
#11563=IFCDIRECTION((0.,0.,1.));
#11564=IFCEXTRUDEDAREASOLID(#11558,#11562,#11563,0.02);
#11565=IFCEXTRUDEDAREASOLID(#11566,#11569,#11573,0.02);
#11566=IFCARBITRARYCLOSEDPROFILEDEF(.AREA.,$,#11567);
#11567=IFCINDEXEDPOLYCURVE(#11568,(IFCLINEINDEX((1,2,3,4,5,6,1))),$);
#11568=IFCCARTESIANPOINTLIST2D(((0.,0.),(0.,0.040000000000000008),(0.11999999999999998,0.040000000000000008),(0.11999999999999998,0.020000000000000004),(0.020000000000000004,0.020000000000000004),(0.020000000000000004,0.)));
#11569=IFCAXIS2PLACEMENT3D(#11570,#11571,#11572);
#11570=IFCCARTESIANPOINT((0.075000000372529033,0.060000000521540642,1.015000000372529));
#11571=IFCDIRECTION((0.,0.,1.));
#11572=IFCDIRECTION((1.,0.,0.));
#11573=IFCDIRECTION((0.,0.,1.));
#11575=IFCSHAPEREPRESENTATION(#11,'Body','SweptSolid',(#11510,#11519,#11528,#11537,#11546));
#11576=IFCSHAPEASPECT((#11575),'Lining',$,.T.,#11413);
#11577=IFCSHAPEREPRESENTATION(#11,'Body','SweptSolid',(#11555,#11564,#11565));
#11578=IFCSHAPEASPECT((#11577),'Framing',$,.T.,#11413);
#11618=IFCDOORTYPE('1Iyh4KYp10NvwDFMfuDja4',$,'BEDROOM 1-2F',$,$,(#11619),(#11621,#11629,#11707),$,$,.DOOR.,.SINGLE_SWING_LEFT.,$,$);
#11619=IFCPROPERTYSET('1iraGv8$99kxcqCv7z1eHl',$,'BBIM_Door',$,(#11620));
#11620=IFCPROPERTYSINGLEVALUE('Data',$,IFCTEXT('{"door_type": "DOUBLE_SWING_LEFT", "overall_height": 2.0, "overall_width": 0.744233250617981, "lining_properties": {"lining_depth": 0.05000000074505806, "lining_thickness": 0.05000000074505806, "lining_offset": 0.0, "lining_to_panel_offset_x": 0.02500000037252903, "lining_to_panel_offset_y": 0.02500000037252903, "transom_thickness": 0.0, "casing_thickness": 0.07500000298023224, "casing_depth": 0.004999999888241291, "threshold_thickness": 0.02500000037252903, "threshold_depth": 0.10000000149011612, "threshold_offset": 0.0}, "panel_properties": {"panel_depth": 0.03500000014901161, "panel_width_ratio": 1.0}}'),$);
#11621=IFCREPRESENTATIONMAP(#11622,#12013);
#11622=IFCAXIS2PLACEMENT3D(#11623,#11624,#11625);
#11623=IFCCARTESIANPOINT((0.,0.,0.));
#11624=IFCDIRECTION((0.,0.,1.));
#11625=IFCDIRECTION((1.,0.,0.));
#11629=IFCREPRESENTATIONMAP(#11630,#12077);
#11630=IFCAXIS2PLACEMENT3D(#11631,#11632,#11633);
#11631=IFCCARTESIANPOINT((0.,0.,0.));
#11632=IFCDIRECTION((0.,0.,1.));
#11633=IFCDIRECTION((1.,0.,0.));
#11707=IFCREPRESENTATIONMAP(#11708,#12093);
#11708=IFCAXIS2PLACEMENT3D(#11709,#11710,#11711);
#11709=IFCCARTESIANPOINT((0.,0.,0.));
#11710=IFCDIRECTION((0.,0.,1.));
#11711=IFCDIRECTION((1.,0.,0.));
#11726=IFCDOOR('1M$kDhp0P2BAIpWkWgOtJ_',$,'Door',$,$,#12118,#11735,$,2.,0.74423325061798096,$,.DOUBLE_SWING_LEFT.,$);
#11727=IFCRELDEFINESBYTYPE('39uOeTMXnAGRIE37_uGgJP',$,$,$,(#11726),#11618);
#11728=IFCCARTESIANPOINT((0.,0.,0.));
#11729=IFCDIRECTION((1.,0.,0.));
#11730=IFCDIRECTION((0.,1.,0.));
#11731=IFCDIRECTION((0.,0.,1.));
#11732=IFCCARTESIANTRANSFORMATIONOPERATOR3D(#11729,#11730,#11728,1.,#11731);
#11733=IFCMAPPEDITEM(#11621,#11732);
#11734=IFCSHAPEREPRESENTATION(#18,'Profile','MappedRepresentation',(#11733));
#11735=IFCPRODUCTDEFINITIONSHAPE($,$,(#11734,#11742,#11749));
#11736=IFCCARTESIANPOINT((0.,0.,0.));
#11737=IFCDIRECTION((1.,0.,0.));
#11738=IFCDIRECTION((0.,1.,0.));
#11739=IFCDIRECTION((0.,0.,1.));
#11740=IFCCARTESIANTRANSFORMATIONOPERATOR3D(#11737,#11738,#11736,1.,#11739);
#11741=IFCMAPPEDITEM(#11629,#11740);
#11742=IFCSHAPEREPRESENTATION(#11,'Body','MappedRepresentation',(#11741));
#11743=IFCCARTESIANPOINT((0.,0.,0.));
#11744=IFCDIRECTION((1.,0.,0.));
#11745=IFCDIRECTION((0.,1.,0.));
#11746=IFCDIRECTION((0.,0.,1.));
#11747=IFCCARTESIANTRANSFORMATIONOPERATOR3D(#11744,#11745,#11743,1.,#11746);
#11748=IFCMAPPEDITEM(#11707,#11747);
#11749=IFCSHAPEREPRESENTATION(#24,'Body','MappedRepresentation',(#11748));
#11750=IFCOPENINGELEMENT('0D4YoySm92mhlWoP$nSPDF',$,'Opening',$,$,#12113,#11778,$,.OPENING.);
#11766=IFCCARTESIANPOINT((0.,0.,0.));
#11767=IFCDIRECTION((1.,0.,0.));
#11768=IFCDIRECTION((0.,0.,1.));
#11769=IFCAXIS2PLACEMENT3D(#11766,#11768,#11767);
#11770=IFCREPRESENTATIONMAP(#11769,#12103);
#11771=IFCCARTESIANPOINT((0.,0.,0.));
#11772=IFCDIRECTION((1.,0.,0.));
#11773=IFCDIRECTION((0.,1.,0.));
#11774=IFCDIRECTION((0.,0.,1.));
#11775=IFCCARTESIANTRANSFORMATIONOPERATOR3D(#11772,#11773,#11771,1.,#11774);
#11776=IFCMAPPEDITEM(#11770,#11775);
#11777=IFCSHAPEREPRESENTATION(#11,'Body','MappedRepresentation',(#11776));
#11778=IFCPRODUCTDEFINITIONSHAPE($,$,(#11777));
#11779=IFCRELVOIDSELEMENT('0ONIxSkVvC_ArhXbsi48xx',$,$,$,#9792,#11750);
#11785=IFCRELFILLSELEMENT('08WyVxZ0127Ad$$z8AovOg',$,$,$,#11750,#11726);
#11794=IFCCARTESIANPOINTLIST2D(((0.,0.),(0.,2.),(0.74423325061798096,2.),(0.74423325061798096,0.),(0.71923325024545193,0.),(0.71923325024545193,1.974999999627471),(0.02500000037252903,1.974999999627471),(0.02500000037252903,0.)));
#11795=IFCINDEXEDPOLYCURVE(#11794,(IFCLINEINDEX((1,2,3,4,5,6,7,8,1))),$);
#11796=IFCARBITRARYCLOSEDPROFILEDEF(.AREA.,$,#11795);
#11797=IFCCARTESIANPOINT((0.,0.,0.));
#11798=IFCDIRECTION((0.,-1.,0.));
#11799=IFCDIRECTION((1.,0.,0.));
#11800=IFCAXIS2PLACEMENT3D(#11797,#11798,#11799);
#11801=IFCDIRECTION((0.,0.,-1.));
#11802=IFCEXTRUDEDAREASOLID(#11796,#11800,#11801,0.05000000074505806);
#11803=IFCCARTESIANPOINTLIST2D(((0.,0.),(0.6942332498729229,0.),(0.6942332498729229,0.10000000149011612),(0.,0.10000000149011612)));
#11804=IFCINDEXEDPOLYCURVE(#11803,(IFCLINEINDEX((1,2,3,4,1))),$);
#11805=IFCARBITRARYCLOSEDPROFILEDEF(.AREA.,$,#11804);
#11806=IFCCARTESIANPOINT((0.02500000037252903,0.,0.));
#11807=IFCDIRECTION((0.,0.,1.));
#11808=IFCDIRECTION((1.,0.,0.));
#11809=IFCAXIS2PLACEMENT3D(#11806,#11807,#11808);
#11810=IFCDIRECTION((0.,0.,1.));
#11811=IFCEXTRUDEDAREASOLID(#11805,#11809,#11810,0.02500000037252903);
#11812=IFCCARTESIANPOINTLIST2D(((0.,0.),(0.,2.0250000022351742),(0.79423325508832932,2.0250000022351742),(0.79423325508832932,0.),(0.74423325248062611,0.),(0.74423325248062611,1.974999999627471),(0.050000002607703209,1.974999999627471),(0.050000002607703209,0.)));
#11813=IFCINDEXEDPOLYCURVE(#11812,(IFCLINEINDEX((1,2,3,4,5,6,7,8,1))),$);
#11814=IFCARBITRARYCLOSEDPROFILEDEF(.AREA.,$,#11813);
#11815=IFCCARTESIANPOINT((-0.025000002235174179,-0.004999999888241291,0.));
#11816=IFCDIRECTION((0.,-1.,0.));
#11817=IFCDIRECTION((1.,0.,0.));
#11818=IFCAXIS2PLACEMENT3D(#11815,#11816,#11817);
#11819=IFCDIRECTION((0.,0.,-1.));
#11820=IFCEXTRUDEDAREASOLID(#11814,#11818,#11819,0.004999999888241291);
#11821=IFCCARTESIANPOINTLIST2D(((0.,0.),(0.,2.0250000022351742),(0.79423325508832932,2.0250000022351742),(0.79423325508832932,0.),(0.74423325248062611,0.),(0.74423325248062611,1.974999999627471),(0.050000002607703209,1.974999999627471),(0.050000002607703209,0.)));
#11822=IFCINDEXEDPOLYCURVE(#11821,(IFCLINEINDEX((1,2,3,4,5,6,7,8,1))),$);
#11823=IFCARBITRARYCLOSEDPROFILEDEF(.AREA.,$,#11822);
#11824=IFCCARTESIANPOINT((-0.025000002235174179,0.05000000074505806,0.));
#11825=IFCDIRECTION((0.,-1.,0.));
#11826=IFCDIRECTION((1.,0.,0.));
#11827=IFCAXIS2PLACEMENT3D(#11824,#11825,#11826);
#11828=IFCDIRECTION((0.,0.,-1.));
#11829=IFCEXTRUDEDAREASOLID(#11823,#11827,#11828,0.004999999888241291);
#11830=IFCCARTESIANPOINTLIST2D(((0.,0.),(0.6942332498729229,0.),(0.6942332498729229,0.035000000149011612),(0.,0.035000000149011612)));
#11831=IFCINDEXEDPOLYCURVE(#11830,(IFCLINEINDEX((1,2,3,4,1))),$);
#11832=IFCARBITRARYCLOSEDPROFILEDEF(.AREA.,$,#11831);
#11833=IFCCARTESIANPOINT((0.02500000037252903,0.02500000037252903,0.02500000037252903));
#11834=IFCDIRECTION((0.,0.,1.));
#11835=IFCDIRECTION((1.,0.,0.));
#11836=IFCAXIS2PLACEMENT3D(#11833,#11834,#11835);
#11837=IFCDIRECTION((0.,0.,1.));
#11838=IFCEXTRUDEDAREASOLID(#11832,#11836,#11837,1.9499999992549419);
#11839=IFCCARTESIANPOINTLIST2D(((0.,0.),(0.,-0.040000000000000001),(-0.11999999999999988,-0.040000000000000001),(-0.11999999999999988,-0.02),(-0.020000000000000018,-0.02),(-0.020000000000000018,0.)));
#11840=IFCINDEXEDPOLYCURVE(#11839,(IFCLINEINDEX((1,2,3,4,5,6,1))),$);
#11841=IFCARBITRARYCLOSEDPROFILEDEF(.AREA.,$,#11840);
#11842=IFCCARTESIANPOINT((0.66923325024545188,0.02500000037252903,1.015000000372529));
#11843=IFCDIRECTION((0.,0.,1.));
#11844=IFCDIRECTION((1.,0.,0.));
#11845=IFCAXIS2PLACEMENT3D(#11842,#11843,#11844);
#11846=IFCDIRECTION((0.,0.,1.));
#11847=IFCEXTRUDEDAREASOLID(#11841,#11845,#11846,0.02);
#11848=IFCEXTRUDEDAREASOLID(#11849,#11852,#11856,0.02);
#11849=IFCARBITRARYCLOSEDPROFILEDEF(.AREA.,$,#11850);
#11850=IFCINDEXEDPOLYCURVE(#11851,(IFCLINEINDEX((1,2,3,4,5,6,1))),$);
#11851=IFCCARTESIANPOINTLIST2D(((0.,0.),(0.,0.040000000000000008),(-0.11999999999999988,0.040000000000000008),(-0.11999999999999988,0.020000000000000004),(-0.020000000000000018,0.020000000000000004),(-0.020000000000000018,0.)));
#11852=IFCAXIS2PLACEMENT3D(#11853,#11854,#11855);
#11853=IFCCARTESIANPOINT((0.66923325024545188,0.060000000521540642,1.015000000372529));
#11854=IFCDIRECTION((0.,0.,1.));
#11855=IFCDIRECTION((1.,0.,0.));
#11856=IFCDIRECTION((0.,0.,1.));
#11858=IFCSHAPEREPRESENTATION(#11,'Body','SweptSolid',(#12040,#11932,#11811,#12031,#11829,#12049,#11941,#11820,#12022,#11923,#11802,#11914));
#11859=IFCSHAPEASPECT((#11858),'Lining',$,.T.,#11735);
#11860=IFCSHAPEREPRESENTATION(#11,'Body','SweptSolid',(#11847,#12067,#11959,#11848,#12068,#11838,#12058,#11950,#11960));
#11861=IFCSHAPEASPECT((#11860),'Framing',$,.T.,#11735);
#11906=IFCCARTESIANPOINTLIST2D(((0.,0.),(0.,2.),(0.74423325061798096,2.),(0.74423325061798096,0.),(0.71923325024545193,0.),(0.71923325024545193,1.974999999627471),(0.02500000037252903,1.974999999627471),(0.02500000037252903,0.)));
#11907=IFCINDEXEDPOLYCURVE(#11906,(IFCLINEINDEX((1,2,3,4,5,6,7,8,1))),$);
#11908=IFCARBITRARYCLOSEDPROFILEDEF(.AREA.,$,#11907);
#11909=IFCCARTESIANPOINT((0.,0.,0.));
#11910=IFCDIRECTION((0.,-1.,0.));
#11911=IFCDIRECTION((1.,0.,0.));
#11912=IFCAXIS2PLACEMENT3D(#11909,#11910,#11911);
#11913=IFCDIRECTION((0.,0.,-1.));
#11914=IFCEXTRUDEDAREASOLID(#11908,#11912,#11913,0.05000000074505806);
#11915=IFCCARTESIANPOINTLIST2D(((0.,0.),(0.6942332498729229,0.),(0.6942332498729229,0.10000000149011612),(0.,0.10000000149011612)));
#11916=IFCINDEXEDPOLYCURVE(#11915,(IFCLINEINDEX((1,2,3,4,1))),$);
#11917=IFCARBITRARYCLOSEDPROFILEDEF(.AREA.,$,#11916);
#11918=IFCCARTESIANPOINT((0.02500000037252903,0.,0.));
#11919=IFCDIRECTION((0.,0.,1.));
#11920=IFCDIRECTION((1.,0.,0.));
#11921=IFCAXIS2PLACEMENT3D(#11918,#11919,#11920);
#11922=IFCDIRECTION((0.,0.,1.));
#11923=IFCEXTRUDEDAREASOLID(#11917,#11921,#11922,0.02500000037252903);
#11924=IFCCARTESIANPOINTLIST2D(((0.,0.),(0.,2.0250000022351742),(0.79423325508832932,2.0250000022351742),(0.79423325508832932,0.),(0.74423325248062611,0.),(0.74423325248062611,1.974999999627471),(0.050000002607703209,1.974999999627471),(0.050000002607703209,0.)));
#11925=IFCINDEXEDPOLYCURVE(#11924,(IFCLINEINDEX((1,2,3,4,5,6,7,8,1))),$);
#11926=IFCARBITRARYCLOSEDPROFILEDEF(.AREA.,$,#11925);
#11927=IFCCARTESIANPOINT((-0.025000002235174179,-0.004999999888241291,0.));
#11928=IFCDIRECTION((0.,-1.,0.));
#11929=IFCDIRECTION((1.,0.,0.));
#11930=IFCAXIS2PLACEMENT3D(#11927,#11928,#11929);
#11931=IFCDIRECTION((0.,0.,-1.));
#11932=IFCEXTRUDEDAREASOLID(#11926,#11930,#11931,0.004999999888241291);
#11933=IFCCARTESIANPOINTLIST2D(((0.,0.),(0.,2.0250000022351742),(0.79423325508832932,2.0250000022351742),(0.79423325508832932,0.),(0.74423325248062611,0.),(0.74423325248062611,1.974999999627471),(0.050000002607703209,1.974999999627471),(0.050000002607703209,0.)));
#11934=IFCINDEXEDPOLYCURVE(#11933,(IFCLINEINDEX((1,2,3,4,5,6,7,8,1))),$);
#11935=IFCARBITRARYCLOSEDPROFILEDEF(.AREA.,$,#11934);
#11936=IFCCARTESIANPOINT((-0.025000002235174179,0.05000000074505806,0.));
#11937=IFCDIRECTION((0.,-1.,0.));
#11938=IFCDIRECTION((1.,0.,0.));
#11939=IFCAXIS2PLACEMENT3D(#11936,#11937,#11938);
#11940=IFCDIRECTION((0.,0.,-1.));
#11941=IFCEXTRUDEDAREASOLID(#11935,#11939,#11940,0.004999999888241291);
#11942=IFCCARTESIANPOINTLIST2D(((0.,0.),(0.6942332498729229,0.),(0.6942332498729229,0.035000000149011612),(0.,0.035000000149011612)));
#11943=IFCINDEXEDPOLYCURVE(#11942,(IFCLINEINDEX((1,2,3,4,1))),$);
#11944=IFCARBITRARYCLOSEDPROFILEDEF(.AREA.,$,#11943);
#11945=IFCCARTESIANPOINT((0.02500000037252903,0.02500000037252903,0.02500000037252903));
#11946=IFCDIRECTION((0.,0.,1.));
#11947=IFCDIRECTION((1.,0.,0.));
#11948=IFCAXIS2PLACEMENT3D(#11945,#11946,#11947);
#11949=IFCDIRECTION((0.,0.,1.));
#11950=IFCEXTRUDEDAREASOLID(#11944,#11948,#11949,1.9499999992549419);
#11951=IFCCARTESIANPOINTLIST2D(((0.,0.),(0.,-0.040000000000000001),(-0.11999999999999988,-0.040000000000000001),(-0.11999999999999988,-0.02),(-0.020000000000000018,-0.02),(-0.020000000000000018,0.)));
#11952=IFCINDEXEDPOLYCURVE(#11951,(IFCLINEINDEX((1,2,3,4,5,6,1))),$);
#11953=IFCARBITRARYCLOSEDPROFILEDEF(.AREA.,$,#11952);
#11954=IFCCARTESIANPOINT((0.66923325024545188,0.02500000037252903,1.015000000372529));
#11955=IFCDIRECTION((0.,0.,1.));
#11956=IFCDIRECTION((1.,0.,0.));
#11957=IFCAXIS2PLACEMENT3D(#11954,#11955,#11956);
#11958=IFCDIRECTION((0.,0.,1.));
#11959=IFCEXTRUDEDAREASOLID(#11953,#11957,#11958,0.02);
#11960=IFCEXTRUDEDAREASOLID(#11961,#11964,#11968,0.02);
#11961=IFCARBITRARYCLOSEDPROFILEDEF(.AREA.,$,#11962);
#11962=IFCINDEXEDPOLYCURVE(#11963,(IFCLINEINDEX((1,2,3,4,5,6,1))),$);
#11963=IFCCARTESIANPOINTLIST2D(((0.,0.),(0.,0.040000000000000008),(-0.11999999999999988,0.040000000000000008),(-0.11999999999999988,0.020000000000000004),(-0.020000000000000018,0.020000000000000004),(-0.020000000000000018,0.)));
#11964=IFCAXIS2PLACEMENT3D(#11965,#11966,#11967);
#11965=IFCCARTESIANPOINT((0.66923325024545188,0.060000000521540642,1.015000000372529));
#11966=IFCDIRECTION((0.,0.,1.));
#11967=IFCDIRECTION((1.,0.,0.));
#11968=IFCDIRECTION((0.,0.,1.));
#12011=IFCCARTESIANPOINTLIST3D(((0.,0.,0.),(0.74423325061798096,0.,0.),(0.74423325061798096,0.,2.),(0.,0.,2.)));
#12012=IFCINDEXEDPOLYCURVE(#12011,(IFCLINEINDEX((1,2,3,4,1))),$);
#12013=IFCSHAPEREPRESENTATION(#18,'Profile','Curve3D',(#12012));
#12014=IFCCARTESIANPOINTLIST2D(((0.,0.),(0.,2.),(0.74423325061798096,2.),(0.74423325061798096,0.),(0.71923325024545193,0.),(0.71923325024545193,1.974999999627471),(0.02500000037252903,1.974999999627471),(0.02500000037252903,0.)));
#12015=IFCINDEXEDPOLYCURVE(#12014,(IFCLINEINDEX((1,2,3,4,5,6,7,8,1))),$);
#12016=IFCARBITRARYCLOSEDPROFILEDEF(.AREA.,$,#12015);
#12017=IFCCARTESIANPOINT((0.,0.,0.));
#12018=IFCDIRECTION((0.,-1.,0.));
#12019=IFCDIRECTION((1.,0.,0.));
#12020=IFCAXIS2PLACEMENT3D(#12017,#12018,#12019);
#12021=IFCDIRECTION((0.,0.,-1.));
#12022=IFCEXTRUDEDAREASOLID(#12016,#12020,#12021,0.05000000074505806);
#12023=IFCCARTESIANPOINTLIST2D(((0.,0.),(0.6942332498729229,0.),(0.6942332498729229,0.10000000149011612),(0.,0.10000000149011612)));
#12024=IFCINDEXEDPOLYCURVE(#12023,(IFCLINEINDEX((1,2,3,4,1))),$);
#12025=IFCARBITRARYCLOSEDPROFILEDEF(.AREA.,$,#12024);
#12026=IFCCARTESIANPOINT((0.02500000037252903,0.,0.));
#12027=IFCDIRECTION((0.,0.,1.));
#12028=IFCDIRECTION((1.,0.,0.));
#12029=IFCAXIS2PLACEMENT3D(#12026,#12027,#12028);
#12030=IFCDIRECTION((0.,0.,1.));
#12031=IFCEXTRUDEDAREASOLID(#12025,#12029,#12030,0.02500000037252903);
#12032=IFCCARTESIANPOINTLIST2D(((0.,0.),(0.,2.0250000022351742),(0.79423325508832932,2.0250000022351742),(0.79423325508832932,0.),(0.74423325248062611,0.),(0.74423325248062611,1.974999999627471),(0.050000002607703209,1.974999999627471),(0.050000002607703209,0.)));
#12033=IFCINDEXEDPOLYCURVE(#12032,(IFCLINEINDEX((1,2,3,4,5,6,7,8,1))),$);
#12034=IFCARBITRARYCLOSEDPROFILEDEF(.AREA.,$,#12033);
#12035=IFCCARTESIANPOINT((-0.025000002235174179,-0.004999999888241291,0.));
#12036=IFCDIRECTION((0.,-1.,0.));
#12037=IFCDIRECTION((1.,0.,0.));
#12038=IFCAXIS2PLACEMENT3D(#12035,#12036,#12037);
#12039=IFCDIRECTION((0.,0.,-1.));
#12040=IFCEXTRUDEDAREASOLID(#12034,#12038,#12039,0.004999999888241291);
#12041=IFCCARTESIANPOINTLIST2D(((0.,0.),(0.,2.0250000022351742),(0.79423325508832932,2.0250000022351742),(0.79423325508832932,0.),(0.74423325248062611,0.),(0.74423325248062611,1.974999999627471),(0.050000002607703209,1.974999999627471),(0.050000002607703209,0.)));
#12042=IFCINDEXEDPOLYCURVE(#12041,(IFCLINEINDEX((1,2,3,4,5,6,7,8,1))),$);
#12043=IFCARBITRARYCLOSEDPROFILEDEF(.AREA.,$,#12042);
#12044=IFCCARTESIANPOINT((-0.025000002235174179,0.05000000074505806,0.));
#12045=IFCDIRECTION((0.,-1.,0.));
#12046=IFCDIRECTION((1.,0.,0.));
#12047=IFCAXIS2PLACEMENT3D(#12044,#12045,#12046);
#12048=IFCDIRECTION((0.,0.,-1.));
#12049=IFCEXTRUDEDAREASOLID(#12043,#12047,#12048,0.004999999888241291);
#12050=IFCCARTESIANPOINTLIST2D(((0.,0.),(0.6942332498729229,0.),(0.6942332498729229,0.035000000149011612),(0.,0.035000000149011612)));
#12051=IFCINDEXEDPOLYCURVE(#12050,(IFCLINEINDEX((1,2,3,4,1))),$);
#12052=IFCARBITRARYCLOSEDPROFILEDEF(.AREA.,$,#12051);
#12053=IFCCARTESIANPOINT((0.02500000037252903,0.02500000037252903,0.02500000037252903));
#12054=IFCDIRECTION((0.,0.,1.));
#12055=IFCDIRECTION((1.,0.,0.));
#12056=IFCAXIS2PLACEMENT3D(#12053,#12054,#12055);
#12057=IFCDIRECTION((0.,0.,1.));
#12058=IFCEXTRUDEDAREASOLID(#12052,#12056,#12057,1.9499999992549419);
#12059=IFCCARTESIANPOINTLIST2D(((0.,0.),(0.,-0.040000000000000001),(-0.11999999999999988,-0.040000000000000001),(-0.11999999999999988,-0.02),(-0.020000000000000018,-0.02),(-0.020000000000000018,0.)));
#12060=IFCINDEXEDPOLYCURVE(#12059,(IFCLINEINDEX((1,2,3,4,5,6,1))),$);
#12061=IFCARBITRARYCLOSEDPROFILEDEF(.AREA.,$,#12060);
#12062=IFCCARTESIANPOINT((0.66923325024545188,0.02500000037252903,1.015000000372529));
#12063=IFCDIRECTION((0.,0.,1.));
#12064=IFCDIRECTION((1.,0.,0.));
#12065=IFCAXIS2PLACEMENT3D(#12062,#12063,#12064);
#12066=IFCDIRECTION((0.,0.,1.));
#12067=IFCEXTRUDEDAREASOLID(#12061,#12065,#12066,0.02);
#12068=IFCEXTRUDEDAREASOLID(#12069,#12072,#12076,0.02);
#12069=IFCARBITRARYCLOSEDPROFILEDEF(.AREA.,$,#12070);
#12070=IFCINDEXEDPOLYCURVE(#12071,(IFCLINEINDEX((1,2,3,4,5,6,1))),$);
#12071=IFCCARTESIANPOINTLIST2D(((0.,0.),(0.,0.040000000000000008),(-0.11999999999999988,0.040000000000000008),(-0.11999999999999988,0.020000000000000004),(-0.020000000000000018,0.020000000000000004),(-0.020000000000000018,0.)));
#12072=IFCAXIS2PLACEMENT3D(#12073,#12074,#12075);
#12073=IFCCARTESIANPOINT((0.66923325024545188,0.060000000521540642,1.015000000372529));
#12074=IFCDIRECTION((0.,0.,1.));
#12075=IFCDIRECTION((1.,0.,0.));
#12076=IFCDIRECTION((0.,0.,1.));
#12077=IFCSHAPEREPRESENTATION(#11,'Body','SweptSolid',(#12022,#12058,#12067,#12068,#12031,#12040,#12049));
#12078=IFCCARTESIANPOINTLIST2D(((0.,0.),(0.02500000037252903,0.),(0.02500000037252903,0.05000000074505806),(0.,0.05000000074505806)));
#12079=IFCINDEXEDPOLYCURVE(#12078,(IFCLINEINDEX((1,2,3,4,1))),$);
#12080=IFCINDEXEDPOLYCURVE(#12081,(IFCLINEINDEX((1,2,3,4,1))),$);
#12081=IFCCARTESIANPOINTLIST2D(((0.74423325061798096,0.),(0.71923325024545193,0.),(0.71923325024545193,0.05000000074505806),(0.74423325061798096,0.05000000074505806)));
#12082=IFCCARTESIANPOINTLIST2D(((0.02500000037252903,0.05000000074505806),(0.02500000037252903,-0.64423324912786484),(0.060000000521540642,-0.64423324912786484)));
#12083=IFCINDEXEDPOLYCURVE(#12082,$,$);
#12084=IFCDIRECTION((1.,0.));
#12085=IFCCARTESIANPOINT((0.060000000521540642,0.05000000074505806));
#12086=IFCAXIS2PLACEMENT2D(#12085,#12084);
#12087=IFCELLIPSE(#12086,0.65923324972391129,0.6942332498729229);
#12088=IFCCARTESIANPOINT((0.060000000521540642,-0.64423324912786484));
#12089=IFCCARTESIANPOINT((0.060000000521540642,0.74423325061798096));
#12090=IFCTRIMMEDCURVE(#12087,(#12088),(#12089),.T.,.CARTESIAN.);
#12091=IFCCARTESIANPOINTLIST2D(((0.02500000037252903,0.05000000074505806),(0.060000000521540642,0.05000000074505806),(0.060000000521540642,0.74423325061798096),(0.02500000037252903,0.74423325061798096)));
#12092=IFCINDEXEDPOLYCURVE(#12091,(IFCLINEINDEX((1,2,3,4,1))),$);
#12093=IFCSHAPEREPRESENTATION(#24,'Body','Curve2D',(#12079,#12080,#12083,#12090,#12092));
#12094=IFCCARTESIANPOINTLIST2D(((0.,0.),(0.74423325061798096,0.),(0.74423325061798096,2.),(0.,2.)));
#12095=IFCINDEXEDPOLYCURVE(#12094,(IFCLINEINDEX((1,2,3,4,1))),$);
#12096=IFCARBITRARYCLOSEDPROFILEDEF(.AREA.,$,#12095);
#12097=IFCCARTESIANPOINT((0.,-0.60000002384185791,0.));
#12098=IFCDIRECTION((0.,-1.,0.));
#12099=IFCDIRECTION((1.,0.,0.));
#12100=IFCAXIS2PLACEMENT3D(#12097,#12098,#12099);
#12101=IFCDIRECTION((0.,0.,-1.));
#12102=IFCEXTRUDEDAREASOLID(#12096,#12100,#12101,1.2);
#12103=IFCSHAPEREPRESENTATION(#11,'Body','SweptSolid',(#12102));
#12109=IFCCARTESIANPOINT((2.0328192786374601,0.10000024289729889,0.));
#12110=IFCDIRECTION((0.,0.,1.));
#12111=IFCDIRECTION((-0.99999999999999611,-8.7422783678901773E-08,0.));
#12112=IFCAXIS2PLACEMENT3D(#12109,#12110,#12111);
#12113=IFCLOCALPLACEMENT(#18204,#12112);
#12114=IFCCARTESIANPOINT((-4.4408920985006262E-16,5.5511151231257827E-17,0.));
#12115=IFCDIRECTION((0.,0.,1.));
#12116=IFCDIRECTION((0.99999999999999978,2.6469779601696886E-23,0.));
#12117=IFCAXIS2PLACEMENT3D(#12114,#12115,#12116);
#12118=IFCLOCALPLACEMENT(#12113,#12117);
#12119=IFCDOOR('0adVSS$51ByuKvlnuwhdeK',$,'Door',$,$,#12294,#12127,$,2.,0.74423325061798096,$,.DOUBLE_SWING_LEFT.,$);
#12120=IFCCARTESIANPOINT((0.,0.,0.));
#12121=IFCDIRECTION((1.,0.,0.));
#12122=IFCDIRECTION((0.,1.,0.));
#12123=IFCDIRECTION((0.,0.,1.));
#12124=IFCCARTESIANTRANSFORMATIONOPERATOR3D(#12121,#12122,#12120,1.,#12123);
#12125=IFCMAPPEDITEM(#11299,#12124);
#12126=IFCSHAPEREPRESENTATION(#18,'Profile','MappedRepresentation',(#12125));
#12127=IFCPRODUCTDEFINITIONSHAPE($,$,(#12126,#12134,#12141));
#12128=IFCCARTESIANPOINT((0.,0.,0.));
#12129=IFCDIRECTION((1.,0.,0.));
#12130=IFCDIRECTION((0.,1.,0.));
#12131=IFCDIRECTION((0.,0.,1.));
#12132=IFCCARTESIANTRANSFORMATIONOPERATOR3D(#12129,#12130,#12128,1.,#12131);
#12133=IFCMAPPEDITEM(#11307,#12132);
#12134=IFCSHAPEREPRESENTATION(#11,'Body','MappedRepresentation',(#12133));
#12135=IFCCARTESIANPOINT((0.,0.,0.));
#12136=IFCDIRECTION((1.,0.,0.));
#12137=IFCDIRECTION((0.,1.,0.));
#12138=IFCDIRECTION((0.,0.,1.));
#12139=IFCCARTESIANTRANSFORMATIONOPERATOR3D(#12136,#12137,#12135,1.,#12138);
#12140=IFCMAPPEDITEM(#11385,#12139);
#12141=IFCSHAPEREPRESENTATION(#24,'Body','MappedRepresentation',(#12140));
#12142=IFCOPENINGELEMENT('1DW5k$GPz6y96MfmYe7L0L',$,'Opening',$,$,#12289,#12155,$,.OPENING.);
#12148=IFCCARTESIANPOINT((0.,0.,0.));
#12149=IFCDIRECTION((1.,0.,0.));
#12150=IFCDIRECTION((0.,1.,0.));
#12151=IFCDIRECTION((0.,0.,1.));
#12152=IFCCARTESIANTRANSFORMATIONOPERATOR3D(#12149,#12150,#12148,1.,#12151);
#12153=IFCMAPPEDITEM(#11448,#12152);
#12154=IFCSHAPEREPRESENTATION(#11,'Body','MappedRepresentation',(#12153));
#12155=IFCPRODUCTDEFINITIONSHAPE($,$,(#12154));
#12156=IFCRELVOIDSELEMENT('3MpW3PQ9vAUvlcuRvTT8TQ',$,$,$,#9625,#12142);
#12162=IFCRELFILLSELEMENT('2hgGpqMJzDdAUohSWb3ySb',$,$,$,#12142,#12119);
#12168=IFCCARTESIANPOINTLIST3D(((0.,0.,0.),(0.74423325061798096,0.,0.),(0.74423325061798096,0.,2.),(0.,0.,2.)));
#12169=IFCINDEXEDPOLYCURVE(#12168,(IFCLINEINDEX((1,2,3,4,1))),$);
#12170=IFCSHAPEREPRESENTATION(#18,'Profile','Curve3D',(#12169));
#12171=IFCCARTESIANPOINTLIST2D(((0.,0.),(0.,2.),(0.74423325061798096,2.),(0.74423325061798096,0.),(0.71923325024545193,0.),(0.71923325024545193,1.974999999627471),(0.02500000037252903,1.974999999627471),(0.02500000037252903,0.)));
#12172=IFCINDEXEDPOLYCURVE(#12171,(IFCLINEINDEX((1,2,3,4,5,6,7,8,1))),$);
#12173=IFCARBITRARYCLOSEDPROFILEDEF(.AREA.,$,#12172);
#12174=IFCCARTESIANPOINT((0.,0.,0.));
#12175=IFCDIRECTION((0.,-1.,0.));
#12176=IFCDIRECTION((1.,0.,0.));
#12177=IFCAXIS2PLACEMENT3D(#12174,#12175,#12176);
#12178=IFCDIRECTION((0.,0.,-1.));
#12179=IFCEXTRUDEDAREASOLID(#12173,#12177,#12178,0.05000000074505806);
#12180=IFCCARTESIANPOINTLIST2D(((0.,0.),(0.6942332498729229,0.),(0.6942332498729229,0.10000000149011612),(0.,0.10000000149011612)));
#12181=IFCINDEXEDPOLYCURVE(#12180,(IFCLINEINDEX((1,2,3,4,1))),$);
#12182=IFCARBITRARYCLOSEDPROFILEDEF(.AREA.,$,#12181);
#12183=IFCCARTESIANPOINT((0.02500000037252903,0.,0.));
#12184=IFCDIRECTION((0.,0.,1.));
#12185=IFCDIRECTION((1.,0.,0.));
#12186=IFCAXIS2PLACEMENT3D(#12183,#12184,#12185);
#12187=IFCDIRECTION((0.,0.,1.));
#12188=IFCEXTRUDEDAREASOLID(#12182,#12186,#12187,0.02500000037252903);
#12189=IFCCARTESIANPOINTLIST2D(((0.,0.),(0.,2.0250000022351742),(0.79423325508832932,2.0250000022351742),(0.79423325508832932,0.),(0.74423325248062611,0.),(0.74423325248062611,1.974999999627471),(0.050000002607703209,1.974999999627471),(0.050000002607703209,0.)));
#12190=IFCINDEXEDPOLYCURVE(#12189,(IFCLINEINDEX((1,2,3,4,5,6,7,8,1))),$);
#12191=IFCARBITRARYCLOSEDPROFILEDEF(.AREA.,$,#12190);
#12192=IFCCARTESIANPOINT((-0.025000002235174179,-0.004999999888241291,0.));
#12193=IFCDIRECTION((0.,-1.,0.));
#12194=IFCDIRECTION((1.,0.,0.));
#12195=IFCAXIS2PLACEMENT3D(#12192,#12193,#12194);
#12196=IFCDIRECTION((0.,0.,-1.));
#12197=IFCEXTRUDEDAREASOLID(#12191,#12195,#12196,0.004999999888241291);
#12198=IFCCARTESIANPOINTLIST2D(((0.,0.),(0.,2.0250000022351742),(0.79423325508832932,2.0250000022351742),(0.79423325508832932,0.),(0.74423325248062611,0.),(0.74423325248062611,1.974999999627471),(0.050000002607703209,1.974999999627471),(0.050000002607703209,0.)));
#12199=IFCINDEXEDPOLYCURVE(#12198,(IFCLINEINDEX((1,2,3,4,5,6,7,8,1))),$);
#12200=IFCARBITRARYCLOSEDPROFILEDEF(.AREA.,$,#12199);
#12201=IFCCARTESIANPOINT((-0.025000002235174179,0.05000000074505806,0.));
#12202=IFCDIRECTION((0.,-1.,0.));
#12203=IFCDIRECTION((1.,0.,0.));
#12204=IFCAXIS2PLACEMENT3D(#12201,#12202,#12203);
#12205=IFCDIRECTION((0.,0.,-1.));
#12206=IFCEXTRUDEDAREASOLID(#12200,#12204,#12205,0.004999999888241291);
#12207=IFCCARTESIANPOINTLIST2D(((0.,0.),(0.6942332498729229,0.),(0.6942332498729229,0.035000000149011612),(0.,0.035000000149011612)));
#12208=IFCINDEXEDPOLYCURVE(#12207,(IFCLINEINDEX((1,2,3,4,1))),$);
#12209=IFCARBITRARYCLOSEDPROFILEDEF(.AREA.,$,#12208);
#12210=IFCCARTESIANPOINT((0.02500000037252903,0.02500000037252903,0.02500000037252903));
#12211=IFCDIRECTION((0.,0.,1.));
#12212=IFCDIRECTION((1.,0.,0.));
#12213=IFCAXIS2PLACEMENT3D(#12210,#12211,#12212);
#12214=IFCDIRECTION((0.,0.,1.));
#12215=IFCEXTRUDEDAREASOLID(#12209,#12213,#12214,1.9499999992549419);
#12216=IFCCARTESIANPOINTLIST2D(((0.,0.),(0.,-0.040000000000000001),(-0.11999999999999988,-0.040000000000000001),(-0.11999999999999988,-0.02),(-0.020000000000000018,-0.02),(-0.020000000000000018,0.)));
#12217=IFCINDEXEDPOLYCURVE(#12216,(IFCLINEINDEX((1,2,3,4,5,6,1))),$);
#12218=IFCARBITRARYCLOSEDPROFILEDEF(.AREA.,$,#12217);
#12219=IFCCARTESIANPOINT((0.66923325024545188,0.02500000037252903,1.015000000372529));
#12220=IFCDIRECTION((0.,0.,1.));
#12221=IFCDIRECTION((1.,0.,0.));
#12222=IFCAXIS2PLACEMENT3D(#12219,#12220,#12221);
#12223=IFCDIRECTION((0.,0.,1.));
#12224=IFCEXTRUDEDAREASOLID(#12218,#12222,#12223,0.02);
#12225=IFCEXTRUDEDAREASOLID(#12226,#12229,#12233,0.02);
#12226=IFCARBITRARYCLOSEDPROFILEDEF(.AREA.,$,#12227);
#12227=IFCINDEXEDPOLYCURVE(#12228,(IFCLINEINDEX((1,2,3,4,5,6,1))),$);
#12228=IFCCARTESIANPOINTLIST2D(((0.,0.),(0.,0.040000000000000008),(-0.11999999999999988,0.040000000000000008),(-0.11999999999999988,0.020000000000000004),(-0.020000000000000018,0.020000000000000004),(-0.020000000000000018,0.)));
#12229=IFCAXIS2PLACEMENT3D(#12230,#12231,#12232);
#12230=IFCCARTESIANPOINT((0.66923325024545188,0.060000000521540642,1.015000000372529));
#12231=IFCDIRECTION((0.,0.,1.));
#12232=IFCDIRECTION((1.,0.,0.));
#12233=IFCDIRECTION((0.,0.,1.));
#12234=IFCSHAPEREPRESENTATION(#11,'Body','SweptSolid',(#12179,#12215,#12224,#12225,#12188,#12197,#12206));
#12235=IFCSHAPEREPRESENTATION(#11,'Body','SweptSolid',(#12179,#12188,#12197,#12206));
#12236=IFCSHAPEASPECT((#12235),'Lining',$,.T.,#12127);
#12237=IFCSHAPEREPRESENTATION(#11,'Body','SweptSolid',(#12215,#12224,#12225));
#12238=IFCSHAPEASPECT((#12237),'Framing',$,.T.,#12127);
#12239=IFCCARTESIANPOINTLIST2D(((0.,0.),(0.02500000037252903,0.),(0.02500000037252903,0.05000000074505806),(0.,0.05000000074505806)));
#12240=IFCINDEXEDPOLYCURVE(#12239,(IFCLINEINDEX((1,2,3,4,1))),$);
#12241=IFCINDEXEDPOLYCURVE(#12242,(IFCLINEINDEX((1,2,3,4,1))),$);
#12242=IFCCARTESIANPOINTLIST2D(((0.74423325061798096,0.),(0.71923325024545193,0.),(0.71923325024545193,0.05000000074505806),(0.74423325061798096,0.05000000074505806)));
#12243=IFCCARTESIANPOINTLIST2D(((0.02500000037252903,0.05000000074505806),(0.02500000037252903,-0.64423324912786484),(0.060000000521540642,-0.64423324912786484)));
#12244=IFCINDEXEDPOLYCURVE(#12243,$,$);
#12245=IFCDIRECTION((1.,0.));
#12246=IFCCARTESIANPOINT((0.060000000521540642,0.05000000074505806));
#12247=IFCAXIS2PLACEMENT2D(#12246,#12245);
#12248=IFCELLIPSE(#12247,0.65923324972391129,0.6942332498729229);
#12249=IFCCARTESIANPOINT((0.060000000521540642,-0.64423324912786484));
#12250=IFCCARTESIANPOINT((0.060000000521540642,0.74423325061798096));
#12251=IFCTRIMMEDCURVE(#12248,(#12249),(#12250),.T.,.CARTESIAN.);
#12252=IFCCARTESIANPOINTLIST2D(((0.02500000037252903,0.05000000074505806),(0.060000000521540642,0.05000000074505806),(0.060000000521540642,0.74423325061798096),(0.02500000037252903,0.74423325061798096)));
#12253=IFCINDEXEDPOLYCURVE(#12252,(IFCLINEINDEX((1,2,3,4,1))),$);
#12254=IFCSHAPEREPRESENTATION(#24,'Body','Curve2D',(#12240,#12241,#12244,#12251,#12253));
#12255=IFCCARTESIANPOINTLIST2D(((0.,0.),(0.74423325061798096,0.),(0.74423325061798096,2.),(0.,2.)));
#12256=IFCINDEXEDPOLYCURVE(#12255,(IFCLINEINDEX((1,2,3,4,1))),$);
#12257=IFCARBITRARYCLOSEDPROFILEDEF(.AREA.,$,#12256);
#12258=IFCCARTESIANPOINT((0.,-0.60000002384185791,0.));
#12259=IFCDIRECTION((0.,-1.,0.));
#12260=IFCDIRECTION((1.,0.,0.));
#12261=IFCAXIS2PLACEMENT3D(#12258,#12259,#12260);
#12262=IFCDIRECTION((0.,0.,-1.));
#12263=IFCEXTRUDEDAREASOLID(#12257,#12261,#12262,1.2);
#12264=IFCSHAPEREPRESENTATION(#11,'Body','SweptSolid',(#12263));
#12270=IFCCARTESIANPOINT((3.2773408965268676,0.10000023834549579,0.));
#12271=IFCDIRECTION((0.,0.,1.));
#12272=IFCDIRECTION((-0.99999999999999611,-8.7422783678901773E-08,0.));
#12273=IFCAXIS2PLACEMENT3D(#12270,#12271,#12272);
#12274=IFCLOCALPLACEMENT(#18204,#12273);
#12275=IFCCARTESIANPOINT((-4.4408920985006262E-16,0.,0.));
#12276=IFCDIRECTION((0.,0.,1.));
#12277=IFCDIRECTION((0.99999999999999978,2.6469779601696886E-23,0.));
#12278=IFCAXIS2PLACEMENT3D(#12275,#12276,#12277);
#12279=IFCLOCALPLACEMENT(#12274,#12278);
#12285=IFCCARTESIANPOINT((3.5268921764689405,0.099999736126117789,0.));
#12286=IFCDIRECTION((0.,0.,1.));
#12287=IFCDIRECTION((-0.99999999999998856,1.5099580252808177E-07,0.));
#12288=IFCAXIS2PLACEMENT3D(#12285,#12286,#12287);
#12289=IFCLOCALPLACEMENT(#18194,#12288);
#12290=IFCCARTESIANPOINT((0.,8.8817841970012523E-16,0.));
#12291=IFCDIRECTION((0.,0.,1.));
#12292=IFCDIRECTION((1.,0.,0.));
#12293=IFCAXIS2PLACEMENT3D(#12290,#12291,#12292);
#12294=IFCLOCALPLACEMENT(#12289,#12293);
#12408=IFCRELDEFINESBYTYPE('2o7ibesun8B84Ge5rQ7r0U',$,$,$,(#12698),#6210);
#12524=IFCCARTESIANPOINT((4.2158498764038086,6.4998550415039062,3.));
#12525=IFCDIRECTION((0.,0.,1.));
#12526=IFCDIRECTION((1.,0.,0.));
#12527=IFCAXIS2PLACEMENT3D(#12524,#12525,#12526);
#12528=IFCLOCALPLACEMENT(#18159,#12527);
#12529=IFCCARTESIANPOINT((0.67712807655334473,1.9199981689453125,3.1015424728393555));
#12530=IFCDIRECTION((0.,0.,1.));
#12531=IFCDIRECTION((1.,0.,0.));
#12532=IFCAXIS2PLACEMENT3D(#12529,#12530,#12531);
#12533=IFCLOCALPLACEMENT(#18159,#12532);
#12653=IFCBUILDINGSTOREY('2htxwHTDL8evZaa$$Y6pV7',$,'Roof',$,$,#12674,$,$,$,$);
#12670=IFCCARTESIANPOINT((0.,0.,6.));
#12671=IFCDIRECTION((0.,0.,1.));
#12672=IFCDIRECTION((1.,0.,0.));
#12673=IFCAXIS2PLACEMENT3D(#12670,#12671,#12672);
#12674=IFCLOCALPLACEMENT(#56,#12673);
#12675=IFCSLAB('1P7v8z1$92xuEEC1L2GIOH',$,'Slab',$,$,#12683,#12690,$,$);
#12676=IFCRELCONTAINEDINSPATIALSTRUCTURE('0Icx4ngy96_OBmaCb1zEIy',$,$,$,(#12698,#12675),#12653);
#12677=IFCMATERIALLAYERSETUSAGE(#1547,.AXIS3.,.POSITIVE.,-0.10000000149011612,$);
#12678=IFCRELASSOCIATESMATERIAL('3XbqjFEcLBKfrbhRhmGu_y',$,$,$,(#12675),#12677);
#12679=IFCCARTESIANPOINT((4.2158498764038086,6.4998550415039062,0.));
#12680=IFCDIRECTION((0.,0.,1.));
#12681=IFCDIRECTION((1.,0.,0.));
#12682=IFCAXIS2PLACEMENT3D(#12679,#12680,#12681);
#12683=IFCLOCALPLACEMENT(#12674,#12682);
#12684=IFCCARTESIANPOINTLIST2D(((0.,0.),(-3.9999985694885254,4.76837158203125E-07),(-3.9999983310699463,-0.90000009536743164),(-7.4999985694885254,-0.89999866485595703),(-7.4999980926513672,-8.0471458435058594),(-3.9948415756225586,-8.0471458435058594),(-3.9948415756225586,-8.6461095809936523),(-2.3733816146850586,-8.6461086273193359),(-2.3733816146850586,-9.6461086273193359),(-4.76837158203125E-07,-9.6461086273193359),(0.,0.)));
#12685=IFCINDEXEDPOLYCURVE(#12684,$,$);
#12686=IFCDIRECTION((0.,0.,1.));
#12687=IFCARBITRARYCLOSEDPROFILEDEF(.AREA.,$,#12685);
#12688=IFCEXTRUDEDAREASOLID(#12687,#12697,#12686,0.10000000000000001);
#12689=IFCSHAPEREPRESENTATION(#11,'Body','SweptSolid',(#12688));
#12690=IFCPRODUCTDEFINITIONSHAPE($,$,(#12689));
#12691=IFCPROPERTYSET('2_ydFeaWLFpecIKabJd_JP',$,'EPset_Parametric',$,(#12693));
#12692=IFCRELDEFINESBYPROPERTIES('1HY9rDkiH61u9h6rjAOQQE',$,$,$,(#12675),#12691);
#12693=IFCPROPERTYSINGLEVALUE('Engine',$,IFCLABEL('Bonsai.DumbLayer3'),$);
#12694=IFCCARTESIANPOINT((-0.,-0.,-0.10000000149011612));
#12695=IFCDIRECTION((0.,0.,1.));
#12696=IFCDIRECTION((1.,0.,0.));
#12697=IFCAXIS2PLACEMENT3D(#12694,#12695,#12696);
#12698=IFCROOF('3R8EdzF199Q8jB74j0TWd9',$,'Roof',$,$,#12723,#12706,$,$);
#12699=IFCCARTESIANPOINT((0.,0.,0.));
#12700=IFCDIRECTION((1.,0.,0.));
#12701=IFCDIRECTION((0.,1.,0.));
#12702=IFCDIRECTION((0.,0.,1.));
#12703=IFCCARTESIANTRANSFORMATIONOPERATOR3D(#12700,#12701,#12699,1.,#12702);
#12704=IFCMAPPEDITEM(#6240,#12703);
#12705=IFCSHAPEREPRESENTATION(#11,'Body','MappedRepresentation',(#12704));
#12706=IFCPRODUCTDEFINITIONSHAPE($,$,(#12705,#12713));
#12707=IFCCARTESIANPOINT((0.,0.,0.));
#12708=IFCDIRECTION((1.,0.,0.));
#12709=IFCDIRECTION((0.,1.,0.));
#12710=IFCDIRECTION((0.,0.,1.));
#12711=IFCCARTESIANTRANSFORMATIONOPERATOR3D(#12708,#12709,#12707,1.,#12710);
#12712=IFCMAPPEDITEM(#6268,#12711);
#12713=IFCSHAPEREPRESENTATION(#13,'Box','MappedRepresentation',(#12712));
#12719=IFCCARTESIANPOINT((0.6671292781829834,1.6619577407836914,0.10154247283935547));
#12720=IFCDIRECTION((0.,0.,1.));
#12721=IFCDIRECTION((1.,0.,0.));
#12722=IFCAXIS2PLACEMENT3D(#12719,#12720,#12721);
#12723=IFCLOCALPLACEMENT(#12674,#12722);
#12724=IFCCOVERINGTYPE('1OljxBKqz17PBtAfBU$6Df',$,'FL-1-GF',$,$,(#12728),$,$,$,.FLOORING.);
#12725=IFCMATERIALLAYERSET((#12799,#12800),$,$);
#12726=IFCRELASSOCIATESMATERIAL('2lp0qV1PT1DeoYfGt5kvjn',$,$,$,(#12724),#12725);
#12728=IFCPROPERTYSET('1mOYtUFz9Ekfc5sfGMe_fP',$,'EPset_Parametric',$,(#12729));
#12729=IFCPROPERTYSINGLEVALUE('LayerSetDirection',$,IFCLABEL('AXIS3'),$);
#12749=IFCCOVERING('14G7AB01TAUedQ4jnYRktr',$,'Covering',$,$,#12798,#12763,$,$);
#12750=IFCRELDEFINESBYTYPE('3FZXxtqRjFMvBjZNEupi2j',$,$,$,(#12749),#12724);
#12751=IFCMATERIALLAYERSETUSAGE(#12725,.AXIS3.,.POSITIVE.,0.,$);
#12752=IFCRELASSOCIATESMATERIAL('2BVLDsxF12zhCvARaqYqvQ',$,$,$,(#12749),#12751);
#12753=IFCCARTESIANPOINTLIST2D(((-1.78157639503479,-0.48180532455444336),(-1.78157639503479,0.91819453239440918),(-1.78157639503479,0.96819472312927246),(-1.78157639503479,1.0181944370269775),(-1.78157639503479,2.4681947231292725),(1.4684238433837891,2.4681947231292725),(1.4684238433837891,-6.4118051528930664),(-2.3215763568878174,-6.4118051528930664),(-2.3325762748718262,-3.881805419921875),(-2.3325762748718262,-1.3318054676055908),(-3.7815761566162109,-1.3318054676055908),(-3.8315763473510742,-1.3318054676055908),(-3.8315763473510742,-0.53180527687072754),(-3.8315763473510742,-0.48180532455444336)));
#12754=IFCINDEXEDPOLYCURVE(#12753,(IFCLINEINDEX((1,2,3,4,5,6,7,8,9,10,11,12,13,14,1))),$);
#12755=IFCARBITRARYCLOSEDPROFILEDEF(.AREA.,$,#12754);
#12756=IFCCARTESIANPOINT((0.,0.,0.));
#12757=IFCDIRECTION((0.,0.,1.));
#12758=IFCDIRECTION((1.,0.,0.));
#12759=IFCAXIS2PLACEMENT3D(#12756,#12757,#12758);
#12760=IFCDIRECTION((0.,0.,1.));
#12761=IFCEXTRUDEDAREASOLID(#12755,#12759,#12760,0.09999999962747097);
#12762=IFCSHAPEREPRESENTATION(#11,'Body','SweptSolid',(#12761));
#12763=IFCPRODUCTDEFINITIONSHAPE($,$,(#12762));
#12764=IFCMATERIAL('Screed',$,'Cement');
#12765=IFCMATERIAL('Parquet',$,'Wood');
#12794=IFCCARTESIANPOINT((2.6475763320922852,3.9318053722381592,0.));
#12795=IFCDIRECTION((0.,0.,1.));
#12796=IFCDIRECTION((1.,0.,0.));
#12797=IFCAXIS2PLACEMENT3D(#12794,#12795,#12796);
#12798=IFCLOCALPLACEMENT(#164,#12797);
#12799=IFCMATERIALLAYER(#12764,0.070000000298023224,$,$,$,$,$);
#12800=IFCMATERIALLAYER(#12765,0.029999999329447746,$,$,$,$,$);
#12801=IFCSTAIRFLIGHTTYPE('3cyhdlMH18P8pM2QlHAWXw',$,'STAIR-1',$,$,(#12802,#12804),(#12846,#16034),$,$,.STRAIGHT.);
#12802=IFCPROPERTYSET('1WHf5rfuDEORp9WRGjf$6$',$,'BBIM_Stair',$,(#12803));
#12803=IFCPROPERTYSINGLEVALUE('Data',$,IFCTEXT('{"stair_type": "GENERIC", "width": 0.8088746070861816, "height": 1.7999999523162842, "number_of_treads": 7, "tread_run": 0.18612799048423767, "nosing_length": 0.0, "nosing_depth": 0.0, "custom_first_last_tread_run": [null, null], "custom_tread_lock": true}'),$);
#12804=IFCPROPERTYSET('1AavsJFQr5j96lNjU2_Hb7',$,'Pset_StairFlightCommon',$,(#12805,#12806,#12807,#12808,#12809));
#12805=IFCPROPERTYSINGLEVALUE('NumberOfRiser',$,IFCCOUNTMEASURE(8.),$);
#12806=IFCPROPERTYSINGLEVALUE('NumberOfTreads',$,IFCCOUNTMEASURE(7.),$);
#12807=IFCPROPERTYSINGLEVALUE('RiserHeight',$,IFCPOSITIVELENGTHMEASURE(0.22499999403953552),$);
#12808=IFCPROPERTYSINGLEVALUE('TreadLength',$,IFCPOSITIVELENGTHMEASURE(0.25),$);
#12809=IFCPROPERTYSINGLEVALUE('NosingLength',$,IFCLENGTHMEASURE(0.),$);
#12842=IFCCARTESIANPOINT((0.,0.,0.));
#12843=IFCDIRECTION((1.,0.,0.));
#12844=IFCDIRECTION((0.,0.,1.));
#12845=IFCAXIS2PLACEMENT3D(#12842,#12844,#12843);
#12846=IFCREPRESENTATIONMAP(#12845,#16025);
#12847=IFCSTAIRFLIGHT('0mWPhep8j3fBVY0FI3JP7d',$,'StairFlight',$,$,#15898,#12856,$,8,7,0.22499999403953552,0.25,.STRAIGHT.);
#12848=IFCRELDEFINESBYTYPE('3MpeJArfbAywFpTT1UtdvK',$,$,$,(#12847),#12801);
#12856=IFCPRODUCTDEFINITIONSHAPE($,$,(#12863,#16041));
#12857=IFCCARTESIANPOINT((0.,0.,0.));
#12858=IFCDIRECTION((1.,0.,0.));
#12859=IFCDIRECTION((0.,1.,0.));
#12860=IFCDIRECTION((0.,0.,1.));
#12861=IFCCARTESIANTRANSFORMATIONOPERATOR3D(#12858,#12859,#12857,1.,#12860);
#12862=IFCMAPPEDITEM(#12846,#12861);
#12863=IFCSHAPEREPRESENTATION(#11,'Body','MappedRepresentation',(#12862));
#12908=IFCSLABTYPE('0mWUlJXAn5vBbe1xdNlxk9',$,'SLAB-LANDING',$,$,(#12912),$,$,$,.LANDING.);
#12909=IFCMATERIALLAYERSET((#12911),$,$);
#12910=IFCRELASSOCIATESMATERIAL('1DSpoGBM17PRfsYCPduULr',$,$,$,(#12908),#12909);
#12911=IFCMATERIALLAYER(#173,1.7999999523162842,$,$,$,$,$);
#12912=IFCPROPERTYSET('3GBW2kJqn0jhJ_zQt8QeOB',$,'EPset_Parametric',$,(#12913));
#12913=IFCPROPERTYSINGLEVALUE('LayerSetDirection',$,IFCLABEL('AXIS3'),$);
#12947=IFCSLAB('1tnHwsEHnAgvf0sNCtn_DV',$,'Slab',$,$,#15888,#12962,$,$);
#12948=IFCRELDEFINESBYTYPE('3qZWpd1Mz0cx1yLPPW42MN',$,$,$,(#15734,#12947),#12908);
#12949=IFCMATERIALLAYERSETUSAGE(#12909,.AXIS3.,.POSITIVE.,-0.10000000149011612,$);
#12950=IFCRELASSOCIATESMATERIAL('25267XPeP1fA9ydQMQiSfv',$,$,$,(#12947),#12949);
#12958=IFCDIRECTION((0.,0.,1.));
#12960=IFCEXTRUDEDAREASOLID(#15846,#12969,#12958,1.7999999523162842);
#12961=IFCSHAPEREPRESENTATION(#11,'Body','SweptSolid',(#12960));
#12962=IFCPRODUCTDEFINITIONSHAPE($,$,(#12961));
#12963=IFCPROPERTYSET('0JOfpuIwDEuPoHcAWsv466',$,'EPset_Parametric',$,(#12965));
#12964=IFCRELDEFINESBYPROPERTIES('3uxcQSPhn7eRsLD1Y4PO5Z',$,$,$,(#12947),#12963);
#12965=IFCPROPERTYSINGLEVALUE('Engine',$,IFCLABEL('Bonsai.DumbLayer3'),$);
#12966=IFCCARTESIANPOINT((-0.,-0.,-0.10000000149011612));
#12967=IFCDIRECTION((0.,0.,1.));
#12968=IFCDIRECTION((1.,0.,0.));
#12969=IFCAXIS2PLACEMENT3D(#12966,#12967,#12968);
#13144=IFCRAILINGTYPE('3daO7M1GD52R8f8Zlq8UsG',$,'BALCONY-2',$,$,(#13145,#13147),(#13149,#15661),$,$,.USERDEFINED.);
#13145=IFCPROPERTYSET('3BEx3tMyD8memyBhdlPAlx',$,'BBIM_Railing',$,(#13146));
#13146=IFCPROPERTYSINGLEVALUE('Data',$,IFCTEXT('{"railing_type": "FRAMELESS_PANEL", "height": 1.0, "thickness": 0.05000000074505806, "spacing": 0.05000000074505806, "path_data": {"edges": [[0, 1], [1, 2]], "verts": [[-0.9870731830596924, -0.025002479553222656, 0.0], [-0.8976733684539795, -0.024984359741210938, 0.00023555755615234375], [0.22751402854919434, -0.024756908416748047, 0.00023555755615234375]]}}'),$);
#13147=IFCPROPERTYSET('3BCaGIc1D98wMXVz0Krtrm',$,'Pset_RailingCommon',$,(#13148));
#13148=IFCPROPERTYSINGLEVALUE('Height',$,IFCPOSITIVELENGTHMEASURE(1.),$);
#13149=IFCREPRESENTATIONMAP(#13150,#15652);
#13150=IFCAXIS2PLACEMENT3D(#13151,#13152,#13153);
#13151=IFCCARTESIANPOINT((0.,0.,0.));
#13152=IFCDIRECTION((0.,0.,1.));
#13153=IFCDIRECTION((1.,0.,0.));
#13375=IFCRAILING('2A71BtUt93e8GQ03dapEyx',$,'Railing',$,'FRAMELESS_PANEL',#18249,#13384,$,.USERDEFINED.);
#13376=IFCRELDEFINESBYTYPE('0rDnO3lP5Agu8Kjp2GaJSO',$,$,$,(#13375),#13144);
#13377=IFCCARTESIANPOINT((0.,0.,0.));
#13378=IFCDIRECTION((1.,0.,0.));
#13379=IFCDIRECTION((0.,1.,0.));
#13380=IFCDIRECTION((0.,0.,1.));
#13381=IFCCARTESIANTRANSFORMATIONOPERATOR3D(#13378,#13379,#13377,1.,#13380);
#13382=IFCMAPPEDITEM(#13149,#13381);
#13383=IFCSHAPEREPRESENTATION(#11,'Body','MappedRepresentation',(#13382));
#13384=IFCPRODUCTDEFINITIONSHAPE($,$,(#13383,#15668));
#13453=IFCRAILINGTYPE('04hpM9IATDqfVh_v_peDxo',$,'BALCONY-3',$,$,(#13454,#13456),(#13458,#13593),$,$,.USERDEFINED.);
#13454=IFCPROPERTYSET('2f7fGdZMDBUe4JPCqo7mxI',$,'BBIM_Railing',$,(#13455));
#13455=IFCPROPERTYSINGLEVALUE('Data',$,IFCTEXT('{"railing_type": "FRAMELESS_PANEL", "height": 1.0, "thickness": 0.05000000074505806, "spacing": 0.05000000074505806, "path_data": {"edges": [[0, 1], [1, 2]], "verts": [[-0.524956464767456, -0.024146778509020805, 0.0012984275817871094], [0.22500252723693848, -0.01207350566983223, 0.0], [1.0500025749206543, -0.012073280289769173, 0.0]]}}'),$);
#13456=IFCPROPERTYSET('2z6M90hbLBmPsEMq44UkKx',$,'Pset_RailingCommon',$,(#13457));
#13457=IFCPROPERTYSINGLEVALUE('Height',$,IFCPOSITIVELENGTHMEASURE(1.),$);
#13458=IFCREPRESENTATIONMAP(#13459,#13584);
#13459=IFCAXIS2PLACEMENT3D(#13460,#13461,#13462);
#13460=IFCCARTESIANPOINT((0.,0.,0.));
#13461=IFCDIRECTION((0.,0.,1.));
#13462=IFCDIRECTION((1.,0.,0.));
#13486=IFCRAILING('1AhwSYN$X3gxXg_nIQMiIx',$,'Railing',$,'FRAMELESS_PANEL',#18254,#13495,$,.USERDEFINED.);
#13487=IFCRELDEFINESBYTYPE('2AcX$JXxvEbQnpA1Sq$Pb5',$,$,$,(#13486),#13453);
#13488=IFCCARTESIANPOINT((0.,0.,0.));
#13489=IFCDIRECTION((1.,0.,0.));
#13490=IFCDIRECTION((0.,1.,0.));
#13491=IFCDIRECTION((0.,0.,1.));
#13492=IFCCARTESIANTRANSFORMATIONOPERATOR3D(#13489,#13490,#13488,1.,#13491);
#13493=IFCMAPPEDITEM(#13458,#13492);
#13494=IFCSHAPEREPRESENTATION(#11,'Body','MappedRepresentation',(#13493));
#13495=IFCPRODUCTDEFINITIONSHAPE($,$,(#13494,#13600));
#13570=IFCINDEXEDPOLYGONALFACE((16,19,18,17));
#13571=IFCINDEXEDPOLYGONALFACE((20,23,22,21));
#13572=IFCINDEXEDPOLYGONALFACE((5,11,10,4,8,9));
#13573=IFCINDEXEDPOLYGONALFACE((7,15,14,6,12,13));
#13574=IFCINDEXEDPOLYGONALFACE((6,14,21,22,12));
#13575=IFCINDEXEDPOLYGONALFACE((9,19,16,11,5));
#13576=IFCINDEXEDPOLYGONALFACE((7,13,23,20,15));
#13577=IFCINDEXEDPOLYGONALFACE((11,16,17,10));
#13578=IFCINDEXEDPOLYGONALFACE((8,18,19,9));
#13579=IFCINDEXEDPOLYGONALFACE((12,22,23,13));
#13580=IFCINDEXEDPOLYGONALFACE((15,20,21,14));
#13581=IFCINDEXEDPOLYGONALFACE((10,17,18,8,4));
#13582=IFCCARTESIANPOINTLIST3D(((-0.52495646476745605,-0.024146778509020805,0.0012984275817871094),(0.22500252723693848,-0.01207350566983223,0.),(1.0500025749206543,-0.012073280289769173,0.),(-0.49995970726013184,-0.023744367063045502,0.0012551499530673027),(0.20000576972961426,-0.012475918047130108,4.327767965150997E-05),(0.25000253319740295,-0.012073499150574207,0.),(1.0250025987625122,-0.012073286809027195,0.),(-0.5003620982170105,0.0012523941695690155,0.0012551499530673027),(0.1996033638715744,0.012520843185484409,4.327767965150997E-05),(-0.49955728650093079,-0.048741128295660019,0.0012551499530673027),(0.20040817558765411,-0.0374726802110672,4.327767965150997E-05),(0.25000253319740295,0.012926501221954823,0.),(1.0250025987625122,0.012926713563501835,0.),(0.25000253319740295,-0.037073500454425812,0.),(1.0250025987625122,-0.037073288112878799,0.),(0.20040817558765411,-0.0374726802110672,1.0000432729721069),(-0.49955728650093079,-0.048741128295660019,1.0012551546096802),(-0.5003620982170105,0.0012523941695690155,1.0012551546096802),(0.1996033638715744,0.012520843185484409,1.0000432729721069),(1.0250025987625122,-0.037073288112878799,1.),(0.25000253319740295,-0.037073500454425812,1.),(0.25000253319740295,0.012926501221954823,1.),(1.0250025987625122,0.012926713563501835,1.)));
#13583=IFCPOLYGONALFACESET(#13582,.F.,(#13570,#13571,#13572,#13573,#13574,#13575,#13576,#13577,#13578,#13579,#13580,#13581),$);
#13584=IFCSHAPEREPRESENTATION(#11,'Body','Tessellation',(#13583));
#13586=IFCCARTESIANPOINT((-0.52495646476745605,-0.048741128295660019,0.));
#13587=IFCBOUNDINGBOX(#13586,1.5749590396881104,0.061667840927839279,1.0012551546096802);
#13588=IFCSHAPEREPRESENTATION(#13,'Box','BoundingBox',(#13587));
#13589=IFCCARTESIANPOINT((0.,0.,0.));
#13590=IFCDIRECTION((1.,0.,0.));
#13591=IFCDIRECTION((0.,0.,1.));
#13592=IFCAXIS2PLACEMENT3D(#13589,#13591,#13590);
#13593=IFCREPRESENTATIONMAP(#13592,#13588);
#13594=IFCCARTESIANPOINT((0.,0.,0.));
#13595=IFCDIRECTION((1.,0.,0.));
#13596=IFCDIRECTION((0.,1.,0.));
#13597=IFCDIRECTION((0.,0.,1.));
#13598=IFCCARTESIANTRANSFORMATIONOPERATOR3D(#13595,#13596,#13594,1.,#13597);
#13599=IFCMAPPEDITEM(#13593,#13598);
#13600=IFCSHAPEREPRESENTATION(#13,'Box','MappedRepresentation',(#13599));
#13678=IFCWINDOWTYPE('3wZXPLOdn5FQ3kqzG$CA$f',$,'BATHROOM-2F',$,$,(#13679),(#13681,#13689,#13775),$,$,.WINDOW.,.SINGLE_PANEL.,$,$);
#13679=IFCPROPERTYSET('39CZ3kQkXAxOwtZoWUvEJt',$,'BBIM_Window',$,(#13680));
#13680=IFCPROPERTYSINGLEVALUE('Data',$,IFCTEXT('{"window_type": "SINGLE_PANEL", "overall_height": 0.8999999761581421, "overall_width": 0.9149071574211121, "lining_properties": {"lining_depth": 0.05000000074505806, "lining_thickness": 0.05000000074505806, "lining_offset": 0.05000000074505806, "lining_to_panel_offset_x": 0.02500000037252903, "lining_to_panel_offset_y": 0.02500000037252903}, "panel_properties": {"frame_depth": [0.03500000014901161, 0.03500000014901161, 0.03500000014901161], "frame_thickness": [0.03500000014901161, 0.03500000014901161, 0.03500000014901161]}}'),$);
#13681=IFCREPRESENTATIONMAP(#13682,#15084);
#13682=IFCAXIS2PLACEMENT3D(#13683,#13684,#13685);
#13683=IFCCARTESIANPOINT((0.,0.,0.));
#13684=IFCDIRECTION((0.,0.,1.));
#13685=IFCDIRECTION((1.,0.,0.));
#13689=IFCREPRESENTATIONMAP(#13690,#15127);
#13690=IFCAXIS2PLACEMENT3D(#13691,#13692,#13693);
#13691=IFCCARTESIANPOINT((0.,0.,0.));
#13692=IFCDIRECTION((0.,0.,1.));
#13693=IFCDIRECTION((1.,0.,0.));
#13775=IFCREPRESENTATIONMAP(#13776,#15144);
#13776=IFCAXIS2PLACEMENT3D(#13777,#13778,#13779);
#13777=IFCCARTESIANPOINT((0.,0.,0.));
#13778=IFCDIRECTION((0.,0.,1.));
#13779=IFCDIRECTION((1.,0.,0.));
#13813=IFCWINDOW('1jefXQphvFZ9GcGtgfM6E5',$,'Window',$,$,#15199,#13822,$,0.89999997615814209,0.91490715742111206,$,.DOUBLE_PANEL_VERTICAL.,$);
#13814=IFCRELDEFINESBYTYPE('0o2xe1gjHD7gOAPJRQSttp',$,$,$,(#14710,#15018,#13813),#13678);
#13815=IFCCARTESIANPOINT((0.,0.,0.));
#13816=IFCDIRECTION((1.,0.,0.));
#13817=IFCDIRECTION((0.,1.,0.));
#13818=IFCDIRECTION((0.,0.,1.));
#13819=IFCCARTESIANTRANSFORMATIONOPERATOR3D(#13816,#13817,#13815,1.,#13818);
#13820=IFCMAPPEDITEM(#13681,#13819);
#13821=IFCSHAPEREPRESENTATION(#18,'Profile','MappedRepresentation',(#13820));
#13822=IFCPRODUCTDEFINITIONSHAPE($,$,(#13821,#13829,#13836));
#13823=IFCCARTESIANPOINT((0.,0.,0.));
#13824=IFCDIRECTION((1.,0.,0.));
#13825=IFCDIRECTION((0.,1.,0.));
#13826=IFCDIRECTION((0.,0.,1.));
#13827=IFCCARTESIANTRANSFORMATIONOPERATOR3D(#13824,#13825,#13823,1.,#13826);
#13828=IFCMAPPEDITEM(#13689,#13827);
#13829=IFCSHAPEREPRESENTATION(#11,'Body','MappedRepresentation',(#13828));
#13830=IFCCARTESIANPOINT((0.,0.,0.));
#13831=IFCDIRECTION((1.,0.,0.));
#13832=IFCDIRECTION((0.,1.,0.));
#13833=IFCDIRECTION((0.,0.,1.));
#13834=IFCCARTESIANTRANSFORMATIONOPERATOR3D(#13831,#13832,#13830,1.,#13833);
#13835=IFCMAPPEDITEM(#13775,#13834);
#13836=IFCSHAPEREPRESENTATION(#24,'Body','MappedRepresentation',(#13835));
#13837=IFCOPENINGELEMENT('0yhAyWcG54CgzFT6LwTsGX',$,'Opening',$,$,#15194,#13865,$,.OPENING.);
#13853=IFCCARTESIANPOINT((0.,0.,0.));
#13854=IFCDIRECTION((1.,0.,0.));
#13855=IFCDIRECTION((0.,0.,1.));
#13856=IFCAXIS2PLACEMENT3D(#13853,#13855,#13854);
#13857=IFCREPRESENTATIONMAP(#13856,#15154);
#13858=IFCCARTESIANPOINT((0.,0.,0.));
#13859=IFCDIRECTION((1.,0.,0.));
#13860=IFCDIRECTION((0.,1.,0.));
#13861=IFCDIRECTION((0.,0.,1.));
#13862=IFCCARTESIANTRANSFORMATIONOPERATOR3D(#13859,#13860,#13858,1.,#13861);
#13863=IFCMAPPEDITEM(#13857,#13862);
#13864=IFCSHAPEREPRESENTATION(#11,'Body','MappedRepresentation',(#13863));
#13865=IFCPRODUCTDEFINITIONSHAPE($,$,(#13864));
#13866=IFCRELVOIDSELEMENT('2zEy2cefP8ghcGd5oheSIm',$,$,$,#8935,#13837);
#13872=IFCRELFILLSELEMENT('0eKilkWMTEB8XqGjoV0$kY',$,$,$,#13837,#13813);
#13956=IFCCARTESIANPOINTLIST2D(((0.57393056154251099,0.),(0.,0.),(0.,0.89999997615814209),(0.57393056154251099,0.89999997615814209),(0.57393056154251099,0.87499997578561306),(0.02500000037252903,0.87499997578561306),(0.02500000037252903,0.02500000037252903),(0.57393056154251099,0.02500000037252903)));
#13957=IFCINDEXEDPOLYCURVE(#13956,(IFCLINEINDEX((1,2,3,4,5,6,7,8,1))),$);
#13958=IFCARBITRARYCLOSEDPROFILEDEF(.AREA.,$,#13957);
#13959=IFCCARTESIANPOINT((0.,0.090000001713633537,0.));
#13960=IFCDIRECTION((0.,-1.,0.));
#13961=IFCDIRECTION((1.,0.,0.));
#13962=IFCAXIS2PLACEMENT3D(#13959,#13960,#13961);
#13963=IFCDIRECTION((0.,0.,-1.));
#13964=IFCEXTRUDEDAREASOLID(#13958,#13962,#13963,0.0099999997764825821);
#13965=IFCCARTESIANPOINTLIST2D(((0.,0.),(0.57393056154251099,0.),(0.57393056154251099,0.89999997615814209),(0.,0.89999997615814209)));
#13966=IFCINDEXEDPOLYCURVE(#13965,(IFCLINEINDEX((1,2,3,4,1))),$);
#13967=IFCCARTESIANPOINTLIST2D(((0.05000000074505806,0.05000000074505806),(0.54893056116998196,0.05000000074505806),(0.54893056116998196,0.84999997541308403),(0.05000000074505806,0.84999997541308403)));
#13968=IFCINDEXEDPOLYCURVE(#13967,(IFCLINEINDEX((1,2,3,4,1))),$);
#13969=IFCARBITRARYPROFILEDEFWITHVOIDS(.AREA.,$,#13966,(#13968));
#13970=IFCCARTESIANPOINT((0.,0.05000000074505806,0.));
#13971=IFCDIRECTION((0.,-1.,0.));
#13972=IFCDIRECTION((1.,0.,0.));
#13973=IFCAXIS2PLACEMENT3D(#13970,#13971,#13972);
#13974=IFCDIRECTION((0.,0.,-1.));
#13975=IFCEXTRUDEDAREASOLID(#13969,#13973,#13974,0.040000000968575478);
#13976=IFCCARTESIANPOINTLIST2D(((0.,0.),(0.54893056116998196,0.),(0.54893056116998196,0.84999997541308403),(0.,0.84999997541308403)));
#13977=IFCINDEXEDPOLYCURVE(#13976,(IFCLINEINDEX((1,2,3,4,1))),$);
#13978=IFCCARTESIANPOINTLIST2D(((0.035000000149011612,0.035000000149011612),(0.51393056102097034,0.035000000149011612),(0.51393056102097034,0.81499997526407242),(0.035000000149011612,0.81499997526407242)));
#13979=IFCINDEXEDPOLYCURVE(#13978,(IFCLINEINDEX((1,2,3,4,1))),$);
#13980=IFCARBITRARYPROFILEDEFWITHVOIDS(.AREA.,$,#13977,(#13979));
#13981=IFCCARTESIANPOINT((0.02500000037252903,0.090000001713633537,0.02500000037252903));
#13982=IFCDIRECTION((0.,-1.,0.));
#13983=IFCDIRECTION((1.,0.,0.));
#13984=IFCAXIS2PLACEMENT3D(#13981,#13982,#13983);
#13985=IFCDIRECTION((0.,0.,-1.));
#13986=IFCEXTRUDEDAREASOLID(#13980,#13984,#13985,0.035000000149011612);
#13987=IFCINDEXEDPOLYCURVE(#13988,(IFCLINEINDEX((1,2,3,4,1))),$);
#13988=IFCCARTESIANPOINTLIST2D(((0.035000000149011612,0.035000000149011612),(0.51393056102097034,0.035000000149011612),(0.51393056102097034,0.81499997526407242),(0.035000000149011612,0.81499997526407242)));
#13989=IFCARBITRARYCLOSEDPROFILEDEF(.AREA.,$,#13987);
#13990=IFCCARTESIANPOINT((0.02500000037252903,0.10250000178813934,0.02500000037252903));
#13991=IFCDIRECTION((0.,-1.,0.));
#13992=IFCDIRECTION((1.,0.,0.));
#13993=IFCAXIS2PLACEMENT3D(#13990,#13991,#13992);
#13994=IFCDIRECTION((0.,0.,-1.));
#13995=IFCEXTRUDEDAREASOLID(#13989,#13993,#13994,0.01);
#13996=IFCCARTESIANPOINTLIST2D(((0.,0.89999997615814209),(0.34097659587860107,0.89999997615814209),(0.34097659587860107,0.),(0.,0.),(0.,0.02500000037252903),(0.31597659550607204,0.02500000037252903),(0.31597659550607204,0.87499997578561306),(0.,0.87499997578561306)));
#13997=IFCINDEXEDPOLYCURVE(#13996,(IFCLINEINDEX((1,2,3,4,5,6,7,8,1))),$);
#13998=IFCARBITRARYCLOSEDPROFILEDEF(.AREA.,$,#13997);
#13999=IFCCARTESIANPOINT((0.57393056154251099,0.090000001713633537,0.));
#14000=IFCDIRECTION((0.,-1.,0.));
#14001=IFCDIRECTION((1.,0.,0.));
#14002=IFCAXIS2PLACEMENT3D(#13999,#14000,#14001);
#14003=IFCDIRECTION((0.,0.,-1.));
#14004=IFCEXTRUDEDAREASOLID(#13998,#14002,#14003,0.0099999997764825821);
#14005=IFCCARTESIANPOINTLIST2D(((0.,0.),(0.34097659587860107,0.),(0.34097659587860107,0.89999997615814209),(0.,0.89999997615814209)));
#14006=IFCINDEXEDPOLYCURVE(#14005,(IFCLINEINDEX((1,2,3,4,1))),$);
#14007=IFCCARTESIANPOINTLIST2D(((0.02500000037252903,0.05000000074505806),(0.29097659513354301,0.05000000074505806),(0.29097659513354301,0.84999997541308403),(0.02500000037252903,0.84999997541308403)));
#14008=IFCINDEXEDPOLYCURVE(#14007,(IFCLINEINDEX((1,2,3,4,1))),$);
#14009=IFCARBITRARYPROFILEDEFWITHVOIDS(.AREA.,$,#14006,(#14008));
#14010=IFCCARTESIANPOINT((0.57393056154251099,0.05000000074505806,0.));
#14011=IFCDIRECTION((0.,-1.,0.));
#14012=IFCDIRECTION((1.,0.,0.));
#14013=IFCAXIS2PLACEMENT3D(#14010,#14011,#14012);
#14014=IFCDIRECTION((0.,0.,-1.));
#14015=IFCEXTRUDEDAREASOLID(#14009,#14013,#14014,0.040000000968575478);
#14016=IFCCARTESIANPOINTLIST2D(((0.,0.),(0.31597659550607204,0.),(0.31597659550607204,0.84999997541308403),(0.,0.84999997541308403)));
#14017=IFCINDEXEDPOLYCURVE(#14016,(IFCLINEINDEX((1,2,3,4,1))),$);
#14018=IFCCARTESIANPOINTLIST2D(((0.035000000149011612,0.035000000149011612),(0.28097659535706043,0.035000000149011612),(0.28097659535706043,0.81499997526407242),(0.035000000149011612,0.81499997526407242)));
#14019=IFCINDEXEDPOLYCURVE(#14018,(IFCLINEINDEX((1,2,3,4,1))),$);
#14020=IFCARBITRARYPROFILEDEFWITHVOIDS(.AREA.,$,#14017,(#14019));
#14021=IFCCARTESIANPOINT((0.57393056154251099,0.090000001713633537,0.02500000037252903));
#14022=IFCDIRECTION((0.,-1.,0.));
#14023=IFCDIRECTION((1.,0.,0.));
#14024=IFCAXIS2PLACEMENT3D(#14021,#14022,#14023);
#14025=IFCDIRECTION((0.,0.,-1.));
#14026=IFCEXTRUDEDAREASOLID(#14020,#14024,#14025,0.035000000149011612);
#14027=IFCINDEXEDPOLYCURVE(#14028,(IFCLINEINDEX((1,2,3,4,1))),$);
#14028=IFCCARTESIANPOINTLIST2D(((0.035000000149011612,0.035000000149011612),(0.28097659535706043,0.035000000149011612),(0.28097659535706043,0.81499997526407242),(0.035000000149011612,0.81499997526407242)));
#14029=IFCARBITRARYCLOSEDPROFILEDEF(.AREA.,$,#14027);
#14030=IFCCARTESIANPOINT((0.57393056154251099,0.10250000178813934,0.02500000037252903));
#14031=IFCDIRECTION((0.,-1.,0.));
#14032=IFCDIRECTION((1.,0.,0.));
#14033=IFCAXIS2PLACEMENT3D(#14030,#14031,#14032);
#14034=IFCDIRECTION((0.,0.,-1.));
#14035=IFCEXTRUDEDAREASOLID(#14029,#14033,#14034,0.01);
#14037=IFCSHAPEREPRESENTATION(#11,'Body','SweptSolid',(#14123,#14015,#13964,#14163,#14152,#13975,#14112,#14004));
#14038=IFCSHAPEASPECT((#14037),'Lining',$,.T.,#13822);
#14039=IFCSHAPEREPRESENTATION(#11,'Body','SweptSolid',(#14134,#14026,#13986,#14174));
#14040=IFCSHAPEASPECT((#14039),'Framing',$,.T.,#13822);
#14041=IFCSHAPEREPRESENTATION(#11,'Body','SweptSolid',(#14183,#14143,#14035,#13995));
#14042=IFCSHAPEASPECT((#14041),'Glazing',$,.T.,#13822);
#14104=IFCCARTESIANPOINTLIST2D(((0.46179503202438354,0.),(0.,0.),(0.,0.89999997615814209),(0.46179503202438354,0.89999997615814209),(0.46179503202438354,0.87499997578561306),(0.02500000037252903,0.87499997578561306),(0.02500000037252903,0.02500000037252903),(0.46179503202438354,0.02500000037252903)));
#14105=IFCINDEXEDPOLYCURVE(#14104,(IFCLINEINDEX((1,2,3,4,5,6,7,8,1))),$);
#14106=IFCARBITRARYCLOSEDPROFILEDEF(.AREA.,$,#14105);
#14107=IFCCARTESIANPOINT((0.,0.090000001713633537,0.));
#14108=IFCDIRECTION((0.,-1.,0.));
#14109=IFCDIRECTION((1.,0.,0.));
#14110=IFCAXIS2PLACEMENT3D(#14107,#14108,#14109);
#14111=IFCDIRECTION((0.,0.,-1.));
#14112=IFCEXTRUDEDAREASOLID(#14106,#14110,#14111,0.0099999997764825821);
#14113=IFCCARTESIANPOINTLIST2D(((0.,0.),(0.46179503202438354,0.),(0.46179503202438354,0.89999997615814209),(0.,0.89999997615814209)));
#14114=IFCINDEXEDPOLYCURVE(#14113,(IFCLINEINDEX((1,2,3,4,1))),$);
#14115=IFCCARTESIANPOINTLIST2D(((0.05000000074505806,0.05000000074505806),(0.43679503165185452,0.05000000074505806),(0.43679503165185452,0.84999997541308403),(0.05000000074505806,0.84999997541308403)));
#14116=IFCINDEXEDPOLYCURVE(#14115,(IFCLINEINDEX((1,2,3,4,1))),$);
#14117=IFCARBITRARYPROFILEDEFWITHVOIDS(.AREA.,$,#14114,(#14116));
#14118=IFCCARTESIANPOINT((0.,0.05000000074505806,0.));
#14119=IFCDIRECTION((0.,-1.,0.));
#14120=IFCDIRECTION((1.,0.,0.));
#14121=IFCAXIS2PLACEMENT3D(#14118,#14119,#14120);
#14122=IFCDIRECTION((0.,0.,-1.));
#14123=IFCEXTRUDEDAREASOLID(#14117,#14121,#14122,0.040000000968575478);
#14124=IFCCARTESIANPOINTLIST2D(((0.,0.),(0.43679503165185452,0.),(0.43679503165185452,0.84999997541308403),(0.,0.84999997541308403)));
#14125=IFCINDEXEDPOLYCURVE(#14124,(IFCLINEINDEX((1,2,3,4,1))),$);
#14126=IFCCARTESIANPOINTLIST2D(((0.035000000149011612,0.035000000149011612),(0.4017950315028429,0.035000000149011612),(0.4017950315028429,0.81499997526407242),(0.035000000149011612,0.81499997526407242)));
#14127=IFCINDEXEDPOLYCURVE(#14126,(IFCLINEINDEX((1,2,3,4,1))),$);
#14128=IFCARBITRARYPROFILEDEFWITHVOIDS(.AREA.,$,#14125,(#14127));
#14129=IFCCARTESIANPOINT((0.02500000037252903,0.090000001713633537,0.02500000037252903));
#14130=IFCDIRECTION((0.,-1.,0.));
#14131=IFCDIRECTION((1.,0.,0.));
#14132=IFCAXIS2PLACEMENT3D(#14129,#14130,#14131);
#14133=IFCDIRECTION((0.,0.,-1.));
#14134=IFCEXTRUDEDAREASOLID(#14128,#14132,#14133,0.035000000149011612);
#14135=IFCINDEXEDPOLYCURVE(#14136,(IFCLINEINDEX((1,2,3,4,1))),$);
#14136=IFCCARTESIANPOINTLIST2D(((0.035000000149011612,0.035000000149011612),(0.4017950315028429,0.035000000149011612),(0.4017950315028429,0.81499997526407242),(0.035000000149011612,0.81499997526407242)));
#14137=IFCARBITRARYCLOSEDPROFILEDEF(.AREA.,$,#14135);
#14138=IFCCARTESIANPOINT((0.02500000037252903,0.10250000178813934,0.02500000037252903));
#14139=IFCDIRECTION((0.,-1.,0.));
#14140=IFCDIRECTION((1.,0.,0.));
#14141=IFCAXIS2PLACEMENT3D(#14138,#14139,#14140);
#14142=IFCDIRECTION((0.,0.,-1.));
#14143=IFCEXTRUDEDAREASOLID(#14137,#14141,#14142,0.01);
#14144=IFCCARTESIANPOINTLIST2D(((0.,0.89999997615814209),(0.45311212539672852,0.89999997615814209),(0.45311212539672852,0.),(0.,0.),(0.,0.02500000037252903),(0.42811212502419949,0.02500000037252903),(0.42811212502419949,0.87499997578561306),(0.,0.87499997578561306)));
#14145=IFCINDEXEDPOLYCURVE(#14144,(IFCLINEINDEX((1,2,3,4,5,6,7,8,1))),$);
#14146=IFCARBITRARYCLOSEDPROFILEDEF(.AREA.,$,#14145);
#14147=IFCCARTESIANPOINT((0.46179503202438354,0.090000001713633537,0.));
#14148=IFCDIRECTION((0.,-1.,0.));
#14149=IFCDIRECTION((1.,0.,0.));
#14150=IFCAXIS2PLACEMENT3D(#14147,#14148,#14149);
#14151=IFCDIRECTION((0.,0.,-1.));
#14152=IFCEXTRUDEDAREASOLID(#14146,#14150,#14151,0.0099999997764825821);
#14153=IFCCARTESIANPOINTLIST2D(((0.,0.),(0.45311212539672852,0.),(0.45311212539672852,0.89999997615814209),(0.,0.89999997615814209)));
#14154=IFCINDEXEDPOLYCURVE(#14153,(IFCLINEINDEX((1,2,3,4,1))),$);
#14155=IFCCARTESIANPOINTLIST2D(((0.02500000037252903,0.05000000074505806),(0.40311212465167046,0.05000000074505806),(0.40311212465167046,0.84999997541308403),(0.02500000037252903,0.84999997541308403)));
#14156=IFCINDEXEDPOLYCURVE(#14155,(IFCLINEINDEX((1,2,3,4,1))),$);
#14157=IFCARBITRARYPROFILEDEFWITHVOIDS(.AREA.,$,#14154,(#14156));
#14158=IFCCARTESIANPOINT((0.46179503202438354,0.05000000074505806,0.));
#14159=IFCDIRECTION((0.,-1.,0.));
#14160=IFCDIRECTION((1.,0.,0.));
#14161=IFCAXIS2PLACEMENT3D(#14158,#14159,#14160);
#14162=IFCDIRECTION((0.,0.,-1.));
#14163=IFCEXTRUDEDAREASOLID(#14157,#14161,#14162,0.040000000968575478);
#14164=IFCCARTESIANPOINTLIST2D(((0.,0.),(0.42811212502419949,0.),(0.42811212502419949,0.84999997541308403),(0.,0.84999997541308403)));
#14165=IFCINDEXEDPOLYCURVE(#14164,(IFCLINEINDEX((1,2,3,4,1))),$);
#14166=IFCCARTESIANPOINTLIST2D(((0.035000000149011612,0.035000000149011612),(0.39311212487518787,0.035000000149011612),(0.39311212487518787,0.81499997526407242),(0.035000000149011612,0.81499997526407242)));
#14167=IFCINDEXEDPOLYCURVE(#14166,(IFCLINEINDEX((1,2,3,4,1))),$);
#14168=IFCARBITRARYPROFILEDEFWITHVOIDS(.AREA.,$,#14165,(#14167));
#14169=IFCCARTESIANPOINT((0.46179503202438354,0.090000001713633537,0.02500000037252903));
#14170=IFCDIRECTION((0.,-1.,0.));
#14171=IFCDIRECTION((1.,0.,0.));
#14172=IFCAXIS2PLACEMENT3D(#14169,#14170,#14171);
#14173=IFCDIRECTION((0.,0.,-1.));
#14174=IFCEXTRUDEDAREASOLID(#14168,#14172,#14173,0.035000000149011612);
#14175=IFCINDEXEDPOLYCURVE(#14176,(IFCLINEINDEX((1,2,3,4,1))),$);
#14176=IFCCARTESIANPOINTLIST2D(((0.035000000149011612,0.035000000149011612),(0.39311212487518787,0.035000000149011612),(0.39311212487518787,0.81499997526407242),(0.035000000149011612,0.81499997526407242)));
#14177=IFCARBITRARYCLOSEDPROFILEDEF(.AREA.,$,#14175);
#14178=IFCCARTESIANPOINT((0.46179503202438354,0.10250000178813934,0.02500000037252903));
#14179=IFCDIRECTION((0.,-1.,0.));
#14180=IFCDIRECTION((1.,0.,0.));
#14181=IFCAXIS2PLACEMENT3D(#14178,#14179,#14180);
#14182=IFCDIRECTION((0.,0.,-1.));
#14183=IFCEXTRUDEDAREASOLID(#14177,#14181,#14182,0.01);
#14243=IFCDOORTYPE('3IdCja1Qr9XgllrYZbN5x_',$,'BALCONY-2F',$,$,(#14244),(#14246,#14254,#14323,#14335),$,$,.DOOR.,.SINGLE_SWING_LEFT.,$,$);
#14244=IFCPROPERTYSET('2VHweDT7HFkwCW4ZN59Er9',$,'BBIM_Door',$,(#14245));
#14245=IFCPROPERTYSINGLEVALUE('Data',$,IFCTEXT('{"door_type": "SLIDING_TO_LEFT", "overall_height": 2.0, "overall_width": 2.047816753387451, "lining_properties": {"lining_depth": 0.05000000074505806, "lining_thickness": 0.05000000074505806, "lining_offset": 0.0, "transom_thickness": 0.0, "casing_thickness": 0.07500000298023224, "casing_depth": 0.004999999888241291, "threshold_thickness": 0.02500000037252903, "threshold_depth": 0.10000000149011612, "threshold_offset": 0.0}, "panel_properties": {"panel_depth": 0.05466238036751747, "panel_width_ratio": 1.0}}'),$);
#14246=IFCREPRESENTATIONMAP(#14247,#14527);
#14247=IFCAXIS2PLACEMENT3D(#14248,#14249,#14250);
#14248=IFCCARTESIANPOINT((0.,0.,0.));
#14249=IFCDIRECTION((0.,0.,1.));
#14250=IFCDIRECTION((1.,0.,0.));
#14254=IFCREPRESENTATIONMAP(#14255,#14591);
#14255=IFCAXIS2PLACEMENT3D(#14256,#14257,#14258);
#14256=IFCCARTESIANPOINT((0.,0.,0.));
#14257=IFCDIRECTION((0.,0.,1.));
#14258=IFCDIRECTION((1.,0.,0.));
#14323=IFCREPRESENTATIONMAP(#14324,#14598);
#14324=IFCAXIS2PLACEMENT3D(#14325,#14326,#14327);
#14325=IFCCARTESIANPOINT((0.,0.,0.));
#14326=IFCDIRECTION((0.,0.,1.));
#14327=IFCDIRECTION((1.,0.,0.));
#14335=IFCREPRESENTATIONMAP(#14336,#14603);
#14336=IFCAXIS2PLACEMENT3D(#14337,#14338,#14339);
#14337=IFCCARTESIANPOINT((0.,0.,0.));
#14338=IFCDIRECTION((0.,0.,1.));
#14339=IFCDIRECTION((1.,0.,0.));
#14345=IFCDOOR('2EXOBivsr1jOOW2g8ZEhzr',$,'Door',$,$,#14628,#14354,$,2.,2.0478167533874512,$,.SLIDING_TO_LEFT.,$);
#14346=IFCRELDEFINESBYTYPE('3LITc01Yv2vhmY0oygrF$M',$,$,$,(#14345),#14243);
#14347=IFCCARTESIANPOINT((0.,0.,0.));
#14348=IFCDIRECTION((1.,0.,0.));
#14349=IFCDIRECTION((0.,1.,0.));
#14350=IFCDIRECTION((0.,0.,1.));
#14351=IFCCARTESIANTRANSFORMATIONOPERATOR3D(#14348,#14349,#14347,1.,#14350);
#14352=IFCMAPPEDITEM(#14246,#14351);
#14353=IFCSHAPEREPRESENTATION(#18,'Profile','MappedRepresentation',(#14352));
#14354=IFCPRODUCTDEFINITIONSHAPE($,$,(#14353,#14361,#14368,#14375));
#14355=IFCCARTESIANPOINT((0.,0.,0.));
#14356=IFCDIRECTION((1.,0.,0.));
#14357=IFCDIRECTION((0.,1.,0.));
#14358=IFCDIRECTION((0.,0.,1.));
#14359=IFCCARTESIANTRANSFORMATIONOPERATOR3D(#14356,#14357,#14355,1.,#14358);
#14360=IFCMAPPEDITEM(#14254,#14359);
#14361=IFCSHAPEREPRESENTATION(#11,'Body','MappedRepresentation',(#14360));
#14362=IFCCARTESIANPOINT((0.,0.,0.));
#14363=IFCDIRECTION((1.,0.,0.));
#14364=IFCDIRECTION((0.,1.,0.));
#14365=IFCDIRECTION((0.,0.,1.));
#14366=IFCCARTESIANTRANSFORMATIONOPERATOR3D(#14363,#14364,#14362,1.,#14365);
#14367=IFCMAPPEDITEM(#14323,#14366);
#14368=IFCSHAPEREPRESENTATION(#24,'Body','MappedRepresentation',(#14367));
#14369=IFCCARTESIANPOINT((0.,0.,0.));
#14370=IFCDIRECTION((1.,0.,0.));
#14371=IFCDIRECTION((0.,1.,0.));
#14372=IFCDIRECTION((0.,0.,1.));
#14373=IFCCARTESIANTRANSFORMATIONOPERATOR3D(#14370,#14371,#14369,1.,#14372);
#14374=IFCMAPPEDITEM(#14335,#14373);
#14375=IFCSHAPEREPRESENTATION(#25,'Annotation','MappedRepresentation',(#14374));
#14376=IFCOPENINGELEMENT('0rnt8STOT8TfUKXyYMBc0D',$,'Opening',$,$,#14623,#14404,$,.OPENING.);
#14392=IFCCARTESIANPOINT((0.,0.,0.));
#14393=IFCDIRECTION((1.,0.,0.));
#14394=IFCDIRECTION((0.,0.,1.));
#14395=IFCAXIS2PLACEMENT3D(#14392,#14394,#14393);
#14396=IFCREPRESENTATIONMAP(#14395,#14613);
#14397=IFCCARTESIANPOINT((0.,0.,0.));
#14398=IFCDIRECTION((1.,0.,0.));
#14399=IFCDIRECTION((0.,1.,0.));
#14400=IFCDIRECTION((0.,0.,1.));
#14401=IFCCARTESIANTRANSFORMATIONOPERATOR3D(#14398,#14399,#14397,1.,#14400);
#14402=IFCMAPPEDITEM(#14396,#14401);
#14403=IFCSHAPEREPRESENTATION(#11,'Body','MappedRepresentation',(#14402));
#14404=IFCPRODUCTDEFINITIONSHAPE($,$,(#14403));
#14405=IFCRELVOIDSELEMENT('166TiMNzDDROF7X1jwF3NK',$,$,$,#9345,#14376);
#14411=IFCRELFILLSELEMENT('3hKZpR71r5nBtVc55$U2JH',$,$,$,#14376,#14345);
#14420=IFCCARTESIANPOINTLIST2D(((0.,0.),(0.,2.),(2.2688970565795898,2.),(2.2688970565795898,0.),(2.2188970558345318,0.),(2.2188970558345318,1.9499999992549419),(0.05000000074505806,1.9499999992549419),(0.05000000074505806,0.)));
#14421=IFCINDEXEDPOLYCURVE(#14420,(IFCLINEINDEX((1,2,3,4,5,6,7,8,1))),$);
#14422=IFCARBITRARYCLOSEDPROFILEDEF(.AREA.,$,#14421);
#14423=IFCCARTESIANPOINT((0.,0.,0.));
#14424=IFCDIRECTION((0.,-1.,0.));
#14425=IFCDIRECTION((1.,0.,0.));
#14426=IFCAXIS2PLACEMENT3D(#14423,#14424,#14425);
#14427=IFCDIRECTION((0.,0.,-1.));
#14428=IFCEXTRUDEDAREASOLID(#14422,#14426,#14427,0.05000000074505806);
#14429=IFCCARTESIANPOINTLIST2D(((0.,0.),(2.1688970550894737,0.),(2.1688970550894737,0.10000000149011612),(0.,0.10000000149011612)));
#14430=IFCINDEXEDPOLYCURVE(#14429,(IFCLINEINDEX((1,2,3,4,1))),$);
#14431=IFCARBITRARYCLOSEDPROFILEDEF(.AREA.,$,#14430);
#14432=IFCCARTESIANPOINT((0.05000000074505806,0.,0.));
#14433=IFCDIRECTION((0.,0.,1.));
#14434=IFCDIRECTION((1.,0.,0.));
#14435=IFCAXIS2PLACEMENT3D(#14432,#14433,#14434);
#14436=IFCDIRECTION((0.,0.,1.));
#14437=IFCEXTRUDEDAREASOLID(#14431,#14435,#14436,0.02500000037252903);
#14438=IFCCARTESIANPOINTLIST2D(((0.,0.),(0.,2.0250000022351742),(2.3188970610499382,2.0250000022351742),(2.3188970610499382,0.),(2.243897058069706,0.),(2.243897058069706,1.9499999992549419),(0.075000002980232239,1.9499999992549419),(0.075000002980232239,0.)));
#14439=IFCINDEXEDPOLYCURVE(#14438,(IFCLINEINDEX((1,2,3,4,5,6,7,8,1))),$);
#14440=IFCARBITRARYCLOSEDPROFILEDEF(.AREA.,$,#14439);
#14441=IFCCARTESIANPOINT((-0.025000002235174179,-0.004999999888241291,0.));
#14442=IFCDIRECTION((0.,-1.,0.));
#14443=IFCDIRECTION((1.,0.,0.));
#14444=IFCAXIS2PLACEMENT3D(#14441,#14442,#14443);
#14445=IFCDIRECTION((0.,0.,-1.));
#14446=IFCEXTRUDEDAREASOLID(#14440,#14444,#14445,0.004999999888241291);
#14447=IFCCARTESIANPOINTLIST2D(((0.,0.),(0.,2.0250000022351742),(2.3188970610499382,2.0250000022351742),(2.3188970610499382,0.),(2.243897058069706,0.),(2.243897058069706,1.9499999992549419),(0.075000002980232239,1.9499999992549419),(0.075000002980232239,0.)));
#14448=IFCINDEXEDPOLYCURVE(#14447,(IFCLINEINDEX((1,2,3,4,5,6,7,8,1))),$);
#14449=IFCARBITRARYCLOSEDPROFILEDEF(.AREA.,$,#14448);
#14450=IFCCARTESIANPOINT((-0.025000002235174179,0.05000000074505806,0.));
#14451=IFCDIRECTION((0.,-1.,0.));
#14452=IFCDIRECTION((1.,0.,0.));
#14453=IFCAXIS2PLACEMENT3D(#14450,#14451,#14452);
#14454=IFCDIRECTION((0.,0.,-1.));
#14455=IFCEXTRUDEDAREASOLID(#14449,#14453,#14454,0.004999999888241291);
#14456=IFCCARTESIANPOINTLIST2D(((0.,0.),(2.1688970550894737,0.),(2.1688970550894737,0.054662380367517471),(0.,0.054662380367517471)));
#14457=IFCINDEXEDPOLYCURVE(#14456,(IFCLINEINDEX((1,2,3,4,1))),$);
#14458=IFCARBITRARYCLOSEDPROFILEDEF(.AREA.,$,#14457);
#14459=IFCCARTESIANPOINT((0.05000000074505806,-0.054662380367517471,0.02500000037252903));
#14460=IFCDIRECTION((0.,0.,1.));
#14461=IFCDIRECTION((1.,0.,0.));
#14462=IFCAXIS2PLACEMENT3D(#14459,#14460,#14461);
#14463=IFCDIRECTION((0.,0.,1.));
#14464=IFCEXTRUDEDAREASOLID(#14458,#14462,#14463,1.9249999988824129);
#14465=IFCCARTESIANPOINTLIST2D(((0.,0.),(0.,-0.040000000000000008),(-0.12000000000000011,-0.040000000000000008),(-0.12000000000000011,-0.020000000000000004),(-0.020000000000000462,-0.020000000000000004),(-0.020000000000000462,0.)));
#14466=IFCINDEXEDPOLYCURVE(#14465,(IFCLINEINDEX((1,2,3,4,5,6,1))),$);
#14467=IFCARBITRARYCLOSEDPROFILEDEF(.AREA.,$,#14466);
#14468=IFCCARTESIANPOINT((2.168897055834532,-0.054662380367517471,1.015000000372529));
#14469=IFCDIRECTION((0.,0.,1.));
#14470=IFCDIRECTION((1.,0.,0.));
#14471=IFCAXIS2PLACEMENT3D(#14468,#14469,#14470);
#14472=IFCDIRECTION((0.,0.,1.));
#14473=IFCEXTRUDEDAREASOLID(#14467,#14471,#14472,0.02);
#14474=IFCEXTRUDEDAREASOLID(#14475,#14478,#14482,0.02);
#14475=IFCARBITRARYCLOSEDPROFILEDEF(.AREA.,$,#14476);
#14476=IFCINDEXEDPOLYCURVE(#14477,(IFCLINEINDEX((1,2,3,4,5,6,1))),$);
#14477=IFCCARTESIANPOINTLIST2D(((0.,0.),(0.,0.040000000000000008),(-0.12000000000000011,0.040000000000000008),(-0.12000000000000011,0.020000000000000004),(-0.020000000000000462,0.020000000000000004),(-0.020000000000000462,0.)));
#14478=IFCAXIS2PLACEMENT3D(#14479,#14480,#14481);
#14479=IFCCARTESIANPOINT((2.168897055834532,0.,1.015000000372529));
#14480=IFCDIRECTION((0.,0.,1.));
#14481=IFCDIRECTION((1.,0.,0.));
#14482=IFCDIRECTION((0.,0.,1.));
#14484=IFCSHAPEREPRESENTATION(#11,'Body','SweptSolid',(#14554,#14428,#14545,#14563,#14536,#14437,#14455,#14446));
#14485=IFCSHAPEASPECT((#14484),'Lining',$,.T.,#14354);
#14486=IFCSHAPEREPRESENTATION(#11,'Body','SweptSolid',(#14582,#14572,#14473,#14474,#14464,#14581));
#14487=IFCSHAPEASPECT((#14486),'Framing',$,.T.,#14354);
#14525=IFCCARTESIANPOINTLIST3D(((0.,0.,0.),(2.0478167533874512,0.,0.),(2.0478167533874512,0.,2.),(0.,0.,2.)));
#14526=IFCINDEXEDPOLYCURVE(#14525,(IFCLINEINDEX((1,2,3,4,1))),$);
#14527=IFCSHAPEREPRESENTATION(#18,'Profile','Curve3D',(#14526));
#14528=IFCCARTESIANPOINTLIST2D(((0.,0.),(0.,2.),(2.0478167533874512,2.),(2.0478167533874512,0.),(1.9978167526423931,0.),(1.9978167526423931,1.9499999992549419),(0.05000000074505806,1.9499999992549419),(0.05000000074505806,0.)));
#14529=IFCINDEXEDPOLYCURVE(#14528,(IFCLINEINDEX((1,2,3,4,5,6,7,8,1))),$);
#14530=IFCARBITRARYCLOSEDPROFILEDEF(.AREA.,$,#14529);
#14531=IFCCARTESIANPOINT((0.,0.,0.));
#14532=IFCDIRECTION((0.,-1.,0.));
#14533=IFCDIRECTION((1.,0.,0.));
#14534=IFCAXIS2PLACEMENT3D(#14531,#14532,#14533);
#14535=IFCDIRECTION((0.,0.,-1.));
#14536=IFCEXTRUDEDAREASOLID(#14530,#14534,#14535,0.05000000074505806);
#14537=IFCCARTESIANPOINTLIST2D(((0.,0.),(1.9478167518973351,0.),(1.9478167518973351,0.10000000149011612),(0.,0.10000000149011612)));
#14538=IFCINDEXEDPOLYCURVE(#14537,(IFCLINEINDEX((1,2,3,4,1))),$);
#14539=IFCARBITRARYCLOSEDPROFILEDEF(.AREA.,$,#14538);
#14540=IFCCARTESIANPOINT((0.05000000074505806,0.,0.));
#14541=IFCDIRECTION((0.,0.,1.));
#14542=IFCDIRECTION((1.,0.,0.));
#14543=IFCAXIS2PLACEMENT3D(#14540,#14541,#14542);
#14544=IFCDIRECTION((0.,0.,1.));
#14545=IFCEXTRUDEDAREASOLID(#14539,#14543,#14544,0.02500000037252903);
#14546=IFCCARTESIANPOINTLIST2D(((0.,0.),(0.,2.0250000022351742),(2.0978167578577995,2.0250000022351742),(2.0978167578577995,0.),(2.0228167548775673,0.),(2.0228167548775673,1.9499999992549419),(0.075000002980232239,1.9499999992549419),(0.075000002980232239,0.)));
#14547=IFCINDEXEDPOLYCURVE(#14546,(IFCLINEINDEX((1,2,3,4,5,6,7,8,1))),$);
#14548=IFCARBITRARYCLOSEDPROFILEDEF(.AREA.,$,#14547);
#14549=IFCCARTESIANPOINT((-0.025000002235174179,-0.004999999888241291,0.));
#14550=IFCDIRECTION((0.,-1.,0.));
#14551=IFCDIRECTION((1.,0.,0.));
#14552=IFCAXIS2PLACEMENT3D(#14549,#14550,#14551);
#14553=IFCDIRECTION((0.,0.,-1.));
#14554=IFCEXTRUDEDAREASOLID(#14548,#14552,#14553,0.004999999888241291);
#14555=IFCCARTESIANPOINTLIST2D(((0.,0.),(0.,2.0250000022351742),(2.0978167578577995,2.0250000022351742),(2.0978167578577995,0.),(2.0228167548775673,0.),(2.0228167548775673,1.9499999992549419),(0.075000002980232239,1.9499999992549419),(0.075000002980232239,0.)));
#14556=IFCINDEXEDPOLYCURVE(#14555,(IFCLINEINDEX((1,2,3,4,5,6,7,8,1))),$);
#14557=IFCARBITRARYCLOSEDPROFILEDEF(.AREA.,$,#14556);
#14558=IFCCARTESIANPOINT((-0.025000002235174179,0.05000000074505806,0.));
#14559=IFCDIRECTION((0.,-1.,0.));
#14560=IFCDIRECTION((1.,0.,0.));
#14561=IFCAXIS2PLACEMENT3D(#14558,#14559,#14560);
#14562=IFCDIRECTION((0.,0.,-1.));
#14563=IFCEXTRUDEDAREASOLID(#14557,#14561,#14562,0.004999999888241291);
#14564=IFCCARTESIANPOINTLIST2D(((0.,0.),(1.9478167518973351,0.),(1.9478167518973351,0.054662380367517471),(0.,0.054662380367517471)));
#14565=IFCINDEXEDPOLYCURVE(#14564,(IFCLINEINDEX((1,2,3,4,1))),$);
#14566=IFCARBITRARYCLOSEDPROFILEDEF(.AREA.,$,#14565);
#14567=IFCCARTESIANPOINT((0.05000000074505806,-0.054662380367517471,0.02500000037252903));
#14568=IFCDIRECTION((0.,0.,1.));
#14569=IFCDIRECTION((1.,0.,0.));
#14570=IFCAXIS2PLACEMENT3D(#14567,#14568,#14569);
#14571=IFCDIRECTION((0.,0.,1.));
#14572=IFCEXTRUDEDAREASOLID(#14566,#14570,#14571,1.9249999988824129);
#14573=IFCCARTESIANPOINTLIST2D(((0.,0.),(0.,-0.040000000000000008),(-0.11999999999999988,-0.040000000000000008),(-0.11999999999999988,-0.020000000000000004),(-0.020000000000000018,-0.020000000000000004),(-0.020000000000000018,0.)));
#14574=IFCINDEXEDPOLYCURVE(#14573,(IFCLINEINDEX((1,2,3,4,5,6,1))),$);
#14575=IFCARBITRARYCLOSEDPROFILEDEF(.AREA.,$,#14574);
#14576=IFCCARTESIANPOINT((1.9478167526423931,-0.054662380367517471,1.015000000372529));
#14577=IFCDIRECTION((0.,0.,1.));
#14578=IFCDIRECTION((1.,0.,0.));
#14579=IFCAXIS2PLACEMENT3D(#14576,#14577,#14578);
#14580=IFCDIRECTION((0.,0.,1.));
#14581=IFCEXTRUDEDAREASOLID(#14575,#14579,#14580,0.02);
#14582=IFCEXTRUDEDAREASOLID(#14583,#14586,#14590,0.02);
#14583=IFCARBITRARYCLOSEDPROFILEDEF(.AREA.,$,#14584);
#14584=IFCINDEXEDPOLYCURVE(#14585,(IFCLINEINDEX((1,2,3,4,5,6,1))),$);
#14585=IFCCARTESIANPOINTLIST2D(((0.,0.),(0.,0.040000000000000008),(-0.11999999999999988,0.040000000000000008),(-0.11999999999999988,0.020000000000000004),(-0.020000000000000018,0.020000000000000004),(-0.020000000000000018,0.)));
#14586=IFCAXIS2PLACEMENT3D(#14587,#14588,#14589);
#14587=IFCCARTESIANPOINT((1.9478167526423931,0.,1.015000000372529));
#14588=IFCDIRECTION((0.,0.,1.));
#14589=IFCDIRECTION((1.,0.,0.));
#14590=IFCDIRECTION((0.,0.,1.));
#14591=IFCSHAPEREPRESENTATION(#11,'Body','SweptSolid',(#14536,#14572,#14581,#14582,#14545,#14554,#14563));
#14592=IFCCARTESIANPOINTLIST2D(((0.,0.),(0.05000000074505806,0.),(0.05000000074505806,0.05000000074505806),(0.,0.05000000074505806)));
#14593=IFCINDEXEDPOLYCURVE(#14592,(IFCLINEINDEX((1,2,3,4,1))),$);
#14594=IFCINDEXEDPOLYCURVE(#14595,(IFCLINEINDEX((1,2,3,4,1))),$);
#14595=IFCCARTESIANPOINTLIST2D(((2.0478167533874512,0.),(1.9978167526423931,0.),(1.9978167526423931,0.05000000074505806),(2.0478167533874512,0.05000000074505806)));
#14596=IFCCARTESIANPOINTLIST2D(((-0.92390837520360947,-0.054662380367517471),(1.0239083766937256,-0.054662380367517471),(1.0239083766937256,0.),(-0.92390837520360947,0.)));
#14597=IFCINDEXEDPOLYCURVE(#14596,(IFCLINEINDEX((1,2,3,4,1))),$);
#14598=IFCSHAPEREPRESENTATION(#24,'Body','Curve2D',(#14593,#14594,#14597));
#14599=IFCCARTESIANPOINTLIST2D(((0.73173586390912526,-0.1012498084859712),(1.3160808894783258,-0.1012498084859712)));
#14600=IFCINDEXEDPOLYCURVE(#14599,$,$);
#14601=IFCCARTESIANPOINTLIST2D(((0.76173586390912529,-0.070191523073668716),(0.73173586390912526,-0.1012498084859712),(0.76173586390912529,-0.13230809389827369)));
#14602=IFCINDEXEDPOLYCURVE(#14601,$,$);
#14603=IFCSHAPEREPRESENTATION(#25,'Annotation','Curve2D',(#14600,#14602));
#14604=IFCCARTESIANPOINTLIST2D(((0.,0.),(2.0478167533874512,0.),(2.0478167533874512,2.),(0.,2.)));
#14605=IFCINDEXEDPOLYCURVE(#14604,(IFCLINEINDEX((1,2,3,4,1))),$);
#14606=IFCARBITRARYCLOSEDPROFILEDEF(.AREA.,$,#14605);
#14607=IFCCARTESIANPOINT((0.,-0.60000002384185791,0.));
#14608=IFCDIRECTION((0.,-1.,0.));
#14609=IFCDIRECTION((1.,0.,0.));
#14610=IFCAXIS2PLACEMENT3D(#14607,#14608,#14609);
#14611=IFCDIRECTION((0.,0.,-1.));
#14612=IFCEXTRUDEDAREASOLID(#14606,#14610,#14611,1.2);
#14613=IFCSHAPEREPRESENTATION(#11,'Body','SweptSolid',(#14612));
#14619=IFCCARTESIANPOINT((1.3226429788533722,0.094663143157958984,0.));
#14620=IFCDIRECTION((0.,0.,1.));
#14621=IFCDIRECTION((0.99999999999988631,-4.7683715820307079E-07,0.));
#14622=IFCAXIS2PLACEMENT3D(#14619,#14620,#14621);
#14623=IFCLOCALPLACEMENT(#18184,#14622);
#14624=IFCCARTESIANPOINT((-6.6613381477509392E-16,0.,0.));
#14625=IFCDIRECTION((0.,0.,1.));
#14626=IFCDIRECTION((1.,0.,0.));
#14627=IFCAXIS2PLACEMENT3D(#14624,#14625,#14626);
#14628=IFCLOCALPLACEMENT(#14623,#14627);
#14629=IFCWINDOWTYPE('1j87yN7l98Qwq3w_Y5PzJJ',$,'MASTERS-1-2F',$,$,(#14630),(#14632,#14640,#14688),$,$,.WINDOW.,.SINGLE_PANEL.,$,$);
#14630=IFCPROPERTYSET('2v$nPjM1v1gvjN562ObELk',$,'BBIM_Window',$,(#14631));
#14631=IFCPROPERTYSINGLEVALUE('Data',$,IFCTEXT('{"window_type": "SINGLE_PANEL", "overall_height": 0.8999999761581421, "overall_width": 0.829849123954773, "lining_properties": {"lining_depth": 0.05000000074505806, "lining_thickness": 0.05000000074505806, "lining_offset": 0.05000000074505806, "lining_to_panel_offset_x": 0.02500000037252903, "lining_to_panel_offset_y": 0.02500000037252903}, "panel_properties": {"frame_depth": [0.03500000014901161, 0.03500000014901161, 0.03500000014901161], "frame_thickness": [0.03500000014901161, 0.03500000014901161, 0.03500000014901161]}}'),$);
#14632=IFCREPRESENTATIONMAP(#14633,#14637);
#14633=IFCAXIS2PLACEMENT3D(#14634,#14635,#14636);
#14634=IFCCARTESIANPOINT((0.,0.,0.));
#14635=IFCDIRECTION((0.,0.,1.));
#14636=IFCDIRECTION((1.,0.,0.));
#14637=IFCSHAPEREPRESENTATION(#18,'Profile','Curve3D',(#14638));
#14638=IFCINDEXEDPOLYCURVE(#14639,(IFCLINEINDEX((1,2,3,4,1))),$);
#14639=IFCCARTESIANPOINTLIST3D(((0.,0.,0.),(0.82984912395477295,0.,0.),(0.82984912395477295,0.,0.89999997615814209),(0.,0.,0.89999997615814209)));
#14640=IFCREPRESENTATIONMAP(#14641,#14645);
#14641=IFCAXIS2PLACEMENT3D(#14642,#14643,#14644);
#14642=IFCCARTESIANPOINT((0.,0.,0.));
#14643=IFCDIRECTION((0.,0.,1.));
#14644=IFCDIRECTION((1.,0.,0.));
#14645=IFCSHAPEREPRESENTATION(#11,'Body','SweptSolid',(#14646,#14657,#14668,#14679));
#14646=IFCEXTRUDEDAREASOLID(#14647,#14652,#14656,0.0099999997764825821);
#14647=IFCARBITRARYPROFILEDEFWITHVOIDS(.AREA.,$,#14648,(#14650));
#14648=IFCINDEXEDPOLYCURVE(#14649,(IFCLINEINDEX((1,2,3,4,1))),$);
#14649=IFCCARTESIANPOINTLIST2D(((0.,0.),(0.82984912395477295,0.),(0.82984912395477295,0.89999997615814209),(0.,0.89999997615814209)));
#14650=IFCINDEXEDPOLYCURVE(#14651,(IFCLINEINDEX((1,2,3,4,1))),$);
#14651=IFCCARTESIANPOINTLIST2D(((0.02500000037252903,0.02500000037252903),(0.80484912358224392,0.02500000037252903),(0.80484912358224392,0.87499997578561306),(0.02500000037252903,0.87499997578561306)));
#14652=IFCAXIS2PLACEMENT3D(#14653,#14654,#14655);
#14653=IFCCARTESIANPOINT((0.,0.090000001713633537,0.));
#14654=IFCDIRECTION((0.,-1.,0.));
#14655=IFCDIRECTION((1.,0.,0.));
#14656=IFCDIRECTION((0.,0.,-1.));
#14657=IFCEXTRUDEDAREASOLID(#14658,#14663,#14667,0.040000000968575478);
#14658=IFCARBITRARYPROFILEDEFWITHVOIDS(.AREA.,$,#14659,(#14661));
#14659=IFCINDEXEDPOLYCURVE(#14660,(IFCLINEINDEX((1,2,3,4,1))),$);
#14660=IFCCARTESIANPOINTLIST2D(((0.,0.),(0.82984912395477295,0.),(0.82984912395477295,0.89999997615814209),(0.,0.89999997615814209)));
#14661=IFCINDEXEDPOLYCURVE(#14662,(IFCLINEINDEX((1,2,3,4,1))),$);
#14662=IFCCARTESIANPOINTLIST2D(((0.05000000074505806,0.05000000074505806),(0.77984912320971489,0.05000000074505806),(0.77984912320971489,0.84999997541308403),(0.05000000074505806,0.84999997541308403)));
#14663=IFCAXIS2PLACEMENT3D(#14664,#14665,#14666);
#14664=IFCCARTESIANPOINT((0.,0.05000000074505806,0.));
#14665=IFCDIRECTION((0.,-1.,0.));
#14666=IFCDIRECTION((1.,0.,0.));
#14667=IFCDIRECTION((0.,0.,-1.));
#14668=IFCEXTRUDEDAREASOLID(#14669,#14674,#14678,0.035000000149011612);
#14669=IFCARBITRARYPROFILEDEFWITHVOIDS(.AREA.,$,#14670,(#14672));
#14670=IFCINDEXEDPOLYCURVE(#14671,(IFCLINEINDEX((1,2,3,4,1))),$);
#14671=IFCCARTESIANPOINTLIST2D(((0.,0.),(0.77984912320971489,0.),(0.77984912320971489,0.84999997541308403),(0.,0.84999997541308403)));
#14672=IFCINDEXEDPOLYCURVE(#14673,(IFCLINEINDEX((1,2,3,4,1))),$);
#14673=IFCCARTESIANPOINTLIST2D(((0.035000000149011612,0.035000000149011612),(0.74484912306070328,0.035000000149011612),(0.74484912306070328,0.81499997526407242),(0.035000000149011612,0.81499997526407242)));
#14674=IFCAXIS2PLACEMENT3D(#14675,#14676,#14677);
#14675=IFCCARTESIANPOINT((0.02500000037252903,0.090000001713633537,0.02500000037252903));
#14676=IFCDIRECTION((0.,-1.,0.));
#14677=IFCDIRECTION((1.,0.,0.));
#14678=IFCDIRECTION((0.,0.,-1.));
#14679=IFCEXTRUDEDAREASOLID(#14680,#14683,#14687,0.01);
#14680=IFCARBITRARYCLOSEDPROFILEDEF(.AREA.,$,#14681);
#14681=IFCINDEXEDPOLYCURVE(#14682,(IFCLINEINDEX((1,2,3,4,1))),$);
#14682=IFCCARTESIANPOINTLIST2D(((0.035000000149011612,0.035000000149011612),(0.74484912306070328,0.035000000149011612),(0.74484912306070328,0.81499997526407242),(0.035000000149011612,0.81499997526407242)));
#14683=IFCAXIS2PLACEMENT3D(#14684,#14685,#14686);
#14684=IFCCARTESIANPOINT((0.02500000037252903,0.10250000178813934,0.02500000037252903));
#14685=IFCDIRECTION((0.,-1.,0.));
#14686=IFCDIRECTION((1.,0.,0.));
#14687=IFCDIRECTION((0.,0.,-1.));
#14688=IFCREPRESENTATIONMAP(#14689,#14693);
#14689=IFCAXIS2PLACEMENT3D(#14690,#14691,#14692);
#14690=IFCCARTESIANPOINT((0.,0.,0.));
#14691=IFCDIRECTION((0.,0.,1.));
#14692=IFCDIRECTION((1.,0.,0.));
#14693=IFCSHAPEREPRESENTATION(#24,'Body','Curve2D',(#14694,#14696,#14698,#14700,#14702,#14704,#14706,#14708));
#14694=IFCINDEXEDPOLYCURVE(#14695,$,$);
#14695=IFCCARTESIANPOINTLIST2D(((0.05000000074505806,0.05000000074505806),(0.77984912320971489,0.05000000074505806)));
#14696=IFCINDEXEDPOLYCURVE(#14697,(IFCLINEINDEX((1,2,3,4,5,6,1))),$);
#14697=IFCCARTESIANPOINTLIST2D(((0.,0.10000000149011612),(0.02500000037252903,0.10000000149011612),(0.02500000037252903,0.090000001713633537),(0.05000000074505806,0.090000001713633537),(0.05000000074505806,0.05000000074505806),(0.,0.05000000074505806)));
#14698=IFCINDEXEDPOLYCURVE(#14699,(IFCLINEINDEX((1,2,3,4,5,6,1))),$);
#14699=IFCCARTESIANPOINTLIST2D(((0.82984912395477295,0.10000000149011612),(0.80484912358224392,0.10000000149011612),(0.80484912358224392,0.090000001713633537),(0.77984912320971489,0.090000001713633537),(0.77984912320971489,0.05000000074505806),(0.82984912395477295,0.05000000074505806)));
#14700=IFCINDEXEDPOLYCURVE(#14701,(IFCLINEINDEX((1,2,3,4,1))),$);
#14701=IFCCARTESIANPOINTLIST2D(((0.02500000037252903,0.090000001713633537),(0.060000000521540642,0.090000001713633537),(0.060000000521540642,0.12500000186264515),(0.02500000037252903,0.12500000186264515)));
#14702=IFCINDEXEDPOLYCURVE(#14703,(IFCLINEINDEX((1,2,3,4,1))),$);
#14703=IFCCARTESIANPOINTLIST2D(((0.80484912358224392,0.090000001713633537),(0.76984912343323231,0.090000001713633537),(0.76984912343323231,0.12500000186264515),(0.80484912358224392,0.12500000186264515)));
#14704=IFCINDEXEDPOLYCURVE(#14705,$,$);
#14705=IFCCARTESIANPOINTLIST2D(((0.060000000521540642,0.090000001713633537),(0.76984912343323231,0.090000001713633537)));
#14706=IFCINDEXEDPOLYCURVE(#14707,$,$);
#14707=IFCCARTESIANPOINTLIST2D(((0.060000000521540642,0.12500000186264515),(0.76984912343323231,0.12500000186264515)));
#14708=IFCINDEXEDPOLYCURVE(#14709,$,$);
#14709=IFCCARTESIANPOINTLIST2D(((0.060000000521540642,0.10750000178813934),(0.76984912343323231,0.10750000178813934)));
#14710=IFCWINDOW('3WeQJ3ewn6bhguqpiDyO1u',$,'Window',$,$,#15169,#14718,$,0.89999997615814209,0.91490715742111206,$,.SINGLE_PANEL.,$);
#14711=IFCCARTESIANPOINT((0.,0.,0.));
#14712=IFCDIRECTION((1.,0.,0.));
#14713=IFCDIRECTION((0.,1.,0.));
#14714=IFCDIRECTION((0.,0.,1.));
#14715=IFCCARTESIANTRANSFORMATIONOPERATOR3D(#14712,#14713,#14711,1.,#14714);
#14716=IFCMAPPEDITEM(#13681,#14715);
#14717=IFCSHAPEREPRESENTATION(#18,'Profile','MappedRepresentation',(#14716));
#14718=IFCPRODUCTDEFINITIONSHAPE($,$,(#14717,#14725,#14732));
#14719=IFCCARTESIANPOINT((0.,0.,0.));
#14720=IFCDIRECTION((1.,0.,0.));
#14721=IFCDIRECTION((0.,1.,0.));
#14722=IFCDIRECTION((0.,0.,1.));
#14723=IFCCARTESIANTRANSFORMATIONOPERATOR3D(#14720,#14721,#14719,1.,#14722);
#14724=IFCMAPPEDITEM(#13689,#14723);
#14725=IFCSHAPEREPRESENTATION(#11,'Body','MappedRepresentation',(#14724));
#14726=IFCCARTESIANPOINT((0.,0.,0.));
#14727=IFCDIRECTION((1.,0.,0.));
#14728=IFCDIRECTION((0.,1.,0.));
#14729=IFCDIRECTION((0.,0.,1.));
#14730=IFCCARTESIANTRANSFORMATIONOPERATOR3D(#14727,#14728,#14726,1.,#14729);
#14731=IFCMAPPEDITEM(#13775,#14730);
#14732=IFCSHAPEREPRESENTATION(#24,'Body','MappedRepresentation',(#14731));
#14733=IFCOPENINGELEMENT('1Jm5AwUlnDuR4On_NE0NJV',$,'Opening',$,$,#15164,#14746,$,.OPENING.);
#14739=IFCCARTESIANPOINT((0.,0.,0.));
#14740=IFCDIRECTION((1.,0.,0.));
#14741=IFCDIRECTION((0.,1.,0.));
#14742=IFCDIRECTION((0.,0.,1.));
#14743=IFCCARTESIANTRANSFORMATIONOPERATOR3D(#14740,#14741,#14739,1.,#14742);
#14744=IFCMAPPEDITEM(#13857,#14743);
#14745=IFCSHAPEREPRESENTATION(#11,'Body','MappedRepresentation',(#14744));
#14746=IFCPRODUCTDEFINITIONSHAPE($,$,(#14745));
#14747=IFCRELVOIDSELEMENT('2$yPelDCX5GR$uZi0kb1B8',$,$,$,#8960,#14733);
#14753=IFCRELFILLSELEMENT('0UDdt_P4f9i9ToQe6lEtPQ',$,$,$,#14733,#14710);
#14762=IFCCARTESIANPOINTLIST2D(((0.46179503202438354,0.),(0.,0.),(0.,0.89999997615814209),(0.46179503202438354,0.89999997615814209),(0.46179503202438354,0.87499997578561306),(0.02500000037252903,0.87499997578561306),(0.02500000037252903,0.02500000037252903),(0.46179503202438354,0.02500000037252903)));
#14763=IFCINDEXEDPOLYCURVE(#14762,(IFCLINEINDEX((1,2,3,4,5,6,7,8,1))),$);
#14764=IFCARBITRARYCLOSEDPROFILEDEF(.AREA.,$,#14763);
#14765=IFCCARTESIANPOINT((0.,0.090000001713633537,0.));
#14766=IFCDIRECTION((0.,-1.,0.));
#14767=IFCDIRECTION((1.,0.,0.));
#14768=IFCAXIS2PLACEMENT3D(#14765,#14766,#14767);
#14769=IFCDIRECTION((0.,0.,-1.));
#14770=IFCEXTRUDEDAREASOLID(#14764,#14768,#14769,0.0099999997764825821);
#14771=IFCCARTESIANPOINTLIST2D(((0.,0.),(0.46179503202438354,0.),(0.46179503202438354,0.89999997615814209),(0.,0.89999997615814209)));
#14772=IFCINDEXEDPOLYCURVE(#14771,(IFCLINEINDEX((1,2,3,4,1))),$);
#14773=IFCCARTESIANPOINTLIST2D(((0.05000000074505806,0.05000000074505806),(0.43679503165185452,0.05000000074505806),(0.43679503165185452,0.84999997541308403),(0.05000000074505806,0.84999997541308403)));
#14774=IFCINDEXEDPOLYCURVE(#14773,(IFCLINEINDEX((1,2,3,4,1))),$);
#14775=IFCARBITRARYPROFILEDEFWITHVOIDS(.AREA.,$,#14772,(#14774));
#14776=IFCCARTESIANPOINT((0.,0.05000000074505806,0.));
#14777=IFCDIRECTION((0.,-1.,0.));
#14778=IFCDIRECTION((1.,0.,0.));
#14779=IFCAXIS2PLACEMENT3D(#14776,#14777,#14778);
#14780=IFCDIRECTION((0.,0.,-1.));
#14781=IFCEXTRUDEDAREASOLID(#14775,#14779,#14780,0.040000000968575478);
#14782=IFCCARTESIANPOINTLIST2D(((0.,0.),(0.43679503165185452,0.),(0.43679503165185452,0.84999997541308403),(0.,0.84999997541308403)));
#14783=IFCINDEXEDPOLYCURVE(#14782,(IFCLINEINDEX((1,2,3,4,1))),$);
#14784=IFCCARTESIANPOINTLIST2D(((0.035000000149011612,0.035000000149011612),(0.4017950315028429,0.035000000149011612),(0.4017950315028429,0.81499997526407242),(0.035000000149011612,0.81499997526407242)));
#14785=IFCINDEXEDPOLYCURVE(#14784,(IFCLINEINDEX((1,2,3,4,1))),$);
#14786=IFCARBITRARYPROFILEDEFWITHVOIDS(.AREA.,$,#14783,(#14785));
#14787=IFCCARTESIANPOINT((0.02500000037252903,0.090000001713633537,0.02500000037252903));
#14788=IFCDIRECTION((0.,-1.,0.));
#14789=IFCDIRECTION((1.,0.,0.));
#14790=IFCAXIS2PLACEMENT3D(#14787,#14788,#14789);
#14791=IFCDIRECTION((0.,0.,-1.));
#14792=IFCEXTRUDEDAREASOLID(#14786,#14790,#14791,0.035000000149011612);
#14793=IFCINDEXEDPOLYCURVE(#14794,(IFCLINEINDEX((1,2,3,4,1))),$);
#14794=IFCCARTESIANPOINTLIST2D(((0.035000000149011612,0.035000000149011612),(0.4017950315028429,0.035000000149011612),(0.4017950315028429,0.81499997526407242),(0.035000000149011612,0.81499997526407242)));
#14795=IFCARBITRARYCLOSEDPROFILEDEF(.AREA.,$,#14793);
#14796=IFCCARTESIANPOINT((0.02500000037252903,0.10250000178813934,0.02500000037252903));
#14797=IFCDIRECTION((0.,-1.,0.));
#14798=IFCDIRECTION((1.,0.,0.));
#14799=IFCAXIS2PLACEMENT3D(#14796,#14797,#14798);
#14800=IFCDIRECTION((0.,0.,-1.));
#14801=IFCEXTRUDEDAREASOLID(#14795,#14799,#14800,0.01);
#14802=IFCCARTESIANPOINTLIST2D(((0.,0.89999997615814209),(0.45311212539672852,0.89999997615814209),(0.45311212539672852,0.),(0.,0.),(0.,0.02500000037252903),(0.42811212502419949,0.02500000037252903),(0.42811212502419949,0.87499997578561306),(0.,0.87499997578561306)));
#14803=IFCINDEXEDPOLYCURVE(#14802,(IFCLINEINDEX((1,2,3,4,5,6,7,8,1))),$);
#14804=IFCARBITRARYCLOSEDPROFILEDEF(.AREA.,$,#14803);
#14805=IFCCARTESIANPOINT((0.46179503202438354,0.090000001713633537,0.));
#14806=IFCDIRECTION((0.,-1.,0.));
#14807=IFCDIRECTION((1.,0.,0.));
#14808=IFCAXIS2PLACEMENT3D(#14805,#14806,#14807);
#14809=IFCDIRECTION((0.,0.,-1.));
#14810=IFCEXTRUDEDAREASOLID(#14804,#14808,#14809,0.0099999997764825821);
#14811=IFCCARTESIANPOINTLIST2D(((0.,0.),(0.45311212539672852,0.),(0.45311212539672852,0.89999997615814209),(0.,0.89999997615814209)));
#14812=IFCINDEXEDPOLYCURVE(#14811,(IFCLINEINDEX((1,2,3,4,1))),$);
#14813=IFCCARTESIANPOINTLIST2D(((0.02500000037252903,0.05000000074505806),(0.40311212465167046,0.05000000074505806),(0.40311212465167046,0.84999997541308403),(0.02500000037252903,0.84999997541308403)));
#14814=IFCINDEXEDPOLYCURVE(#14813,(IFCLINEINDEX((1,2,3,4,1))),$);
#14815=IFCARBITRARYPROFILEDEFWITHVOIDS(.AREA.,$,#14812,(#14814));
#14816=IFCCARTESIANPOINT((0.46179503202438354,0.05000000074505806,0.));
#14817=IFCDIRECTION((0.,-1.,0.));
#14818=IFCDIRECTION((1.,0.,0.));
#14819=IFCAXIS2PLACEMENT3D(#14816,#14817,#14818);
#14820=IFCDIRECTION((0.,0.,-1.));
#14821=IFCEXTRUDEDAREASOLID(#14815,#14819,#14820,0.040000000968575478);
#14822=IFCCARTESIANPOINTLIST2D(((0.,0.),(0.42811212502419949,0.),(0.42811212502419949,0.84999997541308403),(0.,0.84999997541308403)));
#14823=IFCINDEXEDPOLYCURVE(#14822,(IFCLINEINDEX((1,2,3,4,1))),$);
#14824=IFCCARTESIANPOINTLIST2D(((0.035000000149011612,0.035000000149011612),(0.39311212487518787,0.035000000149011612),(0.39311212487518787,0.81499997526407242),(0.035000000149011612,0.81499997526407242)));
#14825=IFCINDEXEDPOLYCURVE(#14824,(IFCLINEINDEX((1,2,3,4,1))),$);
#14826=IFCARBITRARYPROFILEDEFWITHVOIDS(.AREA.,$,#14823,(#14825));
#14827=IFCCARTESIANPOINT((0.46179503202438354,0.090000001713633537,0.02500000037252903));
#14828=IFCDIRECTION((0.,-1.,0.));
#14829=IFCDIRECTION((1.,0.,0.));
#14830=IFCAXIS2PLACEMENT3D(#14827,#14828,#14829);
#14831=IFCDIRECTION((0.,0.,-1.));
#14832=IFCEXTRUDEDAREASOLID(#14826,#14830,#14831,0.035000000149011612);
#14833=IFCINDEXEDPOLYCURVE(#14834,(IFCLINEINDEX((1,2,3,4,1))),$);
#14834=IFCCARTESIANPOINTLIST2D(((0.035000000149011612,0.035000000149011612),(0.39311212487518787,0.035000000149011612),(0.39311212487518787,0.81499997526407242),(0.035000000149011612,0.81499997526407242)));
#14835=IFCARBITRARYCLOSEDPROFILEDEF(.AREA.,$,#14833);
#14836=IFCCARTESIANPOINT((0.46179503202438354,0.10250000178813934,0.02500000037252903));
#14837=IFCDIRECTION((0.,-1.,0.));
#14838=IFCDIRECTION((1.,0.,0.));
#14839=IFCAXIS2PLACEMENT3D(#14836,#14837,#14838);
#14840=IFCDIRECTION((0.,0.,-1.));
#14841=IFCEXTRUDEDAREASOLID(#14835,#14839,#14840,0.01);
#14843=IFCSHAPEREPRESENTATION(#11,'Body','SweptSolid',(#15106,#14810,#14821,#14770,#15095,#14781));
#14844=IFCSHAPEASPECT((#14843),'Lining',$,.T.,#14718);
#14845=IFCSHAPEREPRESENTATION(#11,'Body','SweptSolid',(#14832,#14792,#15117));
#14846=IFCSHAPEASPECT((#14845),'Framing',$,.T.,#14718);
#14847=IFCSHAPEREPRESENTATION(#11,'Body','SweptSolid',(#14841,#14801,#15126));
#14848=IFCSHAPEASPECT((#14847),'Glazing',$,.T.,#14718);
#14937=IFCWINDOWTYPE('0uZzyKlCD0WhUxhVavbrHi',$,'MASTERS-2-2F',$,$,(#14938),(#14940,#14948,#14996),$,$,.WINDOW.,.SINGLE_PANEL.,$,$);
#14938=IFCPROPERTYSET('3NDKyfmU54lx6tsGbd5HVd',$,'BBIM_Window',$,(#14939));
#14939=IFCPROPERTYSINGLEVALUE('Data',$,IFCTEXT('{"window_type": "SINGLE_PANEL", "overall_height": 0.8999999761581421, "overall_width": 0.829849123954773, "lining_properties": {"lining_depth": 0.05000000074505806, "lining_thickness": 0.05000000074505806, "lining_offset": 0.05000000074505806, "lining_to_panel_offset_x": 0.02500000037252903, "lining_to_panel_offset_y": 0.02500000037252903}, "panel_properties": {"frame_depth": [0.03500000014901161, 0.03500000014901161, 0.03500000014901161], "frame_thickness": [0.03500000014901161, 0.03500000014901161, 0.03500000014901161]}}'),$);
#14940=IFCREPRESENTATIONMAP(#14941,#14945);
#14941=IFCAXIS2PLACEMENT3D(#14942,#14943,#14944);
#14942=IFCCARTESIANPOINT((0.,0.,0.));
#14943=IFCDIRECTION((0.,0.,1.));
#14944=IFCDIRECTION((1.,0.,0.));
#14945=IFCSHAPEREPRESENTATION(#18,'Profile','Curve3D',(#14946));
#14946=IFCINDEXEDPOLYCURVE(#14947,(IFCLINEINDEX((1,2,3,4,1))),$);
#14947=IFCCARTESIANPOINTLIST3D(((0.,0.,0.),(0.82984912395477295,0.,0.),(0.82984912395477295,0.,0.89999997615814209),(0.,0.,0.89999997615814209)));
#14948=IFCREPRESENTATIONMAP(#14949,#14953);
#14949=IFCAXIS2PLACEMENT3D(#14950,#14951,#14952);
#14950=IFCCARTESIANPOINT((0.,0.,0.));
#14951=IFCDIRECTION((0.,0.,1.));
#14952=IFCDIRECTION((1.,0.,0.));
#14953=IFCSHAPEREPRESENTATION(#11,'Body','SweptSolid',(#14954,#14965,#14976,#14987));
#14954=IFCEXTRUDEDAREASOLID(#14955,#14960,#14964,0.0099999997764825821);
#14955=IFCARBITRARYPROFILEDEFWITHVOIDS(.AREA.,$,#14956,(#14958));
#14956=IFCINDEXEDPOLYCURVE(#14957,(IFCLINEINDEX((1,2,3,4,1))),$);
#14957=IFCCARTESIANPOINTLIST2D(((0.,0.),(0.82984912395477295,0.),(0.82984912395477295,0.89999997615814209),(0.,0.89999997615814209)));
#14958=IFCINDEXEDPOLYCURVE(#14959,(IFCLINEINDEX((1,2,3,4,1))),$);
#14959=IFCCARTESIANPOINTLIST2D(((0.02500000037252903,0.02500000037252903),(0.80484912358224392,0.02500000037252903),(0.80484912358224392,0.87499997578561306),(0.02500000037252903,0.87499997578561306)));
#14960=IFCAXIS2PLACEMENT3D(#14961,#14962,#14963);
#14961=IFCCARTESIANPOINT((0.,0.090000001713633537,0.));
#14962=IFCDIRECTION((0.,-1.,0.));
#14963=IFCDIRECTION((1.,0.,0.));
#14964=IFCDIRECTION((0.,0.,-1.));
#14965=IFCEXTRUDEDAREASOLID(#14966,#14971,#14975,0.040000000968575478);
#14966=IFCARBITRARYPROFILEDEFWITHVOIDS(.AREA.,$,#14967,(#14969));
#14967=IFCINDEXEDPOLYCURVE(#14968,(IFCLINEINDEX((1,2,3,4,1))),$);
#14968=IFCCARTESIANPOINTLIST2D(((0.,0.),(0.82984912395477295,0.),(0.82984912395477295,0.89999997615814209),(0.,0.89999997615814209)));
#14969=IFCINDEXEDPOLYCURVE(#14970,(IFCLINEINDEX((1,2,3,4,1))),$);
#14970=IFCCARTESIANPOINTLIST2D(((0.05000000074505806,0.05000000074505806),(0.77984912320971489,0.05000000074505806),(0.77984912320971489,0.84999997541308403),(0.05000000074505806,0.84999997541308403)));
#14971=IFCAXIS2PLACEMENT3D(#14972,#14973,#14974);
#14972=IFCCARTESIANPOINT((0.,0.05000000074505806,0.));
#14973=IFCDIRECTION((0.,-1.,0.));
#14974=IFCDIRECTION((1.,0.,0.));
#14975=IFCDIRECTION((0.,0.,-1.));
#14976=IFCEXTRUDEDAREASOLID(#14977,#14982,#14986,0.035000000149011612);
#14977=IFCARBITRARYPROFILEDEFWITHVOIDS(.AREA.,$,#14978,(#14980));
#14978=IFCINDEXEDPOLYCURVE(#14979,(IFCLINEINDEX((1,2,3,4,1))),$);
#14979=IFCCARTESIANPOINTLIST2D(((0.,0.),(0.77984912320971489,0.),(0.77984912320971489,0.84999997541308403),(0.,0.84999997541308403)));
#14980=IFCINDEXEDPOLYCURVE(#14981,(IFCLINEINDEX((1,2,3,4,1))),$);
#14981=IFCCARTESIANPOINTLIST2D(((0.035000000149011612,0.035000000149011612),(0.74484912306070328,0.035000000149011612),(0.74484912306070328,0.81499997526407242),(0.035000000149011612,0.81499997526407242)));
#14982=IFCAXIS2PLACEMENT3D(#14983,#14984,#14985);
#14983=IFCCARTESIANPOINT((0.02500000037252903,0.090000001713633537,0.02500000037252903));
#14984=IFCDIRECTION((0.,-1.,0.));
#14985=IFCDIRECTION((1.,0.,0.));
#14986=IFCDIRECTION((0.,0.,-1.));
#14987=IFCEXTRUDEDAREASOLID(#14988,#14991,#14995,0.01);
#14988=IFCARBITRARYCLOSEDPROFILEDEF(.AREA.,$,#14989);
#14989=IFCINDEXEDPOLYCURVE(#14990,(IFCLINEINDEX((1,2,3,4,1))),$);
#14990=IFCCARTESIANPOINTLIST2D(((0.035000000149011612,0.035000000149011612),(0.74484912306070328,0.035000000149011612),(0.74484912306070328,0.81499997526407242),(0.035000000149011612,0.81499997526407242)));
#14991=IFCAXIS2PLACEMENT3D(#14992,#14993,#14994);
#14992=IFCCARTESIANPOINT((0.02500000037252903,0.10250000178813934,0.02500000037252903));
#14993=IFCDIRECTION((0.,-1.,0.));
#14994=IFCDIRECTION((1.,0.,0.));
#14995=IFCDIRECTION((0.,0.,-1.));
#14996=IFCREPRESENTATIONMAP(#14997,#15001);
#14997=IFCAXIS2PLACEMENT3D(#14998,#14999,#15000);
#14998=IFCCARTESIANPOINT((0.,0.,0.));
#14999=IFCDIRECTION((0.,0.,1.));
#15000=IFCDIRECTION((1.,0.,0.));
#15001=IFCSHAPEREPRESENTATION(#24,'Body','Curve2D',(#15002,#15004,#15006,#15008,#15010,#15012,#15014,#15016));
#15002=IFCINDEXEDPOLYCURVE(#15003,$,$);
#15003=IFCCARTESIANPOINTLIST2D(((0.05000000074505806,0.05000000074505806),(0.77984912320971489,0.05000000074505806)));
#15004=IFCINDEXEDPOLYCURVE(#15005,(IFCLINEINDEX((1,2,3,4,5,6,1))),$);
#15005=IFCCARTESIANPOINTLIST2D(((0.,0.10000000149011612),(0.02500000037252903,0.10000000149011612),(0.02500000037252903,0.090000001713633537),(0.05000000074505806,0.090000001713633537),(0.05000000074505806,0.05000000074505806),(0.,0.05000000074505806)));
#15006=IFCINDEXEDPOLYCURVE(#15007,(IFCLINEINDEX((1,2,3,4,5,6,1))),$);
#15007=IFCCARTESIANPOINTLIST2D(((0.82984912395477295,0.10000000149011612),(0.80484912358224392,0.10000000149011612),(0.80484912358224392,0.090000001713633537),(0.77984912320971489,0.090000001713633537),(0.77984912320971489,0.05000000074505806),(0.82984912395477295,0.05000000074505806)));
#15008=IFCINDEXEDPOLYCURVE(#15009,(IFCLINEINDEX((1,2,3,4,1))),$);
#15009=IFCCARTESIANPOINTLIST2D(((0.02500000037252903,0.090000001713633537),(0.060000000521540642,0.090000001713633537),(0.060000000521540642,0.12500000186264515),(0.02500000037252903,0.12500000186264515)));
#15010=IFCINDEXEDPOLYCURVE(#15011,(IFCLINEINDEX((1,2,3,4,1))),$);
#15011=IFCCARTESIANPOINTLIST2D(((0.80484912358224392,0.090000001713633537),(0.76984912343323231,0.090000001713633537),(0.76984912343323231,0.12500000186264515),(0.80484912358224392,0.12500000186264515)));
#15012=IFCINDEXEDPOLYCURVE(#15013,$,$);
#15013=IFCCARTESIANPOINTLIST2D(((0.060000000521540642,0.090000001713633537),(0.76984912343323231,0.090000001713633537)));
#15014=IFCINDEXEDPOLYCURVE(#15015,$,$);
#15015=IFCCARTESIANPOINTLIST2D(((0.060000000521540642,0.12500000186264515),(0.76984912343323231,0.12500000186264515)));
#15016=IFCINDEXEDPOLYCURVE(#15017,$,$);
#15017=IFCCARTESIANPOINTLIST2D(((0.060000000521540642,0.10750000178813934),(0.76984912343323231,0.10750000178813934)));
#15018=IFCWINDOW('3A2t$tKn1E2fTnVYaW1zlX',$,'Window',$,$,#15184,#15026,$,0.89999997615814209,0.91490715742111206,$,$,$);
#15019=IFCCARTESIANPOINT((0.,0.,0.));
#15020=IFCDIRECTION((1.,0.,0.));
#15021=IFCDIRECTION((0.,1.,0.));
#15022=IFCDIRECTION((0.,0.,1.));
#15023=IFCCARTESIANTRANSFORMATIONOPERATOR3D(#15020,#15021,#15019,1.,#15022);
#15024=IFCMAPPEDITEM(#13681,#15023);
#15025=IFCSHAPEREPRESENTATION(#18,'Profile','MappedRepresentation',(#15024));
#15026=IFCPRODUCTDEFINITIONSHAPE($,$,(#15025,#15033,#15040));
#15027=IFCCARTESIANPOINT((0.,0.,0.));
#15028=IFCDIRECTION((1.,0.,0.));
#15029=IFCDIRECTION((0.,1.,0.));
#15030=IFCDIRECTION((0.,0.,1.));
#15031=IFCCARTESIANTRANSFORMATIONOPERATOR3D(#15028,#15029,#15027,1.,#15030);
#15032=IFCMAPPEDITEM(#13689,#15031);
#15033=IFCSHAPEREPRESENTATION(#11,'Body','MappedRepresentation',(#15032));
#15034=IFCCARTESIANPOINT((0.,0.,0.));
#15035=IFCDIRECTION((1.,0.,0.));
#15036=IFCDIRECTION((0.,1.,0.));
#15037=IFCDIRECTION((0.,0.,1.));
#15038=IFCCARTESIANTRANSFORMATIONOPERATOR3D(#15035,#15036,#15034,1.,#15037);
#15039=IFCMAPPEDITEM(#13775,#15038);
#15040=IFCSHAPEREPRESENTATION(#24,'Body','MappedRepresentation',(#15039));
#15041=IFCOPENINGELEMENT('27m00ayN909PdSlnAiZ1Ky',$,'Opening',$,$,#15179,#15054,$,.OPENING.);
#15047=IFCCARTESIANPOINT((0.,0.,0.));
#15048=IFCDIRECTION((1.,0.,0.));
#15049=IFCDIRECTION((0.,1.,0.));
#15050=IFCDIRECTION((0.,0.,1.));
#15051=IFCCARTESIANTRANSFORMATIONOPERATOR3D(#15048,#15049,#15047,1.,#15050);
#15052=IFCMAPPEDITEM(#13857,#15051);
#15053=IFCSHAPEREPRESENTATION(#11,'Body','MappedRepresentation',(#15052));
#15054=IFCPRODUCTDEFINITIONSHAPE($,$,(#15053));
#15055=IFCRELVOIDSELEMENT('35Wr3Gdc1AdeqqCGyw19EC',$,$,$,#8960,#15041);
#15061=IFCRELFILLSELEMENT('3kSKlPmbH4DhQO1wagoWj$',$,$,$,#15041,#15018);
#15082=IFCCARTESIANPOINTLIST3D(((0.,0.,0.),(0.91490715742111206,0.,0.),(0.91490715742111206,0.,0.89999997615814209),(0.,0.,0.89999997615814209)));
#15083=IFCINDEXEDPOLYCURVE(#15082,(IFCLINEINDEX((1,2,3,4,1))),$);
#15084=IFCSHAPEREPRESENTATION(#18,'Profile','Curve3D',(#15083));
#15085=IFCCARTESIANPOINTLIST2D(((0.,0.),(0.91490715742111206,0.),(0.91490715742111206,0.89999997615814209),(0.,0.89999997615814209)));
#15086=IFCINDEXEDPOLYCURVE(#15085,(IFCLINEINDEX((1,2,3,4,1))),$);
#15087=IFCCARTESIANPOINTLIST2D(((0.02500000037252903,0.02500000037252903),(0.88990715704858303,0.02500000037252903),(0.88990715704858303,0.87499997578561306),(0.02500000037252903,0.87499997578561306)));
#15088=IFCINDEXEDPOLYCURVE(#15087,(IFCLINEINDEX((1,2,3,4,1))),$);
#15089=IFCARBITRARYPROFILEDEFWITHVOIDS(.AREA.,$,#15086,(#15088));
#15090=IFCCARTESIANPOINT((0.,0.090000001713633537,0.));
#15091=IFCDIRECTION((0.,-1.,0.));
#15092=IFCDIRECTION((1.,0.,0.));
#15093=IFCAXIS2PLACEMENT3D(#15090,#15091,#15092);
#15094=IFCDIRECTION((0.,0.,-1.));
#15095=IFCEXTRUDEDAREASOLID(#15089,#15093,#15094,0.0099999997764825821);
#15096=IFCCARTESIANPOINTLIST2D(((0.,0.),(0.91490715742111206,0.),(0.91490715742111206,0.89999997615814209),(0.,0.89999997615814209)));
#15097=IFCINDEXEDPOLYCURVE(#15096,(IFCLINEINDEX((1,2,3,4,1))),$);
#15098=IFCCARTESIANPOINTLIST2D(((0.05000000074505806,0.05000000074505806),(0.864907156676054,0.05000000074505806),(0.864907156676054,0.84999997541308403),(0.05000000074505806,0.84999997541308403)));
#15099=IFCINDEXEDPOLYCURVE(#15098,(IFCLINEINDEX((1,2,3,4,1))),$);
#15100=IFCARBITRARYPROFILEDEFWITHVOIDS(.AREA.,$,#15097,(#15099));
#15101=IFCCARTESIANPOINT((0.,0.05000000074505806,0.));
#15102=IFCDIRECTION((0.,-1.,0.));
#15103=IFCDIRECTION((1.,0.,0.));
#15104=IFCAXIS2PLACEMENT3D(#15101,#15102,#15103);
#15105=IFCDIRECTION((0.,0.,-1.));
#15106=IFCEXTRUDEDAREASOLID(#15100,#15104,#15105,0.040000000968575478);
#15107=IFCCARTESIANPOINTLIST2D(((0.,0.),(0.864907156676054,0.),(0.864907156676054,0.84999997541308403),(0.,0.84999997541308403)));
#15108=IFCINDEXEDPOLYCURVE(#15107,(IFCLINEINDEX((1,2,3,4,1))),$);
#15109=IFCCARTESIANPOINTLIST2D(((0.035000000149011612,0.035000000149011612),(0.82990715652704239,0.035000000149011612),(0.82990715652704239,0.81499997526407242),(0.035000000149011612,0.81499997526407242)));
#15110=IFCINDEXEDPOLYCURVE(#15109,(IFCLINEINDEX((1,2,3,4,1))),$);
#15111=IFCARBITRARYPROFILEDEFWITHVOIDS(.AREA.,$,#15108,(#15110));
#15112=IFCCARTESIANPOINT((0.02500000037252903,0.090000001713633537,0.02500000037252903));
#15113=IFCDIRECTION((0.,-1.,0.));
#15114=IFCDIRECTION((1.,0.,0.));
#15115=IFCAXIS2PLACEMENT3D(#15112,#15113,#15114);
#15116=IFCDIRECTION((0.,0.,-1.));
#15117=IFCEXTRUDEDAREASOLID(#15111,#15115,#15116,0.035000000149011612);
#15118=IFCINDEXEDPOLYCURVE(#15119,(IFCLINEINDEX((1,2,3,4,1))),$);
#15119=IFCCARTESIANPOINTLIST2D(((0.035000000149011612,0.035000000149011612),(0.82990715652704239,0.035000000149011612),(0.82990715652704239,0.81499997526407242),(0.035000000149011612,0.81499997526407242)));
#15120=IFCARBITRARYCLOSEDPROFILEDEF(.AREA.,$,#15118);
#15121=IFCCARTESIANPOINT((0.02500000037252903,0.10250000178813934,0.02500000037252903));
#15122=IFCDIRECTION((0.,-1.,0.));
#15123=IFCDIRECTION((1.,0.,0.));
#15124=IFCAXIS2PLACEMENT3D(#15121,#15122,#15123);
#15125=IFCDIRECTION((0.,0.,-1.));
#15126=IFCEXTRUDEDAREASOLID(#15120,#15124,#15125,0.01);
#15127=IFCSHAPEREPRESENTATION(#11,'Body','SweptSolid',(#15095,#15106,#15117,#15126));
#15128=IFCCARTESIANPOINTLIST2D(((0.05000000074505806,0.05000000074505806),(0.864907156676054,0.05000000074505806)));
#15129=IFCINDEXEDPOLYCURVE(#15128,$,$);
#15130=IFCCARTESIANPOINTLIST2D(((0.,0.10000000149011612),(0.02500000037252903,0.10000000149011612),(0.02500000037252903,0.090000001713633537),(0.05000000074505806,0.090000001713633537),(0.05000000074505806,0.05000000074505806),(0.,0.05000000074505806)));
#15131=IFCINDEXEDPOLYCURVE(#15130,(IFCLINEINDEX((1,2,3,4,5,6,1))),$);
#15132=IFCCARTESIANPOINTLIST2D(((0.91490715742111206,0.10000000149011612),(0.88990715704858303,0.10000000149011612),(0.88990715704858303,0.090000001713633537),(0.864907156676054,0.090000001713633537),(0.864907156676054,0.05000000074505806),(0.91490715742111206,0.05000000074505806)));
#15133=IFCINDEXEDPOLYCURVE(#15132,(IFCLINEINDEX((1,2,3,4,5,6,1))),$);
#15134=IFCCARTESIANPOINTLIST2D(((0.02500000037252903,0.090000001713633537),(0.060000000521540642,0.090000001713633537),(0.060000000521540642,0.12500000186264515),(0.02500000037252903,0.12500000186264515)));
#15135=IFCINDEXEDPOLYCURVE(#15134,(IFCLINEINDEX((1,2,3,4,1))),$);
#15136=IFCINDEXEDPOLYCURVE(#15137,(IFCLINEINDEX((1,2,3,4,1))),$);
#15137=IFCCARTESIANPOINTLIST2D(((0.88990715704858303,0.090000001713633537),(0.85490715689957142,0.090000001713633537),(0.85490715689957142,0.12500000186264515),(0.88990715704858303,0.12500000186264515)));
#15138=IFCCARTESIANPOINTLIST2D(((0.060000000521540642,0.090000001713633537),(0.85490715689957142,0.090000001713633537)));
#15139=IFCINDEXEDPOLYCURVE(#15138,$,$);
#15140=IFCINDEXEDPOLYCURVE(#15141,$,$);
#15141=IFCCARTESIANPOINTLIST2D(((0.060000000521540642,0.12500000186264515),(0.85490715689957142,0.12500000186264515)));
#15142=IFCINDEXEDPOLYCURVE(#15143,$,$);
#15143=IFCCARTESIANPOINTLIST2D(((0.060000000521540642,0.10750000178813934),(0.85490715689957142,0.10750000178813934)));
#15144=IFCSHAPEREPRESENTATION(#24,'Body','Curve2D',(#15129,#15131,#15133,#15135,#15136,#15139,#15140,#15142));
#15145=IFCCARTESIANPOINTLIST2D(((0.,0.),(0.91490715742111206,0.),(0.91490715742111206,0.89999997615814209),(0.,0.89999997615814209)));
#15146=IFCINDEXEDPOLYCURVE(#15145,(IFCLINEINDEX((1,2,3,4,1))),$);
#15147=IFCARBITRARYCLOSEDPROFILEDEF(.AREA.,$,#15146);
#15148=IFCCARTESIANPOINT((0.,-0.60000002384185791,0.));
#15149=IFCDIRECTION((0.,-1.,0.));
#15150=IFCDIRECTION((1.,0.,0.));
#15151=IFCAXIS2PLACEMENT3D(#15148,#15149,#15150);
#15152=IFCDIRECTION((0.,0.,-1.));
#15153=IFCEXTRUDEDAREASOLID(#15147,#15151,#15152,1.2);
#15154=IFCSHAPEREPRESENTATION(#11,'Body','SweptSolid',(#15153));
#15160=IFCCARTESIANPOINT((6.0573689261980865,9.731929004885842E-07,1.));
#15161=IFCDIRECTION((0.,0.,1.));
#15162=IFCDIRECTION((0.99999999999999289,1.1920928244535129E-07,0.));
#15163=IFCAXIS2PLACEMENT3D(#15160,#15161,#15162);
#15164=IFCLOCALPLACEMENT(#18174,#15163);
#15165=IFCCARTESIANPOINT((8.8817841970012523E-16,0.,0.));
#15166=IFCDIRECTION((0.,0.,1.));
#15167=IFCDIRECTION((1.,0.,0.));
#15168=IFCAXIS2PLACEMENT3D(#15165,#15166,#15167);
#15169=IFCLOCALPLACEMENT(#15164,#15168);
#15175=IFCCARTESIANPOINT((3.5496780196733995,6.8568114253153567E-07,1.));
#15176=IFCDIRECTION((0.,0.,1.));
#15177=IFCDIRECTION((0.99999999999999289,1.1920928244535129E-07,0.));
#15178=IFCAXIS2PLACEMENT3D(#15175,#15176,#15177);
#15179=IFCLOCALPLACEMENT(#18174,#15178);
#15180=IFCCARTESIANPOINT((0.,4.4408920985006262E-16,0.));
#15181=IFCDIRECTION((0.,0.,1.));
#15182=IFCDIRECTION((1.,0.,0.));
#15183=IFCAXIS2PLACEMENT3D(#15180,#15181,#15182);
#15184=IFCLOCALPLACEMENT(#15179,#15183);
#15190=IFCCARTESIANPOINT((0.61173637211262433,1.6687304071894005E-06,1.));
#15191=IFCDIRECTION((0.,0.,1.));
#15192=IFCDIRECTION((0.99999999999974409,-7.1525573730419686E-07,0.));
#15193=IFCAXIS2PLACEMENT3D(#15190,#15191,#15192);
#15194=IFCLOCALPLACEMENT(#18164,#15193);
#15195=IFCCARTESIANPOINT((-1.1102230246251565E-16,0.,0.));
#15196=IFCDIRECTION((0.,0.,1.));
#15197=IFCDIRECTION((1.,2.1175823681357508E-22,0.));
#15198=IFCAXIS2PLACEMENT3D(#15195,#15196,#15197);
#15199=IFCLOCALPLACEMENT(#15194,#15198);
#15200=IFCWINDOW('0N1Bt70V514hShwR86BaAQ',$,'Window',$,$,#15284,#15209,$,0.89999997615814209,0.82984912395477295,$,$,$);
#15201=IFCRELDEFINESBYTYPE('0pZloM5qL00RFuniCzHwTc',$,$,$,(#15200),#14937);
#15202=IFCCARTESIANPOINT((0.,0.,0.));
#15203=IFCDIRECTION((1.,0.,0.));
#15204=IFCDIRECTION((0.,1.,0.));
#15205=IFCDIRECTION((0.,0.,1.));
#15206=IFCCARTESIANTRANSFORMATIONOPERATOR3D(#15203,#15204,#15202,1.,#15205);
#15207=IFCMAPPEDITEM(#14940,#15206);
#15208=IFCSHAPEREPRESENTATION(#18,'Profile','MappedRepresentation',(#15207));
#15209=IFCPRODUCTDEFINITIONSHAPE($,$,(#15208,#15216,#15223));
#15210=IFCCARTESIANPOINT((0.,0.,0.));
#15211=IFCDIRECTION((1.,0.,0.));
#15212=IFCDIRECTION((0.,1.,0.));
#15213=IFCDIRECTION((0.,0.,1.));
#15214=IFCCARTESIANTRANSFORMATIONOPERATOR3D(#15211,#15212,#15210,1.,#15213);
#15215=IFCMAPPEDITEM(#14948,#15214);
#15216=IFCSHAPEREPRESENTATION(#11,'Body','MappedRepresentation',(#15215));
#15217=IFCCARTESIANPOINT((0.,0.,0.));
#15218=IFCDIRECTION((1.,0.,0.));
#15219=IFCDIRECTION((0.,1.,0.));
#15220=IFCDIRECTION((0.,0.,1.));
#15221=IFCCARTESIANTRANSFORMATIONOPERATOR3D(#15218,#15219,#15217,1.,#15220);
#15222=IFCMAPPEDITEM(#14996,#15221);
#15223=IFCSHAPEREPRESENTATION(#24,'Body','MappedRepresentation',(#15222));
#15224=IFCOPENINGELEMENT('3GfuqbkwX6o94hlV_MU75f',$,'Opening',$,$,#15274,#15252,$,.OPENING.);
#15230=IFCCARTESIANPOINTLIST2D(((0.,0.),(0.82984912395477295,0.),(0.82984912395477295,0.89999997615814209),(0.,0.89999997615814209)));
#15231=IFCINDEXEDPOLYCURVE(#15230,(IFCLINEINDEX((1,2,3,4,1))),$);
#15232=IFCARBITRARYCLOSEDPROFILEDEF(.AREA.,$,#15231);
#15233=IFCCARTESIANPOINT((0.,-0.60000002384185791,0.));
#15234=IFCDIRECTION((0.,-1.,0.));
#15235=IFCDIRECTION((1.,0.,0.));
#15236=IFCAXIS2PLACEMENT3D(#15233,#15234,#15235);
#15237=IFCDIRECTION((0.,0.,-1.));
#15238=IFCEXTRUDEDAREASOLID(#15232,#15236,#15237,1.2);
#15239=IFCSHAPEREPRESENTATION(#11,'Body','SweptSolid',(#15238));
#15240=IFCCARTESIANPOINT((0.,0.,0.));
#15241=IFCDIRECTION((1.,0.,0.));
#15242=IFCDIRECTION((0.,0.,1.));
#15243=IFCAXIS2PLACEMENT3D(#15240,#15242,#15241);
#15244=IFCREPRESENTATIONMAP(#15243,#15239);
#15245=IFCCARTESIANPOINT((0.,0.,0.));
#15246=IFCDIRECTION((1.,0.,0.));
#15247=IFCDIRECTION((0.,1.,0.));
#15248=IFCDIRECTION((0.,0.,1.));
#15249=IFCCARTESIANTRANSFORMATIONOPERATOR3D(#15246,#15247,#15245,1.,#15248);
#15250=IFCMAPPEDITEM(#15244,#15249);
#15251=IFCSHAPEREPRESENTATION(#11,'Body','MappedRepresentation',(#15250));
#15252=IFCPRODUCTDEFINITIONSHAPE($,$,(#15251));
#15253=IFCRELVOIDSELEMENT('1uOuaQi7jASAVxlYEtNmHD',$,$,$,#8960,#15224);
#15259=IFCRELFILLSELEMENT('3Dn2rNJpj1kOORzWiZVabh',$,$,$,#15224,#15200);
#15270=IFCCARTESIANPOINT((1.5449275294847702,3.6019843907553195E-07,1.));
#15271=IFCDIRECTION((0.,0.,1.));
#15272=IFCDIRECTION((0.99999999999999289,1.1920928244535129E-07,0.));
#15273=IFCAXIS2PLACEMENT3D(#15270,#15271,#15272);
#15274=IFCLOCALPLACEMENT(#18174,#15273);
#15280=IFCCARTESIANPOINT((8.8817841970012523E-16,0.,0.));
#15281=IFCDIRECTION((0.,0.,1.));
#15282=IFCDIRECTION((1.,0.,0.));
#15283=IFCAXIS2PLACEMENT3D(#15280,#15281,#15282);
#15284=IFCLOCALPLACEMENT(#15274,#15283);
#15369=IFCWINDOWTYPE('0bykUIIJf4$vnAlNIvNl_Q',$,'BEDROOM-2-2F',$,$,(#15370),(#15372,#15380,#15466),$,$,.WINDOW.,.SINGLE_PANEL.,$,$);
#15370=IFCPROPERTYSET('06fvX_Oeb41x5HEWgEWPKs',$,'BBIM_Window',$,(#15371));
#15371=IFCPROPERTYSINGLEVALUE('Data',$,IFCTEXT('{"window_type": "DOUBLE_PANEL_VERTICAL", "overall_height": 0.8999999761581421, "overall_width": 1.1472599506378174, "lining_properties": {"lining_depth": 0.05000000074505806, "lining_thickness": 0.05000000074505806, "lining_offset": 0.05000000074505806, "lining_to_panel_offset_x": 0.02500000037252903, "lining_to_panel_offset_y": 0.02500000037252903, "mullion_thickness": 0.05000000074505806, "first_mullion_offset": 0.573930561542511}, "panel_properties": {"frame_depth": [0.03500000014901161, 0.03500000014901161, 0.03500000014901161], "frame_thickness": [0.03500000014901161, 0.03500000014901161, 0.03500000014901161]}}'),$);
#15372=IFCREPRESENTATIONMAP(#15373,#15377);
#15373=IFCAXIS2PLACEMENT3D(#15374,#15375,#15376);
#15374=IFCCARTESIANPOINT((0.,0.,0.));
#15375=IFCDIRECTION((0.,0.,1.));
#15376=IFCDIRECTION((1.,0.,0.));
#15377=IFCSHAPEREPRESENTATION(#18,'Profile','Curve3D',(#15378));
#15378=IFCINDEXEDPOLYCURVE(#15379,(IFCLINEINDEX((1,2,3,4,1))),$);
#15379=IFCCARTESIANPOINTLIST3D(((0.,0.,0.),(1.1472599506378174,0.,0.),(1.1472599506378174,0.,0.89999997615814209),(0.,0.,0.89999997615814209)));
#15380=IFCREPRESENTATIONMAP(#15381,#15385);
#15381=IFCAXIS2PLACEMENT3D(#15382,#15383,#15384);
#15382=IFCCARTESIANPOINT((0.,0.,0.));
#15383=IFCDIRECTION((0.,0.,1.));
#15384=IFCDIRECTION((1.,0.,0.));
#15385=IFCSHAPEREPRESENTATION(#11,'Body','SweptSolid',(#15386,#15395,#15406,#15417,#15426,#15435,#15446,#15457));
#15386=IFCEXTRUDEDAREASOLID(#15387,#15390,#15394,0.0099999997764825821);
#15387=IFCARBITRARYCLOSEDPROFILEDEF(.AREA.,$,#15388);
#15388=IFCINDEXEDPOLYCURVE(#15389,(IFCLINEINDEX((1,2,3,4,5,6,7,8,1))),$);
#15389=IFCCARTESIANPOINTLIST2D(((0.57393056154251099,0.),(0.,0.),(0.,0.89999997615814209),(0.57393056154251099,0.89999997615814209),(0.57393056154251099,0.87499997578561306),(0.02500000037252903,0.87499997578561306),(0.02500000037252903,0.02500000037252903),(0.57393056154251099,0.02500000037252903)));
#15390=IFCAXIS2PLACEMENT3D(#15391,#15392,#15393);
#15391=IFCCARTESIANPOINT((0.,0.090000001713633537,0.));
#15392=IFCDIRECTION((0.,-1.,0.));
#15393=IFCDIRECTION((1.,0.,0.));
#15394=IFCDIRECTION((0.,0.,-1.));
#15395=IFCEXTRUDEDAREASOLID(#15396,#15401,#15405,0.040000000968575478);
#15396=IFCARBITRARYPROFILEDEFWITHVOIDS(.AREA.,$,#15397,(#15399));
#15397=IFCINDEXEDPOLYCURVE(#15398,(IFCLINEINDEX((1,2,3,4,1))),$);
#15398=IFCCARTESIANPOINTLIST2D(((0.,0.),(0.57393056154251099,0.),(0.57393056154251099,0.89999997615814209),(0.,0.89999997615814209)));
#15399=IFCINDEXEDPOLYCURVE(#15400,(IFCLINEINDEX((1,2,3,4,1))),$);
#15400=IFCCARTESIANPOINTLIST2D(((0.05000000074505806,0.05000000074505806),(0.54893056116998196,0.05000000074505806),(0.54893056116998196,0.84999997541308403),(0.05000000074505806,0.84999997541308403)));
#15401=IFCAXIS2PLACEMENT3D(#15402,#15403,#15404);
#15402=IFCCARTESIANPOINT((0.,0.05000000074505806,0.));
#15403=IFCDIRECTION((0.,-1.,0.));
#15404=IFCDIRECTION((1.,0.,0.));
#15405=IFCDIRECTION((0.,0.,-1.));
#15406=IFCEXTRUDEDAREASOLID(#15407,#15412,#15416,0.035000000149011612);
#15407=IFCARBITRARYPROFILEDEFWITHVOIDS(.AREA.,$,#15408,(#15410));
#15408=IFCINDEXEDPOLYCURVE(#15409,(IFCLINEINDEX((1,2,3,4,1))),$);
#15409=IFCCARTESIANPOINTLIST2D(((0.,0.),(0.54893056116998196,0.),(0.54893056116998196,0.84999997541308403),(0.,0.84999997541308403)));
#15410=IFCINDEXEDPOLYCURVE(#15411,(IFCLINEINDEX((1,2,3,4,1))),$);
#15411=IFCCARTESIANPOINTLIST2D(((0.035000000149011612,0.035000000149011612),(0.51393056102097034,0.035000000149011612),(0.51393056102097034,0.81499997526407242),(0.035000000149011612,0.81499997526407242)));
#15412=IFCAXIS2PLACEMENT3D(#15413,#15414,#15415);
#15413=IFCCARTESIANPOINT((0.02500000037252903,0.090000001713633537,0.02500000037252903));
#15414=IFCDIRECTION((0.,-1.,0.));
#15415=IFCDIRECTION((1.,0.,0.));
#15416=IFCDIRECTION((0.,0.,-1.));
#15417=IFCEXTRUDEDAREASOLID(#15418,#15421,#15425,0.01);
#15418=IFCARBITRARYCLOSEDPROFILEDEF(.AREA.,$,#15419);
#15419=IFCINDEXEDPOLYCURVE(#15420,(IFCLINEINDEX((1,2,3,4,1))),$);
#15420=IFCCARTESIANPOINTLIST2D(((0.035000000149011612,0.035000000149011612),(0.51393056102097034,0.035000000149011612),(0.51393056102097034,0.81499997526407242),(0.035000000149011612,0.81499997526407242)));
#15421=IFCAXIS2PLACEMENT3D(#15422,#15423,#15424);
#15422=IFCCARTESIANPOINT((0.02500000037252903,0.10250000178813934,0.02500000037252903));
#15423=IFCDIRECTION((0.,-1.,0.));
#15424=IFCDIRECTION((1.,0.,0.));
#15425=IFCDIRECTION((0.,0.,-1.));
#15426=IFCEXTRUDEDAREASOLID(#15427,#15430,#15434,0.0099999997764825821);
#15427=IFCARBITRARYCLOSEDPROFILEDEF(.AREA.,$,#15428);
#15428=IFCINDEXEDPOLYCURVE(#15429,(IFCLINEINDEX((1,2,3,4,5,6,7,8,1))),$);
#15429=IFCCARTESIANPOINTLIST2D(((0.,0.89999997615814209),(0.5733293890953064,0.89999997615814209),(0.5733293890953064,0.),(0.,0.),(0.,0.02500000037252903),(0.54832938872277737,0.02500000037252903),(0.54832938872277737,0.87499997578561306),(0.,0.87499997578561306)));
#15430=IFCAXIS2PLACEMENT3D(#15431,#15432,#15433);
#15431=IFCCARTESIANPOINT((0.57393056154251099,0.090000001713633537,0.));
#15432=IFCDIRECTION((0.,-1.,0.));
#15433=IFCDIRECTION((1.,0.,0.));
#15434=IFCDIRECTION((0.,0.,-1.));
#15435=IFCEXTRUDEDAREASOLID(#15436,#15441,#15445,0.040000000968575478);
#15436=IFCARBITRARYPROFILEDEFWITHVOIDS(.AREA.,$,#15437,(#15439));
#15437=IFCINDEXEDPOLYCURVE(#15438,(IFCLINEINDEX((1,2,3,4,1))),$);
#15438=IFCCARTESIANPOINTLIST2D(((0.,0.),(0.5733293890953064,0.),(0.5733293890953064,0.89999997615814209),(0.,0.89999997615814209)));
#15439=IFCINDEXEDPOLYCURVE(#15440,(IFCLINEINDEX((1,2,3,4,1))),$);
#15440=IFCCARTESIANPOINTLIST2D(((0.02500000037252903,0.05000000074505806),(0.52332938835024834,0.05000000074505806),(0.52332938835024834,0.84999997541308403),(0.02500000037252903,0.84999997541308403)));
#15441=IFCAXIS2PLACEMENT3D(#15442,#15443,#15444);
#15442=IFCCARTESIANPOINT((0.57393056154251099,0.05000000074505806,0.));
#15443=IFCDIRECTION((0.,-1.,0.));
#15444=IFCDIRECTION((1.,0.,0.));
#15445=IFCDIRECTION((0.,0.,-1.));
#15446=IFCEXTRUDEDAREASOLID(#15447,#15452,#15456,0.035000000149011612);
#15447=IFCARBITRARYPROFILEDEFWITHVOIDS(.AREA.,$,#15448,(#15450));
#15448=IFCINDEXEDPOLYCURVE(#15449,(IFCLINEINDEX((1,2,3,4,1))),$);
#15449=IFCCARTESIANPOINTLIST2D(((0.,0.),(0.54832938872277737,0.),(0.54832938872277737,0.84999997541308403),(0.,0.84999997541308403)));
#15450=IFCINDEXEDPOLYCURVE(#15451,(IFCLINEINDEX((1,2,3,4,1))),$);
#15451=IFCCARTESIANPOINTLIST2D(((0.035000000149011612,0.035000000149011612),(0.51332938857376575,0.035000000149011612),(0.51332938857376575,0.81499997526407242),(0.035000000149011612,0.81499997526407242)));
#15452=IFCAXIS2PLACEMENT3D(#15453,#15454,#15455);
#15453=IFCCARTESIANPOINT((0.57393056154251099,0.090000001713633537,0.02500000037252903));
#15454=IFCDIRECTION((0.,-1.,0.));
#15455=IFCDIRECTION((1.,0.,0.));
#15456=IFCDIRECTION((0.,0.,-1.));
#15457=IFCEXTRUDEDAREASOLID(#15458,#15461,#15465,0.01);
#15458=IFCARBITRARYCLOSEDPROFILEDEF(.AREA.,$,#15459);
#15459=IFCINDEXEDPOLYCURVE(#15460,(IFCLINEINDEX((1,2,3,4,1))),$);
#15460=IFCCARTESIANPOINTLIST2D(((0.035000000149011612,0.035000000149011612),(0.51332938857376575,0.035000000149011612),(0.51332938857376575,0.81499997526407242),(0.035000000149011612,0.81499997526407242)));
#15461=IFCAXIS2PLACEMENT3D(#15462,#15463,#15464);
#15462=IFCCARTESIANPOINT((0.57393056154251099,0.10250000178813934,0.02500000037252903));
#15463=IFCDIRECTION((0.,-1.,0.));
#15464=IFCDIRECTION((1.,0.,0.));
#15465=IFCDIRECTION((0.,0.,-1.));
#15466=IFCREPRESENTATIONMAP(#15467,#15471);
#15467=IFCAXIS2PLACEMENT3D(#15468,#15469,#15470);
#15468=IFCCARTESIANPOINT((0.,0.,0.));
#15469=IFCDIRECTION((0.,0.,1.));
#15470=IFCDIRECTION((1.,0.,0.));
#15471=IFCSHAPEREPRESENTATION(#24,'Body','Curve2D',(#15472,#15474,#15476,#15478,#15480,#15482,#15484,#15486,#15488,#15490,#15492,#15494,#15496,#15498,#15500,#15502));
#15472=IFCINDEXEDPOLYCURVE(#15473,$,$);
#15473=IFCCARTESIANPOINTLIST2D(((0.05000000074505806,0.05000000074505806),(0.54893056116998196,0.05000000074505806)));
#15474=IFCINDEXEDPOLYCURVE(#15475,(IFCLINEINDEX((1,2,3,4,5,6,1))),$);
#15475=IFCCARTESIANPOINTLIST2D(((0.,0.10000000149011612),(0.02500000037252903,0.10000000149011612),(0.02500000037252903,0.090000001713633537),(0.05000000074505806,0.090000001713633537),(0.05000000074505806,0.05000000074505806),(0.,0.05000000074505806)));
#15476=IFCINDEXEDPOLYCURVE(#15477,$,$);
#15477=IFCCARTESIANPOINTLIST2D(((0.57393056154251099,0.10000000149011612),(0.57393056154251099,0.10000000149011612),(0.57393056154251099,0.090000001713633537),(0.54893056116998196,0.090000001713633537),(0.54893056116998196,0.05000000074505806),(0.57393056154251099,0.05000000074505806)));
#15478=IFCINDEXEDPOLYCURVE(#15479,(IFCLINEINDEX((1,2,3,4,1))),$);
#15479=IFCCARTESIANPOINTLIST2D(((0.02500000037252903,0.090000001713633537),(0.060000000521540642,0.090000001713633537),(0.060000000521540642,0.12500000186264515),(0.02500000037252903,0.12500000186264515)));
#15480=IFCINDEXEDPOLYCURVE(#15481,(IFCLINEINDEX((1,2,3,4,1))),$);
#15481=IFCCARTESIANPOINTLIST2D(((0.57393056154251099,0.090000001713633537),(0.53893056139349937,0.090000001713633537),(0.53893056139349937,0.12500000186264515),(0.57393056154251099,0.12500000186264515)));
#15482=IFCINDEXEDPOLYCURVE(#15483,$,$);
#15483=IFCCARTESIANPOINTLIST2D(((0.060000000521540642,0.090000001713633537),(0.53893056139349937,0.090000001713633537)));
#15484=IFCINDEXEDPOLYCURVE(#15485,$,$);
#15485=IFCCARTESIANPOINTLIST2D(((0.060000000521540642,0.12500000186264515),(0.53893056139349937,0.12500000186264515)));
#15486=IFCINDEXEDPOLYCURVE(#15487,$,$);
#15487=IFCCARTESIANPOINTLIST2D(((0.060000000521540642,0.10750000178813934),(0.53893056139349937,0.10750000178813934)));
#15488=IFCINDEXEDPOLYCURVE(#15489,$,$);
#15489=IFCCARTESIANPOINTLIST2D(((0.59893056191504002,0.05000000074505806),(1.0972599498927593,0.05000000074505806)));
#15490=IFCINDEXEDPOLYCURVE(#15491,$,$);
#15491=IFCCARTESIANPOINTLIST2D(((0.57393056154251099,0.10000000149011612),(0.57393056154251099,0.10000000149011612),(0.57393056154251099,0.090000001713633537),(0.59893056191504002,0.090000001713633537),(0.59893056191504002,0.05000000074505806),(0.57393056154251099,0.05000000074505806)));
#15492=IFCINDEXEDPOLYCURVE(#15493,(IFCLINEINDEX((1,2,3,4,5,6,1))),$);
#15493=IFCCARTESIANPOINTLIST2D(((1.1472599506378174,0.10000000149011612),(1.1222599502652884,0.10000000149011612),(1.1222599502652884,0.090000001713633537),(1.0972599498927593,0.090000001713633537),(1.0972599498927593,0.05000000074505806),(1.1472599506378174,0.05000000074505806)));
#15494=IFCINDEXEDPOLYCURVE(#15495,(IFCLINEINDEX((1,2,3,4,1))),$);
#15495=IFCCARTESIANPOINTLIST2D(((0.57393056154251099,0.090000001713633537),(0.6089305616915226,0.090000001713633537),(0.6089305616915226,0.12500000186264515),(0.57393056154251099,0.12500000186264515)));
#15496=IFCINDEXEDPOLYCURVE(#15497,(IFCLINEINDEX((1,2,3,4,1))),$);
#15497=IFCCARTESIANPOINTLIST2D(((1.1222599502652884,0.090000001713633537),(1.0872599501162767,0.090000001713633537),(1.0872599501162767,0.12500000186264515),(1.1222599502652884,0.12500000186264515)));
#15498=IFCINDEXEDPOLYCURVE(#15499,$,$);
#15499=IFCCARTESIANPOINTLIST2D(((0.6089305616915226,0.090000001713633537),(1.0872599501162767,0.090000001713633537)));
#15500=IFCINDEXEDPOLYCURVE(#15501,$,$);
#15501=IFCCARTESIANPOINTLIST2D(((0.6089305616915226,0.12500000186264515),(1.0872599501162767,0.12500000186264515)));
#15502=IFCINDEXEDPOLYCURVE(#15503,$,$);
#15503=IFCCARTESIANPOINTLIST2D(((0.6089305616915226,0.10750000178813934),(1.0872599501162767,0.10750000178813934)));
#15553=IFCWINDOW('1BQi3NQiX9AguJ2laa8dPG',$,'Window',$,$,#15637,#15562,$,0.89999997615814209,1.1472599506378174,$,$,$);
#15554=IFCRELDEFINESBYTYPE('2wk8ZEBP57ne3Bhr_ZQ93w',$,$,$,(#15553),#15369);
#15555=IFCCARTESIANPOINT((0.,0.,0.));
#15556=IFCDIRECTION((1.,0.,0.));
#15557=IFCDIRECTION((0.,1.,0.));
#15558=IFCDIRECTION((0.,0.,1.));
#15559=IFCCARTESIANTRANSFORMATIONOPERATOR3D(#15556,#15557,#15555,1.,#15558);
#15560=IFCMAPPEDITEM(#15372,#15559);
#15561=IFCSHAPEREPRESENTATION(#18,'Profile','MappedRepresentation',(#15560));
#15562=IFCPRODUCTDEFINITIONSHAPE($,$,(#15561,#15569,#15576));
#15563=IFCCARTESIANPOINT((0.,0.,0.));
#15564=IFCDIRECTION((1.,0.,0.));
#15565=IFCDIRECTION((0.,1.,0.));
#15566=IFCDIRECTION((0.,0.,1.));
#15567=IFCCARTESIANTRANSFORMATIONOPERATOR3D(#15564,#15565,#15563,1.,#15566);
#15568=IFCMAPPEDITEM(#15380,#15567);
#15569=IFCSHAPEREPRESENTATION(#11,'Body','MappedRepresentation',(#15568));
#15570=IFCCARTESIANPOINT((0.,0.,0.));
#15571=IFCDIRECTION((1.,0.,0.));
#15572=IFCDIRECTION((0.,1.,0.));
#15573=IFCDIRECTION((0.,0.,1.));
#15574=IFCCARTESIANTRANSFORMATIONOPERATOR3D(#15571,#15572,#15570,1.,#15573);
#15575=IFCMAPPEDITEM(#15466,#15574);
#15576=IFCSHAPEREPRESENTATION(#24,'Body','MappedRepresentation',(#15575));
#15577=IFCOPENINGELEMENT('1VTybqCij6Pe7T$UaOK6GN',$,'Opening',$,$,#15627,#15605,$,.OPENING.);
#15583=IFCCARTESIANPOINTLIST2D(((0.,0.),(1.1472599506378174,0.),(1.1472599506378174,0.89999997615814209),(0.,0.89999997615814209)));
#15584=IFCINDEXEDPOLYCURVE(#15583,(IFCLINEINDEX((1,2,3,4,1))),$);
#15585=IFCARBITRARYCLOSEDPROFILEDEF(.AREA.,$,#15584);
#15586=IFCCARTESIANPOINT((0.,-0.60000002384185791,0.));
#15587=IFCDIRECTION((0.,-1.,0.));
#15588=IFCDIRECTION((1.,0.,0.));
#15589=IFCAXIS2PLACEMENT3D(#15586,#15587,#15588);
#15590=IFCDIRECTION((0.,0.,-1.));
#15591=IFCEXTRUDEDAREASOLID(#15585,#15589,#15590,1.2);
#15592=IFCSHAPEREPRESENTATION(#11,'Body','SweptSolid',(#15591));
#15593=IFCCARTESIANPOINT((0.,0.,0.));
#15594=IFCDIRECTION((1.,0.,0.));
#15595=IFCDIRECTION((0.,0.,1.));
#15596=IFCAXIS2PLACEMENT3D(#15593,#15595,#15594);
#15597=IFCREPRESENTATIONMAP(#15596,#15592);
#15598=IFCCARTESIANPOINT((0.,0.,0.));
#15599=IFCDIRECTION((1.,0.,0.));
#15600=IFCDIRECTION((0.,1.,0.));
#15601=IFCDIRECTION((0.,0.,1.));
#15602=IFCCARTESIANTRANSFORMATIONOPERATOR3D(#15599,#15600,#15598,1.,#15601);
#15603=IFCMAPPEDITEM(#15597,#15602);
#15604=IFCSHAPEREPRESENTATION(#11,'Body','MappedRepresentation',(#15603));
#15605=IFCPRODUCTDEFINITIONSHAPE($,$,(#15604));
#15606=IFCRELVOIDSELEMENT('3WxpZWiI9DuBIz8lOJvMwn',$,$,$,#10124,#15577);
#15612=IFCRELFILLSELEMENT('11oY37fM51uuNAGokmD5xJ',$,$,$,#15577,#15553);
#15623=IFCCARTESIANPOINT((0.51973597606155408,2.384185791015625E-07,1.));
#15624=IFCDIRECTION((0.,0.,1.));
#15625=IFCDIRECTION((0.99999999999997158,-2.3841857910155572E-07,0.));
#15626=IFCAXIS2PLACEMENT3D(#15623,#15624,#15625);
#15627=IFCLOCALPLACEMENT(#18224,#15626);
#15633=IFCCARTESIANPOINT((0.,0.,0.));
#15634=IFCDIRECTION((0.,0.,1.));
#15635=IFCDIRECTION((1.,0.,0.));
#15636=IFCAXIS2PLACEMENT3D(#15633,#15634,#15635);
#15637=IFCLOCALPLACEMENT(#15627,#15636);
#15638=IFCINDEXEDPOLYGONALFACE((16,19,18,17));
#15639=IFCINDEXEDPOLYGONALFACE((20,23,22,21));
#15640=IFCINDEXEDPOLYGONALFACE((5,11,10,4,8,9));
#15641=IFCINDEXEDPOLYGONALFACE((7,15,14,6,12,13));
#15642=IFCINDEXEDPOLYGONALFACE((11,16,17,10));
#15643=IFCINDEXEDPOLYGONALFACE((8,18,19,9));
#15644=IFCINDEXEDPOLYGONALFACE((13,23,20,15,7));
#15645=IFCINDEXEDPOLYGONALFACE((5,9,19,16,11));
#15646=IFCINDEXEDPOLYGONALFACE((12,22,23,13));
#15647=IFCINDEXEDPOLYGONALFACE((14,21,22,12,6));
#15648=IFCINDEXEDPOLYGONALFACE((15,20,21,14));
#15649=IFCINDEXEDPOLYGONALFACE((4,10,17,18,8));
#15650=IFCCARTESIANPOINTLIST3D(((-0.98707318305969238,-0.025002479553222656,0.),(-0.89767336845397949,-0.024984359741210938,0.00023555755615234375),(0.22751402854919434,-0.024756908416748047,0.00023555755615234375),(-0.96207320690155029,-0.024997413158416748,6.5871936385519803E-05),(-0.92267340421676636,-0.024989427998661995,0.00016968561976682395),(-0.8726733922958374,-0.024979306384921074,0.00023555755615234375),(0.20251402258872986,-0.02476196177303791,0.00023555755615234375),(-0.9620782732963562,2.5872141122817993E-06,6.5871936385519803E-05),(-0.92267847061157227,1.0572373867034912E-05,0.00016968561976682395),(-0.96206814050674438,-0.049997411668300629,6.5871936385519803E-05),(-0.92266833782196045,-0.049989428371191025,0.00016968561976682395),(-0.87267845869064331,2.0693987607955933E-05,0.00023555755615234375),(0.20250897109508514,0.00023803859949111938,0.00023555755615234375),(-0.87266832590103149,-0.049979306757450104,0.00023555755615234375),(0.20251907408237457,-0.04976196214556694,0.00023555755615234375),(-0.92266833782196045,-0.049989428371191025,1.0001696348190308),(-0.96206814050674438,-0.049997411668300629,1.0000659227371216),(-0.9620782732963562,2.5872141122817993E-06,1.0000659227371216),(-0.92267847061157227,1.0572373867034912E-05,1.0001696348190308),(0.20251907408237457,-0.04976196214556694,1.0002355575561523),(-0.87266832590103149,-0.049979306757450104,1.0002355575561523),(-0.87267845869064331,2.0693987607955933E-05,1.0002355575561523),(0.20250897109508514,0.00023803859949111938,1.0002355575561523)));
#15651=IFCPOLYGONALFACESET(#15650,.F.,(#15638,#15639,#15640,#15641,#15642,#15643,#15644,#15645,#15646,#15647,#15648,#15649),$);
#15652=IFCSHAPEREPRESENTATION(#11,'Body','Tessellation',(#15651));
#15654=IFCCARTESIANPOINT((-0.98707318305969238,-0.049997411668300629,0.));
#15655=IFCBOUNDINGBOX(#15654,1.2145872116088867,0.050235450267791748,1.0002355575561523);
#15656=IFCSHAPEREPRESENTATION(#13,'Box','BoundingBox',(#15655));
#15657=IFCCARTESIANPOINT((0.,0.,0.));
#15658=IFCDIRECTION((1.,0.,0.));
#15659=IFCDIRECTION((0.,0.,1.));
#15660=IFCAXIS2PLACEMENT3D(#15657,#15659,#15658);
#15661=IFCREPRESENTATIONMAP(#15660,#15656);
#15662=IFCCARTESIANPOINT((0.,0.,0.));
#15663=IFCDIRECTION((1.,0.,0.));
#15664=IFCDIRECTION((0.,1.,0.));
#15665=IFCDIRECTION((0.,0.,1.));
#15666=IFCCARTESIANTRANSFORMATIONOPERATOR3D(#15663,#15664,#15662,1.,#15665);
#15667=IFCMAPPEDITEM(#15661,#15666);
#15668=IFCSHAPEREPRESENTATION(#13,'Box','MappedRepresentation',(#15667));
#15734=IFCSLAB('25svVnyt19cxDCriuXkG5h',$,'Slab',$,$,#15893,#15748,$,$);
#15735=IFCMATERIALLAYERSETUSAGE(#12909,.AXIS3.,.POSITIVE.,-1.7999999523162842,$);
#15736=IFCRELASSOCIATESMATERIAL('0hLaA6Ni9FKukUp2PD7$3f',$,$,$,(#15734),#15735);
#15742=IFCCARTESIANPOINTLIST2D(((0.,0.),(1.4890240430831909,0.0010879039764404297),(1.4890240430831909,0.79969620704650879),(9.6559524536132812E-06,0.79969596862792969),(0.,0.)));
#15743=IFCINDEXEDPOLYCURVE(#15742,$,$);
#15744=IFCDIRECTION((0.,0.,1.));
#15745=IFCARBITRARYCLOSEDPROFILEDEF(.AREA.,$,#15743);
#15746=IFCEXTRUDEDAREASOLID(#15745,#15755,#15744,1.7999999523162842);
#15747=IFCSHAPEREPRESENTATION(#11,'Body','SweptSolid',(#15746));
#15748=IFCPRODUCTDEFINITIONSHAPE($,$,(#15747));
#15749=IFCPROPERTYSET('26tPnckxv4Rf$OVBCGhZdM',$,'EPset_Parametric',$,(#15751));
#15750=IFCRELDEFINESBYPROPERTIES('3D0HdGgA99pvgivSszrPuj',$,$,$,(#15734),#15749);
#15751=IFCPROPERTYSINGLEVALUE('Engine',$,IFCLABEL('Bonsai.DumbLayer3'),$);
#15752=IFCCARTESIANPOINT((-0.,-0.,-1.7999999523162842));
#15753=IFCDIRECTION((0.,0.,1.));
#15754=IFCDIRECTION((1.,0.,0.));
#15755=IFCAXIS2PLACEMENT3D(#15752,#15753,#15754);
#15777=IFCSTAIRFLIGHTTYPE('1ExLoYwFT6tuUnpeIL6myp',$,'STAIR-2',$,$,(#15778,#15780),(#15786,#16511),$,$,.STRAIGHT.);
#15778=IFCPROPERTYSET('1RdymaG8r7ie3AjGU9w9RC',$,'BBIM_Stair',$,(#15779));
#15779=IFCPROPERTYSINGLEVALUE('Data',$,IFCTEXT('{"stair_type": "GENERIC", "width": 0.8088746070861816, "height": 1.2000000476837158, "number_of_treads": 7, "tread_run": 0.18629880249500275, "nosing_length": 0.0, "nosing_depth": 0.0, "custom_first_last_tread_run": [null, null], "custom_tread_lock": true}'),$);
#15780=IFCPROPERTYSET('0SkSG_NWL2VQbU_0xCc3Pi',$,'Pset_StairFlightCommon',$,(#15781,#15782,#15783,#15784,#15785));
#15781=IFCPROPERTYSINGLEVALUE('NumberOfRiser',$,IFCCOUNTMEASURE(8.),$);
#15782=IFCPROPERTYSINGLEVALUE('NumberOfTreads',$,IFCCOUNTMEASURE(7.),$);
#15783=IFCPROPERTYSINGLEVALUE('RiserHeight',$,IFCPOSITIVELENGTHMEASURE(0.15000000596046448),$);
#15784=IFCPROPERTYSINGLEVALUE('TreadLength',$,IFCPOSITIVELENGTHMEASURE(0.25),$);
#15785=IFCPROPERTYSINGLEVALUE('NosingLength',$,IFCLENGTHMEASURE(0.),$);
#15786=IFCREPRESENTATIONMAP(#15787,#16502);
#15787=IFCAXIS2PLACEMENT3D(#15788,#15789,#15790);
#15788=IFCCARTESIANPOINT((0.,0.,0.));
#15789=IFCDIRECTION((0.,0.,1.));
#15790=IFCDIRECTION((1.,0.,0.));
#15822=IFCSTAIRFLIGHT('37qfFY0qX5YuxnUSP6qWFM',$,'StairFlight',$,$,#15903,#15831,$,8,7,0.15000000596046448,0.25,.STRAIGHT.);
#15823=IFCRELDEFINESBYTYPE('02PgKrPivCiRpC9kmVdM5P',$,$,$,(#15822),#15777);
#15824=IFCCARTESIANPOINT((0.,0.,0.));
#15825=IFCDIRECTION((1.,0.,0.));
#15826=IFCDIRECTION((0.,1.,0.));
#15827=IFCDIRECTION((0.,0.,1.));
#15828=IFCCARTESIANTRANSFORMATIONOPERATOR3D(#15825,#15826,#15824,1.,#15827);
#15829=IFCMAPPEDITEM(#15786,#15828);
#15830=IFCSHAPEREPRESENTATION(#11,'Body','MappedRepresentation',(#15829));
#15831=IFCPRODUCTDEFINITIONSHAPE($,$,(#15830,#16518));
#15844=IFCCARTESIANPOINTLIST2D(((0.80267834663391113,0.80310904979705811),(0.8026115894317627,-0.80546170473098755),(0.,-0.80546176433563232),(0.,0.80310904979705811),(0.80267834663391113,0.80310904979705811)));
#15845=IFCINDEXEDPOLYCURVE(#15844,$,$);
#15846=IFCARBITRARYCLOSEDPROFILEDEF(.AREA.,$,#15845);
#15857=IFCCOVERINGTYPE('2QfSOtJWv5YwYHsVKxuVZd',$,'FL-2-2F',$,$,(#15858),$,$,$,.FLOORING.);
#15858=IFCPROPERTYSET('0zypyG6qr1GQ6f4BRlKReC',$,'EPset_Parametric',$,(#15859));
#15859=IFCPROPERTYSINGLEVALUE('LayerSetDirection',$,IFCLABEL('AXIS3'),$);
#15860=IFCRELASSOCIATESMATERIAL('3YcHUDsGf9u91xz$5zHuh_',$,$,$,(#15857),#15861);
#15861=IFCMATERIALLAYERSET((#15862,#15863),$,$);
#15862=IFCMATERIALLAYER(#12764,0.070000000298023224,$,$,$,$,$);
#15863=IFCMATERIALLAYER(#12765,0.029999999329447746,$,$,$,$,$);
#15864=IFCCOVERING('0x4Wb50GnFaeQT8Kj8gnWm',$,'Covering',$,$,#18259,#15878,$,$);
#15865=IFCRELDEFINESBYTYPE('38Pjl516TAoPD6$kl74dYZ',$,$,$,(#15864),#15857);
#15866=IFCMATERIALLAYERSETUSAGE(#15861,.AXIS3.,.POSITIVE.,0.,$);
#15867=IFCRELASSOCIATESMATERIAL('07TpY1IuL9pvyFqCunXI2C',$,$,$,(#15864),#15866);
#15868=IFCCARTESIANPOINTLIST2D(((3.3537981510162354,3.6728558540344238),(3.3537981510162354,-0.67914402484893799),(3.3537981510162354,-0.72914403676986694),(-0.44620200991630554,-0.72914403676986694),(-0.44620200991630554,-0.67914402484893799),(-0.44620200991630554,3.6728558540344238),(-0.39620202779769897,3.6728558540344238)));
#15869=IFCINDEXEDPOLYCURVE(#15868,(IFCLINEINDEX((1,2,3,4,5,6,7,1))),$);
#15870=IFCARBITRARYCLOSEDPROFILEDEF(.AREA.,$,#15869);
#15871=IFCCARTESIANPOINT((0.,0.,0.));
#15872=IFCDIRECTION((0.,0.,1.));
#15873=IFCDIRECTION((1.,0.,0.));
#15874=IFCAXIS2PLACEMENT3D(#15871,#15872,#15873);
#15875=IFCDIRECTION((0.,0.,1.));
#15876=IFCEXTRUDEDAREASOLID(#15870,#15874,#15875,0.09999999962747097);
#15877=IFCSHAPEREPRESENTATION(#11,'Body','SweptSolid',(#15876));
#15878=IFCPRODUCTDEFINITIONSHAPE($,$,(#15877));
#15884=IFCCARTESIANPOINT((3.3131721019744873,1.4384093284606934,0.20000004768371582));
#15885=IFCDIRECTION((0.,0.,1.));
#15886=IFCDIRECTION((1.,0.,0.));
#15887=IFCAXIS2PLACEMENT3D(#15884,#15885,#15886);
#15888=IFCLOCALPLACEMENT(#164,#15887);
#15889=IFCCARTESIANPOINT((1.8241480588912964,1.4418221712112427,1.9000000953674316));
#15890=IFCDIRECTION((0.,0.,1.));
#15891=IFCDIRECTION((1.,0.,0.));
#15892=IFCAXIS2PLACEMENT3D(#15889,#15890,#15891);
#15893=IFCLOCALPLACEMENT(#164,#15892);
#15894=IFCCARTESIANPOINT((1.8241480588912964,0.63294756412506104,0.099999994039535522));
#15895=IFCDIRECTION((0.,0.,1.));
#15896=IFCDIRECTION((1.,0.,0.));
#15897=IFCAXIS2PLACEMENT3D(#15894,#15895,#15896);
#15898=IFCLOCALPLACEMENT(#164,#15897);
#15899=IFCCARTESIANPOINT((3.3131721019744873,2.2438712120056152,1.8999999761581421));
#15900=IFCDIRECTION((0.,0.,1.));
#15901=IFCDIRECTION((-0.99999999999994693,-3.2584136988587576E-07,0.));
#15902=IFCAXIS2PLACEMENT3D(#15899,#15900,#15901);
#15903=IFCLOCALPLACEMENT(#164,#15902);
#16003=IFCINDEXEDPOLYGONALFACE((2,1,18,17,16,15,14,13,12,11,10,9,8,7,6,5,4,3));
#16004=IFCINDEXEDPOLYGONALFACE((19,20,21,22,23,24,25,26,27,28,29,30,31,32,33,34,35,36));
#16005=IFCINDEXEDPOLYGONALFACE((5,6,23,22));
#16006=IFCINDEXEDPOLYGONALFACE((13,14,31,30));
#16007=IFCINDEXEDPOLYGONALFACE((6,7,24,23));
#16008=IFCINDEXEDPOLYGONALFACE((14,15,32,31));
#16009=IFCINDEXEDPOLYGONALFACE((7,8,25,24));
#16010=IFCINDEXEDPOLYGONALFACE((15,16,33,32));
#16011=IFCINDEXEDPOLYGONALFACE((8,9,26,25));
#16012=IFCINDEXEDPOLYGONALFACE((1,2,19,36));
#16013=IFCINDEXEDPOLYGONALFACE((16,17,34,33));
#16014=IFCINDEXEDPOLYGONALFACE((9,10,27,26));
#16015=IFCINDEXEDPOLYGONALFACE((2,3,20,19));
#16016=IFCINDEXEDPOLYGONALFACE((17,18,35,34));
#16017=IFCINDEXEDPOLYGONALFACE((10,11,28,27));
#16018=IFCINDEXEDPOLYGONALFACE((3,4,21,20));
#16019=IFCINDEXEDPOLYGONALFACE((18,1,36,35));
#16020=IFCINDEXEDPOLYGONALFACE((11,12,29,28));
#16021=IFCINDEXEDPOLYGONALFACE((4,5,22,21));
#16022=IFCINDEXEDPOLYGONALFACE((12,13,30,29));
#16023=IFCCARTESIANPOINTLIST3D(((0.,0.,0.),(0.,0.,0.22499999403953552),(0.18612799048423767,0.,0.22499999403953552),(0.18612799048423767,0.,0.44999998807907104),(0.37225598096847534,0.,0.44999998807907104),(0.37225598096847534,0.,0.67499995231628418),(0.55838394165039062,0.,0.67499995231628418),(0.55838394165039062,0.,0.89999997615814209),(0.74451196193695068,0.,0.89999997615814209),(0.74451196193695068,0.,1.125),(0.93063998222351074,0.,1.125),(0.93063998222351074,0.,1.3500000238418579),(1.1167680025100708,0.,1.3500000238418579),(1.1167680025100708,0.,1.5750000476837158),(1.3028960227966309,0.,1.5750000476837158),(1.3028960227966309,0.,1.8000000715255737),(1.4890240430831909,0.,1.8000000715255737),(1.4890240430831909,0.,0.),(0.,0.80887460708618164,0.22499999403953552),(0.18612799048423767,0.80887460708618164,0.22499999403953552),(0.18612799048423767,0.80887460708618164,0.44999998807907104),(0.37225598096847534,0.80887460708618164,0.44999998807907104),(0.37225598096847534,0.80887460708618164,0.67499995231628418),(0.55838394165039062,0.80887460708618164,0.67499995231628418),(0.55838394165039062,0.80887460708618164,0.89999997615814209),(0.74451196193695068,0.80887460708618164,0.89999997615814209),(0.74451196193695068,0.80887460708618164,1.125),(0.93063998222351074,0.80887460708618164,1.125),(0.93063998222351074,0.80887460708618164,1.3500000238418579),(1.1167680025100708,0.80887460708618164,1.3500000238418579),(1.1167680025100708,0.80887460708618164,1.5750000476837158),(1.3028960227966309,0.80887460708618164,1.5750000476837158),(1.3028960227966309,0.80887460708618164,1.8000000715255737),(1.4890240430831909,0.80887460708618164,1.8000000715255737),(1.4890240430831909,0.80887460708618164,0.),(0.,0.80887460708618164,0.)));
#16024=IFCPOLYGONALFACESET(#16023,.T.,(#16003,#16004,#16005,#16006,#16007,#16008,#16009,#16010,#16011,#16012,#16013,#16014,#16015,#16016,#16017,#16018,#16019,#16020,#16021,#16022),$);
#16025=IFCSHAPEREPRESENTATION(#11,'Body','Tessellation',(#16024));
#16027=IFCCARTESIANPOINT((0.,0.,0.));
#16028=IFCBOUNDINGBOX(#16027,1.4890240430831909,0.80887460708618164,1.8000000715255737);
#16029=IFCSHAPEREPRESENTATION(#13,'Box','BoundingBox',(#16028));
#16030=IFCCARTESIANPOINT((0.,0.,0.));
#16031=IFCDIRECTION((1.,0.,0.));
#16032=IFCDIRECTION((0.,0.,1.));
#16033=IFCAXIS2PLACEMENT3D(#16030,#16032,#16031);
#16034=IFCREPRESENTATIONMAP(#16033,#16029);
#16035=IFCCARTESIANPOINT((0.,0.,0.));
#16036=IFCDIRECTION((1.,0.,0.));
#16037=IFCDIRECTION((0.,1.,0.));
#16038=IFCDIRECTION((0.,0.,1.));
#16039=IFCCARTESIANTRANSFORMATIONOPERATOR3D(#16036,#16037,#16035,1.,#16038);
#16040=IFCMAPPEDITEM(#16034,#16039);
#16041=IFCSHAPEREPRESENTATION(#13,'Box','MappedRepresentation',(#16040));
#16083=IFCRAILINGTYPE('0BgpnRNdPBdvtfcnJ3yyTI',$,'STAIRS STEPS',$,$,(#16084,#16086),(#16088,#17769),$,$,.USERDEFINED.);
#16084=IFCPROPERTYSET('2ivl9sICf4gf19Gk1aiZ3E',$,'BBIM_Railing',$,(#16085));
#16085=IFCPROPERTYSINGLEVALUE('Data',$,IFCTEXT('{"railing_type": "FRAMELESS_PANEL", "height": 0.699999988079071, "thickness": 0.05000000074505806, "spacing": 0.05000000074505806, "path_data": {"edges": [[0, 1], [1, 2]], "verts": [[-0.09306395053863525, -0.4044373035430908, 2.375342607498169], [0.7445120811462402, -0.4044373035430908, 3.3878426551818848], [1.3959600925445557, -0.40443724393844604, 4.175342559814453]]}}'),$);
#16086=IFCPROPERTYSET('0cDZMPqHjBEB4Ldo8viXSu',$,'Pset_RailingCommon',$,(#16087));
#16087=IFCPROPERTYSINGLEVALUE('Height',$,IFCPOSITIVELENGTHMEASURE(0.69999998807907104),$);
#16088=IFCREPRESENTATIONMAP(#16089,#17760);
#16089=IFCAXIS2PLACEMENT3D(#16090,#16091,#16092);
#16090=IFCCARTESIANPOINT((0.,0.,0.));
#16091=IFCDIRECTION((0.,0.,1.));
#16092=IFCDIRECTION((1.,0.,0.));
#16480=IFCINDEXEDPOLYGONALFACE((2,1,18,17,16,15,14,13,12,11,10,9,8,7,6,5,4,3));
#16481=IFCINDEXEDPOLYGONALFACE((19,20,21,22,23,24,25,26,27,28,29,30,31,32,33,34,35,36));
#16482=IFCINDEXEDPOLYGONALFACE((9,10,27,26));
#16483=IFCINDEXEDPOLYGONALFACE((2,3,20,19));
#16484=IFCINDEXEDPOLYGONALFACE((17,18,35,34));
#16485=IFCINDEXEDPOLYGONALFACE((10,11,28,27));
#16486=IFCINDEXEDPOLYGONALFACE((3,4,21,20));
#16487=IFCINDEXEDPOLYGONALFACE((18,1,36,35));
#16488=IFCINDEXEDPOLYGONALFACE((11,12,29,28));
#16489=IFCINDEXEDPOLYGONALFACE((4,5,22,21));
#16490=IFCINDEXEDPOLYGONALFACE((12,13,30,29));
#16491=IFCINDEXEDPOLYGONALFACE((5,6,23,22));
#16492=IFCINDEXEDPOLYGONALFACE((13,14,31,30));
#16493=IFCINDEXEDPOLYGONALFACE((6,7,24,23));
#16494=IFCINDEXEDPOLYGONALFACE((14,15,32,31));
#16495=IFCINDEXEDPOLYGONALFACE((7,8,25,24));
#16496=IFCINDEXEDPOLYGONALFACE((15,16,33,32));
#16497=IFCINDEXEDPOLYGONALFACE((8,9,26,25));
#16498=IFCINDEXEDPOLYGONALFACE((1,2,19,36));
#16499=IFCINDEXEDPOLYGONALFACE((16,17,34,33));
#16500=IFCCARTESIANPOINTLIST3D(((0.,0.,0.),(0.,0.,0.15000000596046448),(0.18629880249500275,0.,0.15000000596046448),(0.18629880249500275,0.,0.30000001192092896),(0.37259760499000549,0.,0.30000001192092896),(0.37259760499000549,0.,0.45000001788139343),(0.55889642238616943,0.,0.45000001788139343),(0.55889642238616943,0.,0.60000002384185791),(0.74519520998001099,0.,0.60000002384185791),(0.74519520998001099,0.,0.75),(0.93149399757385254,0.,0.75),(0.93149399757385254,0.,0.89999997615814209),(1.1177928447723389,0.,0.89999997615814209),(1.1177928447723389,0.,1.0499999523162842),(1.3040916919708252,0.,1.0499999523162842),(1.3040916919708252,0.,1.1999999284744263),(1.4903905391693115,0.,1.1999999284744263),(1.4903905391693115,0.,0.),(0.,0.80887460708618164,0.15000000596046448),(0.18629880249500275,0.80887460708618164,0.15000000596046448),(0.18629880249500275,0.80887460708618164,0.30000001192092896),(0.37259760499000549,0.80887460708618164,0.30000001192092896),(0.37259760499000549,0.80887460708618164,0.45000001788139343),(0.55889642238616943,0.80887460708618164,0.45000001788139343),(0.55889642238616943,0.80887460708618164,0.60000002384185791),(0.74519520998001099,0.80887460708618164,0.60000002384185791),(0.74519520998001099,0.80887460708618164,0.75),(0.93149399757385254,0.80887460708618164,0.75),(0.93149399757385254,0.80887460708618164,0.89999997615814209),(1.1177928447723389,0.80887460708618164,0.89999997615814209),(1.1177928447723389,0.80887460708618164,1.0499999523162842),(1.3040916919708252,0.80887460708618164,1.0499999523162842),(1.3040916919708252,0.80887460708618164,1.1999999284744263),(1.4903905391693115,0.80887460708618164,1.1999999284744263),(1.4903905391693115,0.80887460708618164,0.),(0.,0.80887460708618164,0.)));
#16501=IFCPOLYGONALFACESET(#16500,.T.,(#16480,#16481,#16482,#16483,#16484,#16485,#16486,#16487,#16488,#16489,#16490,#16491,#16492,#16493,#16494,#16495,#16496,#16497,#16498,#16499),$);
#16502=IFCSHAPEREPRESENTATION(#11,'Body','Tessellation',(#16501));
#16504=IFCCARTESIANPOINT((0.,0.,0.));
#16505=IFCBOUNDINGBOX(#16504,1.4903905391693115,0.80887460708618164,1.1999999284744263);
#16506=IFCSHAPEREPRESENTATION(#13,'Box','BoundingBox',(#16505));
#16507=IFCCARTESIANPOINT((0.,0.,0.));
#16508=IFCDIRECTION((1.,0.,0.));
#16509=IFCDIRECTION((0.,0.,1.));
#16510=IFCAXIS2PLACEMENT3D(#16507,#16509,#16508);
#16511=IFCREPRESENTATIONMAP(#16510,#16506);
#16512=IFCCARTESIANPOINT((0.,0.,0.));
#16513=IFCDIRECTION((1.,0.,0.));
#16514=IFCDIRECTION((0.,1.,0.));
#16515=IFCDIRECTION((0.,0.,1.));
#16516=IFCCARTESIANTRANSFORMATIONOPERATOR3D(#16513,#16514,#16512,1.,#16515);
#16517=IFCMAPPEDITEM(#16511,#16516);
#16518=IFCSHAPEREPRESENTATION(#13,'Box','MappedRepresentation',(#16517));
#16675=IFCRAILINGTYPE('3QR8MeboP43RIxbaxfgKqq',$,'LANDING',$,$,(#16676,#16678),(#16680,#17013),$,$,.USERDEFINED.);
#16676=IFCPROPERTYSET('2TE5OV5mH1Bea7ATCZnRkG',$,'BBIM_Railing',$,(#16677));
#16677=IFCPROPERTYSINGLEVALUE('Data',$,IFCTEXT('{"railing_type": "FRAMELESS_PANEL", "height": 0.699999988079071, "thickness": 0.05000000074505806, "spacing": 0.05000000074505806, "path_data": {"edges": [[0, 1]], "verts": [[0.7695995569229126, -1.5782971382141113, 1.9774137735366821], [1.5729775428771973, -1.6001782417297363, 1.9774137735366821]]}}'),$);
#16678=IFCPROPERTYSET('2ntpgNpkTCvgrf2pNUxD$g',$,'Pset_RailingCommon',$,(#16679));
#16679=IFCPROPERTYSINGLEVALUE('Height',$,IFCPOSITIVELENGTHMEASURE(0.69999998807907104),$);
#16680=IFCREPRESENTATIONMAP(#16681,#17004);
#16681=IFCAXIS2PLACEMENT3D(#16682,#16683,#16684);
#16682=IFCCARTESIANPOINT((0.,0.,0.));
#16683=IFCDIRECTION((0.,0.,1.));
#16684=IFCDIRECTION((1.,0.,0.));
#16708=IFCRAILING('3XUphQPVH1rPRoo3nQh56y',$,'Railing',$,'FRAMELESS_PANEL',#16919,#16717,$,.USERDEFINED.);
#16709=IFCRELDEFINESBYTYPE('2qixXKC8n21OX7Cm_SqPjm',$,$,$,(#16708,#16920),#16675);
#16710=IFCCARTESIANPOINT((0.,0.,0.));
#16711=IFCDIRECTION((1.,0.,0.));
#16712=IFCDIRECTION((0.,1.,0.));
#16713=IFCDIRECTION((0.,0.,1.));
#16714=IFCCARTESIANTRANSFORMATIONOPERATOR3D(#16711,#16712,#16710,1.,#16713);
#16715=IFCMAPPEDITEM(#16680,#16714);
#16716=IFCSHAPEREPRESENTATION(#11,'Body','MappedRepresentation',(#16715));
#16717=IFCPRODUCTDEFINITIONSHAPE($,$,(#16716,#17020));
#16915=IFCCARTESIANPOINT((2.5428061485290527,2.2331259250640869,-0.077413797378540039));
#16916=IFCDIRECTION((0.,0.,1.));
#16917=IFCDIRECTION((1.,0.,0.));
#16918=IFCAXIS2PLACEMENT3D(#16915,#16916,#16917);
#16919=IFCLOCALPLACEMENT(#164,#16918);
#16920=IFCRAILING('0Ka6eUquX3_wvdWtzzf9av',$,'Railing',$,'FRAMELESS_PANEL',#16995,#16933,$,.USERDEFINED.);
#16926=IFCCARTESIANPOINT((0.,0.,0.));
#16927=IFCDIRECTION((1.,0.,0.));
#16928=IFCDIRECTION((0.,1.,0.));
#16929=IFCDIRECTION((0.,0.,1.));
#16930=IFCCARTESIANTRANSFORMATIONOPERATOR3D(#16927,#16928,#16926,1.,#16929);
#16931=IFCMAPPEDITEM(#16680,#16930);
#16932=IFCSHAPEREPRESENTATION(#11,'Body','MappedRepresentation',(#16931));
#16933=IFCPRODUCTDEFINITIONSHAPE($,$,(#16932,#17027));
#16991=IFCCARTESIANPOINT((2.5435724258422852,3.8198156356811523,-0.077413797378540039));
#16992=IFCDIRECTION((0.,0.,1.));
#16993=IFCDIRECTION((1.,0.,0.));
#16994=IFCAXIS2PLACEMENT3D(#16991,#16992,#16993);
#16995=IFCLOCALPLACEMENT(#164,#16994);
#16996=IFCINDEXEDPOLYGONALFACE((9,12,11,10));
#16997=IFCINDEXEDPOLYGONALFACE((6,12,9,8,4));
#16998=IFCINDEXEDPOLYGONALFACE((4,8,7,3,5,6));
#16999=IFCINDEXEDPOLYGONALFACE((5,11,12,6));
#17000=IFCINDEXEDPOLYGONALFACE((8,9,10,7));
#17001=IFCINDEXEDPOLYGONALFACE((3,7,10,11,5));
#17002=IFCCARTESIANPOINTLIST3D(((0.7695995569229126,-1.5782971382141113,1.9774137735366821),(1.5729775428771973,-1.6001782417297363,1.9774137735366821),(0.7945902943611145,-1.5789778232574463,1.9774137735366821),(1.5479868650436401,-1.5994975566864014,1.9774137735366821),(0.79527091979980469,-1.5539871454238892,1.9774137735366821),(1.5486675500869751,-1.5745068788528442,1.9774137735366821),(0.79390966892242432,-1.6039685010910034,1.9774137735366821),(1.5473061800003052,-1.6244882345199585,1.9774137735366821),(1.5473061800003052,-1.6244882345199585,2.6774137020111084),(0.79390966892242432,-1.6039685010910034,2.6774137020111084),(0.79527091979980469,-1.5539871454238892,2.6774137020111084),(1.5486675500869751,-1.5745068788528442,2.6774137020111084)));
#17003=IFCPOLYGONALFACESET(#17002,.F.,(#16996,#16997,#16998,#16999,#17000,#17001),$);
#17004=IFCSHAPEREPRESENTATION(#11,'Body','Tessellation',(#17003));
#17006=IFCCARTESIANPOINT((0.7695995569229126,-1.6244882345199585,1.9774137735366821));
#17007=IFCBOUNDINGBOX(#17006,0.80337798595428467,0.070501089096069336,0.69999992847442627);
#17008=IFCSHAPEREPRESENTATION(#13,'Box','BoundingBox',(#17007));
#17009=IFCCARTESIANPOINT((0.,0.,0.));
#17010=IFCDIRECTION((1.,0.,0.));
#17011=IFCDIRECTION((0.,0.,1.));
#17012=IFCAXIS2PLACEMENT3D(#17009,#17011,#17010);
#17013=IFCREPRESENTATIONMAP(#17012,#17008);
#17014=IFCCARTESIANPOINT((0.,0.,0.));
#17015=IFCDIRECTION((1.,0.,0.));
#17016=IFCDIRECTION((0.,1.,0.));
#17017=IFCDIRECTION((0.,0.,1.));
#17018=IFCCARTESIANTRANSFORMATIONOPERATOR3D(#17015,#17016,#17014,1.,#17017);
#17019=IFCMAPPEDITEM(#17013,#17018);
#17020=IFCSHAPEREPRESENTATION(#13,'Box','MappedRepresentation',(#17019));
#17021=IFCCARTESIANPOINT((0.,0.,0.));
#17022=IFCDIRECTION((1.,0.,0.));
#17023=IFCDIRECTION((0.,1.,0.));
#17024=IFCDIRECTION((0.,0.,1.));
#17025=IFCCARTESIANTRANSFORMATIONOPERATOR3D(#17022,#17023,#17021,1.,#17024);
#17026=IFCMAPPEDITEM(#17013,#17025);
#17027=IFCSHAPEREPRESENTATION(#13,'Box','MappedRepresentation',(#17026));
#17142=IFCWINDOWTYPE('3iDl4OY_X78Q66VvXSDZxG',$,'BATHROOM-GF',$,$,(#17143),(#17145,#17153,#17201),$,$,.WINDOW.,.SINGLE_PANEL.,$,$);
#17143=IFCPROPERTYSET('22eg$RdGPAFORhqVCup424',$,'BBIM_Window',$,(#17144));
#17144=IFCPROPERTYSINGLEVALUE('Data',$,IFCTEXT('{"window_type": "SINGLE_PANEL", "overall_height": 0.8999999761581421, "overall_width": 0.6277459859848022, "lining_properties": {"lining_depth": 0.05000000074505806, "lining_thickness": 0.05000000074505806, "lining_offset": 0.05000000074505806, "lining_to_panel_offset_x": 0.02500000037252903, "lining_to_panel_offset_y": 0.02500000037252903}, "panel_properties": {"frame_depth": [0.03500000014901161, 0.03500000014901161, 0.03500000014901161], "frame_thickness": [0.03500000014901161, 0.03500000014901161, 0.03500000014901161]}}'),$);
#17145=IFCREPRESENTATIONMAP(#17146,#17399);
#17146=IFCAXIS2PLACEMENT3D(#17147,#17148,#17149);
#17147=IFCCARTESIANPOINT((0.,0.,0.));
#17148=IFCDIRECTION((0.,0.,1.));
#17149=IFCDIRECTION((1.,0.,0.));
#17153=IFCREPRESENTATIONMAP(#17154,#17442);
#17154=IFCAXIS2PLACEMENT3D(#17155,#17156,#17157);
#17155=IFCCARTESIANPOINT((0.,0.,0.));
#17156=IFCDIRECTION((0.,0.,1.));
#17157=IFCDIRECTION((1.,0.,0.));
#17201=IFCREPRESENTATIONMAP(#17202,#17459);
#17202=IFCAXIS2PLACEMENT3D(#17203,#17204,#17205);
#17203=IFCCARTESIANPOINT((0.,0.,0.));
#17204=IFCDIRECTION((0.,0.,1.));
#17205=IFCDIRECTION((1.,0.,0.));
#17223=IFCWINDOW('2RCbumaRnC5unl3BdFzd7c',$,'Window',$,$,#17484,#17232,$,0.89999997615814209,0.62774598598480225,$,.SINGLE_PANEL.,$);
#17224=IFCRELDEFINESBYTYPE('3JzAx97GHAhRxdmYofvsoX',$,$,$,(#17223),#17142);
#17225=IFCCARTESIANPOINT((0.,0.,0.));
#17226=IFCDIRECTION((1.,0.,0.));
#17227=IFCDIRECTION((0.,1.,0.));
#17228=IFCDIRECTION((0.,0.,1.));
#17229=IFCCARTESIANTRANSFORMATIONOPERATOR3D(#17226,#17227,#17225,1.,#17228);
#17230=IFCMAPPEDITEM(#17145,#17229);
#17231=IFCSHAPEREPRESENTATION(#18,'Profile','MappedRepresentation',(#17230));
#17232=IFCPRODUCTDEFINITIONSHAPE($,$,(#17231,#17239,#17246));
#17233=IFCCARTESIANPOINT((0.,0.,0.));
#17234=IFCDIRECTION((1.,0.,0.));
#17235=IFCDIRECTION((0.,1.,0.));
#17236=IFCDIRECTION((0.,0.,1.));
#17237=IFCCARTESIANTRANSFORMATIONOPERATOR3D(#17234,#17235,#17233,1.,#17236);
#17238=IFCMAPPEDITEM(#17153,#17237);
#17239=IFCSHAPEREPRESENTATION(#11,'Body','MappedRepresentation',(#17238));
#17240=IFCCARTESIANPOINT((0.,0.,0.));
#17241=IFCDIRECTION((1.,0.,0.));
#17242=IFCDIRECTION((0.,1.,0.));
#17243=IFCDIRECTION((0.,0.,1.));
#17244=IFCCARTESIANTRANSFORMATIONOPERATOR3D(#17241,#17242,#17240,1.,#17243);
#17245=IFCMAPPEDITEM(#17201,#17244);
#17246=IFCSHAPEREPRESENTATION(#24,'Body','MappedRepresentation',(#17245));
#17247=IFCOPENINGELEMENT('21XHFsXVbCBBYwNbftSlcK',$,'Opening',$,$,#17479,#17275,$,.OPENING.);
#17263=IFCCARTESIANPOINT((0.,0.,0.));
#17264=IFCDIRECTION((1.,0.,0.));
#17265=IFCDIRECTION((0.,0.,1.));
#17266=IFCAXIS2PLACEMENT3D(#17263,#17265,#17264);
#17267=IFCREPRESENTATIONMAP(#17266,#17469);
#17268=IFCCARTESIANPOINT((0.,0.,0.));
#17269=IFCDIRECTION((1.,0.,0.));
#17270=IFCDIRECTION((0.,1.,0.));
#17271=IFCDIRECTION((0.,0.,1.));
#17272=IFCCARTESIANTRANSFORMATIONOPERATOR3D(#17269,#17270,#17268,1.,#17271);
#17273=IFCMAPPEDITEM(#17267,#17272);
#17274=IFCSHAPEREPRESENTATION(#11,'Body','MappedRepresentation',(#17273));
#17275=IFCPRODUCTDEFINITIONSHAPE($,$,(#17274));
#17276=IFCRELVOIDSELEMENT('3wbB8Enkf85e4oUQgrHL2L',$,$,$,#439,#17247);
#17282=IFCRELFILLSELEMENT('06MWmlEmT2qwi7LSPQRuiw',$,$,$,#17247,#17223);
#17291=IFCCARTESIANPOINTLIST2D(((0.,0.),(0.42297971248626709,0.),(0.42297971248626709,0.89999997615814209),(0.,0.89999997615814209)));
#17292=IFCINDEXEDPOLYCURVE(#17291,(IFCLINEINDEX((1,2,3,4,1))),$);
#17293=IFCCARTESIANPOINTLIST2D(((0.02500000037252903,0.02500000037252903),(0.39797971211373806,0.02500000037252903),(0.39797971211373806,0.87499997578561306),(0.02500000037252903,0.87499997578561306)));
#17294=IFCINDEXEDPOLYCURVE(#17293,(IFCLINEINDEX((1,2,3,4,1))),$);
#17295=IFCARBITRARYPROFILEDEFWITHVOIDS(.AREA.,$,#17292,(#17294));
#17296=IFCCARTESIANPOINT((0.,0.090000001713633537,0.));
#17297=IFCDIRECTION((0.,-1.,0.));
#17298=IFCDIRECTION((1.,0.,0.));
#17299=IFCAXIS2PLACEMENT3D(#17296,#17297,#17298);
#17300=IFCDIRECTION((0.,0.,-1.));
#17301=IFCEXTRUDEDAREASOLID(#17295,#17299,#17300,0.0099999997764825821);
#17302=IFCCARTESIANPOINTLIST2D(((0.,0.),(0.42297971248626709,0.),(0.42297971248626709,0.89999997615814209),(0.,0.89999997615814209)));
#17303=IFCINDEXEDPOLYCURVE(#17302,(IFCLINEINDEX((1,2,3,4,1))),$);
#17304=IFCCARTESIANPOINTLIST2D(((0.05000000074505806,0.05000000074505806),(0.37297971174120903,0.05000000074505806),(0.37297971174120903,0.84999997541308403),(0.05000000074505806,0.84999997541308403)));
#17305=IFCINDEXEDPOLYCURVE(#17304,(IFCLINEINDEX((1,2,3,4,1))),$);
#17306=IFCARBITRARYPROFILEDEFWITHVOIDS(.AREA.,$,#17303,(#17305));
#17307=IFCCARTESIANPOINT((0.,0.05000000074505806,0.));
#17308=IFCDIRECTION((0.,-1.,0.));
#17309=IFCDIRECTION((1.,0.,0.));
#17310=IFCAXIS2PLACEMENT3D(#17307,#17308,#17309);
#17311=IFCDIRECTION((0.,0.,-1.));
#17312=IFCEXTRUDEDAREASOLID(#17306,#17310,#17311,0.040000000968575478);
#17313=IFCCARTESIANPOINTLIST2D(((0.,0.),(0.37297971174120903,0.),(0.37297971174120903,0.84999997541308403),(0.,0.84999997541308403)));
#17314=IFCINDEXEDPOLYCURVE(#17313,(IFCLINEINDEX((1,2,3,4,1))),$);
#17315=IFCCARTESIANPOINTLIST2D(((0.035000000149011612,0.035000000149011612),(0.33797971159219742,0.035000000149011612),(0.33797971159219742,0.81499997526407242),(0.035000000149011612,0.81499997526407242)));
#17316=IFCINDEXEDPOLYCURVE(#17315,(IFCLINEINDEX((1,2,3,4,1))),$);
#17317=IFCARBITRARYPROFILEDEFWITHVOIDS(.AREA.,$,#17314,(#17316));
#17318=IFCCARTESIANPOINT((0.02500000037252903,0.090000001713633537,0.02500000037252903));
#17319=IFCDIRECTION((0.,-1.,0.));
#17320=IFCDIRECTION((1.,0.,0.));
#17321=IFCAXIS2PLACEMENT3D(#17318,#17319,#17320);
#17322=IFCDIRECTION((0.,0.,-1.));
#17323=IFCEXTRUDEDAREASOLID(#17317,#17321,#17322,0.035000000149011612);
#17324=IFCINDEXEDPOLYCURVE(#17325,(IFCLINEINDEX((1,2,3,4,1))),$);
#17325=IFCCARTESIANPOINTLIST2D(((0.035000000149011612,0.035000000149011612),(0.33797971159219742,0.035000000149011612),(0.33797971159219742,0.81499997526407242),(0.035000000149011612,0.81499997526407242)));
#17326=IFCARBITRARYCLOSEDPROFILEDEF(.AREA.,$,#17324);
#17327=IFCCARTESIANPOINT((0.02500000037252903,0.10250000178813934,0.02500000037252903));
#17328=IFCDIRECTION((0.,-1.,0.));
#17329=IFCDIRECTION((1.,0.,0.));
#17330=IFCAXIS2PLACEMENT3D(#17327,#17328,#17329);
#17331=IFCDIRECTION((0.,0.,-1.));
#17332=IFCEXTRUDEDAREASOLID(#17326,#17330,#17331,0.01);
#17334=IFCSHAPEREPRESENTATION(#11,'Body','SweptSolid',(#17410,#17312,#17301,#17421));
#17335=IFCSHAPEASPECT((#17334),'Lining',$,.T.,#17232);
#17336=IFCSHAPEREPRESENTATION(#11,'Body','SweptSolid',(#17323,#17432));
#17337=IFCSHAPEASPECT((#17336),'Framing',$,.T.,#17232);
#17338=IFCSHAPEREPRESENTATION(#11,'Body','SweptSolid',(#17332,#17441));
#17339=IFCSHAPEASPECT((#17338),'Glazing',$,.T.,#17232);
#17397=IFCCARTESIANPOINTLIST3D(((0.,0.,0.),(0.62774598598480225,0.,0.),(0.62774598598480225,0.,0.89999997615814209),(0.,0.,0.89999997615814209)));
#17398=IFCINDEXEDPOLYCURVE(#17397,(IFCLINEINDEX((1,2,3,4,1))),$);
#17399=IFCSHAPEREPRESENTATION(#18,'Profile','Curve3D',(#17398));
#17400=IFCCARTESIANPOINTLIST2D(((0.,0.),(0.62774598598480225,0.),(0.62774598598480225,0.89999997615814209),(0.,0.89999997615814209)));
#17401=IFCINDEXEDPOLYCURVE(#17400,(IFCLINEINDEX((1,2,3,4,1))),$);
#17402=IFCCARTESIANPOINTLIST2D(((0.02500000037252903,0.02500000037252903),(0.60274598561227322,0.02500000037252903),(0.60274598561227322,0.87499997578561306),(0.02500000037252903,0.87499997578561306)));
#17403=IFCINDEXEDPOLYCURVE(#17402,(IFCLINEINDEX((1,2,3,4,1))),$);
#17404=IFCARBITRARYPROFILEDEFWITHVOIDS(.AREA.,$,#17401,(#17403));
#17405=IFCCARTESIANPOINT((0.,0.090000001713633537,0.));
#17406=IFCDIRECTION((0.,-1.,0.));
#17407=IFCDIRECTION((1.,0.,0.));
#17408=IFCAXIS2PLACEMENT3D(#17405,#17406,#17407);
#17409=IFCDIRECTION((0.,0.,-1.));
#17410=IFCEXTRUDEDAREASOLID(#17404,#17408,#17409,0.0099999997764825821);
#17411=IFCCARTESIANPOINTLIST2D(((0.,0.),(0.62774598598480225,0.),(0.62774598598480225,0.89999997615814209),(0.,0.89999997615814209)));
#17412=IFCINDEXEDPOLYCURVE(#17411,(IFCLINEINDEX((1,2,3,4,1))),$);
#17413=IFCCARTESIANPOINTLIST2D(((0.05000000074505806,0.05000000074505806),(0.57774598523974419,0.05000000074505806),(0.57774598523974419,0.84999997541308403),(0.05000000074505806,0.84999997541308403)));
#17414=IFCINDEXEDPOLYCURVE(#17413,(IFCLINEINDEX((1,2,3,4,1))),$);
#17415=IFCARBITRARYPROFILEDEFWITHVOIDS(.AREA.,$,#17412,(#17414));
#17416=IFCCARTESIANPOINT((0.,0.05000000074505806,0.));
#17417=IFCDIRECTION((0.,-1.,0.));
#17418=IFCDIRECTION((1.,0.,0.));
#17419=IFCAXIS2PLACEMENT3D(#17416,#17417,#17418);
#17420=IFCDIRECTION((0.,0.,-1.));
#17421=IFCEXTRUDEDAREASOLID(#17415,#17419,#17420,0.040000000968575478);
#17422=IFCCARTESIANPOINTLIST2D(((0.,0.),(0.57774598523974419,0.),(0.57774598523974419,0.84999997541308403),(0.,0.84999997541308403)));
#17423=IFCINDEXEDPOLYCURVE(#17422,(IFCLINEINDEX((1,2,3,4,1))),$);
#17424=IFCCARTESIANPOINTLIST2D(((0.035000000149011612,0.035000000149011612),(0.54274598509073257,0.035000000149011612),(0.54274598509073257,0.81499997526407242),(0.035000000149011612,0.81499997526407242)));
#17425=IFCINDEXEDPOLYCURVE(#17424,(IFCLINEINDEX((1,2,3,4,1))),$);
#17426=IFCARBITRARYPROFILEDEFWITHVOIDS(.AREA.,$,#17423,(#17425));
#17427=IFCCARTESIANPOINT((0.02500000037252903,0.090000001713633537,0.02500000037252903));
#17428=IFCDIRECTION((0.,-1.,0.));
#17429=IFCDIRECTION((1.,0.,0.));
#17430=IFCAXIS2PLACEMENT3D(#17427,#17428,#17429);
#17431=IFCDIRECTION((0.,0.,-1.));
#17432=IFCEXTRUDEDAREASOLID(#17426,#17430,#17431,0.035000000149011612);
#17433=IFCINDEXEDPOLYCURVE(#17434,(IFCLINEINDEX((1,2,3,4,1))),$);
#17434=IFCCARTESIANPOINTLIST2D(((0.035000000149011612,0.035000000149011612),(0.54274598509073257,0.035000000149011612),(0.54274598509073257,0.81499997526407242),(0.035000000149011612,0.81499997526407242)));
#17435=IFCARBITRARYCLOSEDPROFILEDEF(.AREA.,$,#17433);
#17436=IFCCARTESIANPOINT((0.02500000037252903,0.10250000178813934,0.02500000037252903));
#17437=IFCDIRECTION((0.,-1.,0.));
#17438=IFCDIRECTION((1.,0.,0.));
#17439=IFCAXIS2PLACEMENT3D(#17436,#17437,#17438);
#17440=IFCDIRECTION((0.,0.,-1.));
#17441=IFCEXTRUDEDAREASOLID(#17435,#17439,#17440,0.01);
#17442=IFCSHAPEREPRESENTATION(#11,'Body','SweptSolid',(#17410,#17421,#17432,#17441));
#17443=IFCCARTESIANPOINTLIST2D(((0.05000000074505806,0.05000000074505806),(0.57774598523974419,0.05000000074505806)));
#17444=IFCINDEXEDPOLYCURVE(#17443,$,$);
#17445=IFCCARTESIANPOINTLIST2D(((0.,0.10000000149011612),(0.02500000037252903,0.10000000149011612),(0.02500000037252903,0.090000001713633537),(0.05000000074505806,0.090000001713633537),(0.05000000074505806,0.05000000074505806),(0.,0.05000000074505806)));
#17446=IFCINDEXEDPOLYCURVE(#17445,(IFCLINEINDEX((1,2,3,4,5,6,1))),$);
#17447=IFCCARTESIANPOINTLIST2D(((0.62774598598480225,0.10000000149011612),(0.60274598561227322,0.10000000149011612),(0.60274598561227322,0.090000001713633537),(0.57774598523974419,0.090000001713633537),(0.57774598523974419,0.05000000074505806),(0.62774598598480225,0.05000000074505806)));
#17448=IFCINDEXEDPOLYCURVE(#17447,(IFCLINEINDEX((1,2,3,4,5,6,1))),$);
#17449=IFCCARTESIANPOINTLIST2D(((0.02500000037252903,0.090000001713633537),(0.060000000521540642,0.090000001713633537),(0.060000000521540642,0.12500000186264515),(0.02500000037252903,0.12500000186264515)));
#17450=IFCINDEXEDPOLYCURVE(#17449,(IFCLINEINDEX((1,2,3,4,1))),$);
#17451=IFCINDEXEDPOLYCURVE(#17452,(IFCLINEINDEX((1,2,3,4,1))),$);
#17452=IFCCARTESIANPOINTLIST2D(((0.60274598561227322,0.090000001713633537),(0.5677459854632616,0.090000001713633537),(0.5677459854632616,0.12500000186264515),(0.60274598561227322,0.12500000186264515)));
#17453=IFCCARTESIANPOINTLIST2D(((0.060000000521540642,0.090000001713633537),(0.5677459854632616,0.090000001713633537)));
#17454=IFCINDEXEDPOLYCURVE(#17453,$,$);
#17455=IFCINDEXEDPOLYCURVE(#17456,$,$);
#17456=IFCCARTESIANPOINTLIST2D(((0.060000000521540642,0.12500000186264515),(0.5677459854632616,0.12500000186264515)));
#17457=IFCINDEXEDPOLYCURVE(#17458,$,$);
#17458=IFCCARTESIANPOINTLIST2D(((0.060000000521540642,0.10750000178813934),(0.5677459854632616,0.10750000178813934)));
#17459=IFCSHAPEREPRESENTATION(#24,'Body','Curve2D',(#17444,#17446,#17448,#17450,#17451,#17454,#17455,#17457));
#17460=IFCCARTESIANPOINTLIST2D(((0.,0.),(0.62774598598480225,0.),(0.62774598598480225,0.89999997615814209),(0.,0.89999997615814209)));
#17461=IFCINDEXEDPOLYCURVE(#17460,(IFCLINEINDEX((1,2,3,4,1))),$);
#17462=IFCARBITRARYCLOSEDPROFILEDEF(.AREA.,$,#17461);
#17463=IFCCARTESIANPOINT((0.,-0.60000002384185791,0.));
#17464=IFCDIRECTION((0.,-1.,0.));
#17465=IFCDIRECTION((1.,0.,0.));
#17466=IFCAXIS2PLACEMENT3D(#17463,#17464,#17465);
#17467=IFCDIRECTION((0.,0.,-1.));
#17468=IFCEXTRUDEDAREASOLID(#17462,#17466,#17467,1.2);
#17469=IFCSHAPEREPRESENTATION(#11,'Body','SweptSolid',(#17468));
#17475=IFCCARTESIANPOINT((2.3630849123003017,-3.3455100023616069E-08,1.));
#17476=IFCDIRECTION((0.,0.,1.));
#17477=IFCDIRECTION((0.99999999999997158,-2.3841857910149749E-07,0.));
#17478=IFCAXIS2PLACEMENT3D(#17475,#17476,#17477);
#17479=IFCLOCALPLACEMENT(#450,#17478);
#17480=IFCCARTESIANPOINT((4.4408920985006262E-16,0.,0.));
#17481=IFCDIRECTION((0.,0.,1.));
#17482=IFCDIRECTION((1.,0.,0.));
#17483=IFCAXIS2PLACEMENT3D(#17480,#17481,#17482);
#17484=IFCLOCALPLACEMENT(#17479,#17483);
#17662=IFCRAILING('0vguQ3bFz4Hh6K66trXcjA',$,'Railing',$,'FRAMELESS_PANEL',#18264,#17671,$,.USERDEFINED.);
#17663=IFCRELDEFINESBYTYPE('2sUErGlpDEUOiKg9QPRHta',$,$,$,(#17662),#16083);
#17664=IFCCARTESIANPOINT((0.,0.,0.));
#17665=IFCDIRECTION((1.,0.,0.));
#17666=IFCDIRECTION((0.,1.,0.));
#17667=IFCDIRECTION((0.,0.,1.));
#17668=IFCCARTESIANTRANSFORMATIONOPERATOR3D(#17665,#17666,#17664,1.,#17667);
#17669=IFCMAPPEDITEM(#16088,#17668);
#17670=IFCSHAPEREPRESENTATION(#11,'Body','MappedRepresentation',(#17669));
#17671=IFCPRODUCTDEFINITIONSHAPE($,$,(#17670,#17776));
#17746=IFCINDEXEDPOLYGONALFACE((16,19,18,17));
#17747=IFCINDEXEDPOLYGONALFACE((20,23,22,21));
#17748=IFCINDEXEDPOLYGONALFACE((5,11,10,4,8,9));
#17749=IFCINDEXEDPOLYGONALFACE((7,15,14,6,12,13));
#17750=IFCINDEXEDPOLYGONALFACE((6,14,21,22,12));
#17751=IFCINDEXEDPOLYGONALFACE((9,19,16,11,5));
#17752=IFCINDEXEDPOLYGONALFACE((7,13,23,20,15));
#17753=IFCINDEXEDPOLYGONALFACE((11,16,17,10));
#17754=IFCINDEXEDPOLYGONALFACE((8,18,19,9));
#17755=IFCINDEXEDPOLYGONALFACE((12,22,23,13));
#17756=IFCINDEXEDPOLYGONALFACE((15,20,21,14));
#17757=IFCINDEXEDPOLYGONALFACE((10,17,18,8,4));
#17758=IFCCARTESIANPOINTLIST3D(((-0.093063950538635254,-0.40443730354309082,2.3753426074981689),(0.74451208114624023,-0.40443730354309082,3.3878426551818848),(1.3959600925445557,-0.40443724393844604,4.1753425598144531),(-0.068063952028751373,-0.40443730354309082,2.4055638313293457),(0.71951210498809814,-0.40443730354309082,3.357621431350708),(0.76951205730438232,-0.40443730354309082,3.4180638790130615),(1.3709601163864136,-0.40443724393844604,4.1451215744018555),(-0.068063952028751373,-0.37943729758262634,2.4055638313293457),(0.71951210498809814,-0.37943729758262634,3.357621431350708),(-0.068063952028751373,-0.4294373095035553,2.4055638313293457),(0.71951210498809814,-0.4294373095035553,3.357621431350708),(0.76951205730438232,-0.37943729758262634,3.4180638790130615),(1.3709601163864136,-0.37943723797798157,4.1451215744018555),(0.76951205730438232,-0.4294373095035553,3.4180638790130615),(1.3709601163864136,-0.42943724989891052,4.1451215744018555),(0.71951210498809814,-0.4294373095035553,4.0576214790344238),(-0.068063952028751373,-0.4294373095035553,3.1055638790130615),(-0.068063952028751373,-0.37943729758262634,3.1055638790130615),(0.71951210498809814,-0.37943729758262634,4.0576214790344238),(1.3709601163864136,-0.42943724989891052,4.8451213836669922),(0.76951205730438232,-0.4294373095035553,4.1180639266967773),(0.76951205730438232,-0.37943729758262634,4.1180639266967773),(1.3709601163864136,-0.37943723797798157,4.8451213836669922)));
#17759=IFCPOLYGONALFACESET(#17758,.F.,(#17746,#17747,#17748,#17749,#17750,#17751,#17752,#17753,#17754,#17755,#17756,#17757),$);
#17760=IFCSHAPEREPRESENTATION(#11,'Body','Tessellation',(#17759));
#17762=IFCCARTESIANPOINT((-0.093063950538635254,-0.4294373095035553,2.3753426074981689));
#17763=IFCBOUNDINGBOX(#17762,1.4890240430831909,0.05000007152557373,2.4697787761688232);
#17764=IFCSHAPEREPRESENTATION(#13,'Box','BoundingBox',(#17763));
#17765=IFCCARTESIANPOINT((0.,0.,0.));
#17766=IFCDIRECTION((1.,0.,0.));
#17767=IFCDIRECTION((0.,0.,1.));
#17768=IFCAXIS2PLACEMENT3D(#17765,#17767,#17766);
#17769=IFCREPRESENTATIONMAP(#17768,#17764);
#17770=IFCCARTESIANPOINT((0.,0.,0.));
#17771=IFCDIRECTION((1.,0.,0.));
#17772=IFCDIRECTION((0.,1.,0.));
#17773=IFCDIRECTION((0.,0.,1.));
#17774=IFCCARTESIANTRANSFORMATIONOPERATOR3D(#17771,#17772,#17770,1.,#17773);
#17775=IFCMAPPEDITEM(#17769,#17774);
#17776=IFCSHAPEREPRESENTATION(#13,'Box','MappedRepresentation',(#17775));
#17925=IFCRAILINGTYPE('3y$neq9Pn2fOvjJd9UPq75',$,'STAIRSTEPS 2',$,$,(#17926,#17928),(#17930,#18003),$,$,.USERDEFINED.);
#17926=IFCPROPERTYSET('27cznbdGX1Ghakgbts_izN',$,'BBIM_Railing',$,(#17927));
#17927=IFCPROPERTYSINGLEVALUE('Data',$,IFCTEXT('{"railing_type": "FRAMELESS_PANEL", "height": 0.699999988079071, "thickness": 0.05000000074505806, "spacing": 0.05000000074505806, "path_data": {"edges": [[0, 1], [1, 2]], "verts": [[-0.7458783388137817, 0.8015046119689941, 5.505563735961914], [-0.0006830692291259766, 0.8015048503875732, 4.905563831329346], [0.7445120811462402, 0.7991524338722229, 4.305563926696777]]}}'),$);
#17928=IFCPROPERTYSET('1XvAM4ujj6DQ9w74u5eV9V',$,'Pset_RailingCommon',$,(#17929));
#17929=IFCPROPERTYSINGLEVALUE('Height',$,IFCPOSITIVELENGTHMEASURE(0.69999998807907104),$);
#17930=IFCREPRESENTATIONMAP(#17931,#17994);
#17931=IFCAXIS2PLACEMENT3D(#17932,#17933,#17934);
#17932=IFCCARTESIANPOINT((0.,0.,0.));
#17933=IFCDIRECTION((0.,0.,1.));
#17934=IFCDIRECTION((1.,0.,0.));
#17958=IFCRAILING('2F47au6010FO2olvRoPmxm',$,'Railing',$,'FRAMELESS_PANEL',#18269,#17967,$,.USERDEFINED.);
#17959=IFCRELDEFINESBYTYPE('3X6GB4IsP23OBgfHcRvp0u',$,$,$,(#17958),#17925);
#17960=IFCCARTESIANPOINT((0.,0.,0.));
#17961=IFCDIRECTION((1.,0.,0.));
#17962=IFCDIRECTION((0.,1.,0.));
#17963=IFCDIRECTION((0.,0.,1.));
#17964=IFCCARTESIANTRANSFORMATIONOPERATOR3D(#17961,#17962,#17960,1.,#17963);
#17965=IFCMAPPEDITEM(#17930,#17964);
#17966=IFCSHAPEREPRESENTATION(#11,'Body','MappedRepresentation',(#17965));
#17967=IFCPRODUCTDEFINITIONSHAPE($,$,(#17966,#18010));
#17980=IFCINDEXEDPOLYGONALFACE((16,19,18,17));
#17981=IFCINDEXEDPOLYGONALFACE((20,23,22,21));
#17982=IFCINDEXEDPOLYGONALFACE((5,11,10,4,8,9));
#17983=IFCINDEXEDPOLYGONALFACE((7,15,14,6,12,13));
#17984=IFCINDEXEDPOLYGONALFACE((7,13,23,20,15));
#17985=IFCINDEXEDPOLYGONALFACE((5,9,19,16,11));
#17986=IFCINDEXEDPOLYGONALFACE((12,22,23,13));
#17987=IFCINDEXEDPOLYGONALFACE((14,21,22,12,6));
#17988=IFCINDEXEDPOLYGONALFACE((15,20,21,14));
#17989=IFCINDEXEDPOLYGONALFACE((11,16,17,10));
#17990=IFCINDEXEDPOLYGONALFACE((8,18,19,9));
#17991=IFCINDEXEDPOLYGONALFACE((4,10,17,18,8));
#17992=IFCCARTESIANPOINTLIST3D(((-0.74587833881378174,0.80150461196899414,5.5055637359619141),(-0.00068306922912597656,0.80150485038757324,4.9055638313293457),(0.74451208114624023,0.7991524338722229,4.3055639266967773),(-0.72087836265563965,0.80150461196899414,5.4854350090026855),(-0.025683071464300156,0.80150485038757324,4.9256925582885742),(0.024316808208823204,0.80142593383789062,4.8854351043701172),(0.7195122241973877,0.79923135042190552,4.3256926536560059),(-0.72087836265563965,0.82650458812713623,5.4854350090026855),(-0.025683080777525902,0.82650482654571533,4.9256925582885742),(-0.72087836265563965,0.77650463581085205,5.4854350090026855),(-0.025683062151074409,0.77650487422943115,4.9256925582885742),(0.02439572662115097,0.82642579078674316,4.8854351043701172),(0.71959114074707031,0.82423120737075806,4.3256926536560059),(0.024237889796495438,0.77642607688903809,4.8854351043701172),(0.71943330764770508,0.77423149347305298,4.3256926536560059),(-0.025683062151074409,0.77650487422943115,5.6256923675537109),(-0.72087836265563965,0.77650463581085205,6.1854348182678223),(-0.72087836265563965,0.82650458812713623,6.1854348182678223),(-0.025683080777525902,0.82650482654571533,5.6256923675537109),(0.71943330764770508,0.77423149347305298,5.0256924629211426),(0.024237889796495438,0.77642607688903809,5.5854349136352539),(0.02439572662115097,0.82642579078674316,5.5854349136352539),(0.71959114074707031,0.82423120737075806,5.0256924629211426)));
#17993=IFCPOLYGONALFACESET(#17992,.F.,(#17980,#17981,#17982,#17983,#17984,#17985,#17986,#17987,#17988,#17989,#17990,#17991),$);
#17994=IFCSHAPEREPRESENTATION(#11,'Body','Tessellation',(#17993));
#17996=IFCCARTESIANPOINT((-0.74587833881378174,0.77423149347305298,4.3055639266967773));
#17997=IFCBOUNDINGBOX(#17996,1.490390419960022,0.052273333072662354,1.8798708915710449);
#17998=IFCSHAPEREPRESENTATION(#13,'Box','BoundingBox',(#17997));
#17999=IFCCARTESIANPOINT((0.,0.,0.));
#18000=IFCDIRECTION((1.,0.,0.));
#18001=IFCDIRECTION((0.,0.,1.));
#18002=IFCAXIS2PLACEMENT3D(#17999,#18001,#18000);
#18003=IFCREPRESENTATIONMAP(#18002,#17998);
#18004=IFCCARTESIANPOINT((0.,0.,0.));
#18005=IFCDIRECTION((1.,0.,0.));
#18006=IFCDIRECTION((0.,1.,0.));
#18007=IFCDIRECTION((0.,0.,1.));
#18008=IFCCARTESIANTRANSFORMATIONOPERATOR3D(#18005,#18006,#18004,1.,#18007);
#18009=IFCMAPPEDITEM(#18003,#18008);
#18010=IFCSHAPEREPRESENTATION(#13,'Box','MappedRepresentation',(#18009));
#18011=IFCRAILINGTYPE('3Xyu0_llv2C8DiwtlFDOy2',$,'STAIRSTEPS 3',$,$,(#18012,#18014),(#18016,#18380),$,$,.USERDEFINED.);
#18012=IFCPROPERTYSET('1mFIimNmHDXO8D11xWgs7W',$,'BBIM_Railing',$,(#18013));
#18013=IFCPROPERTYSINGLEVALUE('Data',$,IFCTEXT('{"railing_type": "FRAMELESS_PANEL", "height": 0.699999988079071, "thickness": 0.05000000074505806, "spacing": 0.05000000074505806, "path_data": {"edges": [[0, 1], [1, 2]], "verts": [[-0.6506528854370117, -7.152557373046875e-07, 7.425692558288574], [0.0945425033569336, -4.76837158203125e-07, 6.825692653656006], [0.8397374153137207, 0.006825387477874756, 6.2256927490234375]]}}'),$);
#18014=IFCPROPERTYSET('0mn2TGIH1D$w96QjAvrdC3',$,'Pset_RailingCommon',$,(#18015));
#18015=IFCPROPERTYSINGLEVALUE('Height',$,IFCPOSITIVELENGTHMEASURE(0.69999998807907104),$);
#18016=IFCREPRESENTATIONMAP(#18017,#18371);
#18017=IFCAXIS2PLACEMENT3D(#18018,#18019,#18020);
#18018=IFCCARTESIANPOINT((0.,0.,0.));
#18019=IFCDIRECTION((0.,0.,1.));
#18020=IFCDIRECTION((1.,0.,0.));
#18155=IFCCARTESIANPOINT((0.,0.,0.));
#18156=IFCDIRECTION((0.,0.,1.));
#18157=IFCDIRECTION((1.,0.,0.));
#18158=IFCAXIS2PLACEMENT3D(#18155,#18156,#18157);
#18159=IFCLOCALPLACEMENT(#56,#18158);
#18160=IFCCARTESIANPOINT((0.21585138142108917,5.5998549461364746,3.));
#18161=IFCDIRECTION((0.,0.,1.));
#18162=IFCDIRECTION((-0.99999999999992428,3.8941436741876494E-07,0.));
#18163=IFCAXIS2PLACEMENT3D(#18160,#18161,#18162);
#18164=IFCLOCALPLACEMENT(#18159,#18163);
#18165=IFCCARTESIANPOINT((0.21585130691525681,6.4998553911950134,3.));
#18166=IFCDIRECTION((0.,0.,1.));
#18167=IFCDIRECTION((7.5497901264043123E-08,-0.99999999999999722,0.));
#18168=IFCAXIS2PLACEMENT3D(#18165,#18166,#18167);
#18169=IFCLOCALPLACEMENT(#18159,#18168);
#18170=IFCCARTESIANPOINT((-3.2841486930847839,5.5998563090867908,3.));
#18171=IFCDIRECTION((0.,0.,1.));
#18172=IFCDIRECTION((7.5497901264043123E-08,-0.99999999999999722,0.));
#18173=IFCAXIS2PLACEMENT3D(#18170,#18171,#18172);
#18174=IFCLOCALPLACEMENT(#18159,#18173);
#18175=IFCCARTESIANPOINT((0.22100830078123437,-1.5472903251647949,3.));
#18176=IFCDIRECTION((0.,0.,1.));
#18177=IFCDIRECTION((-4.3711388286737889E-08,-0.99999999999999911,0.));
#18178=IFCAXIS2PLACEMENT3D(#18175,#18176,#18177);
#18179=IFCLOCALPLACEMENT(#18159,#18178);
#18180=IFCCARTESIANPOINT((-3.2841481534902131,-1.5472903251647949,3.));
#18181=IFCDIRECTION((0.,0.,1.));
#18182=IFCDIRECTION((1.,0.,0.));
#18183=IFCAXIS2PLACEMENT3D(#18180,#18181,#18182);
#18184=IFCLOCALPLACEMENT(#18159,#18183);
#18185=IFCCARTESIANPOINT((4.215850085087534,6.4998550415040128,3.));
#18186=IFCDIRECTION((0.,0.,1.));
#18187=IFCDIRECTION((-0.99999999999999623,8.7422776573475527E-08,0.));
#18188=IFCAXIS2PLACEMENT3D(#18185,#18186,#18187);
#18189=IFCLOCALPLACEMENT(#18159,#18188);
#18190=IFCCARTESIANPOINT((4.1311125755310059,5.029353141784668,3.));
#18191=IFCDIRECTION((0.,0.,1.));
#18192=IFCDIRECTION((-0.99999999999999623,8.7422776573475527E-08,0.));
#18193=IFCAXIS2PLACEMENT3D(#18190,#18191,#18192);
#18194=IFCLOCALPLACEMENT(#18159,#18193);
#18195=IFCCARTESIANPOINT((0.31585160672202772,5.029353475325375,3.));
#18196=IFCDIRECTION((0.,0.,1.));
#18197=IFCDIRECTION((-4.013392640444768E-07,0.99999999999991962,0.));
#18198=IFCAXIS2PLACEMENT3D(#18195,#18196,#18197);
#18199=IFCLOCALPLACEMENT(#18159,#18198);
#18200=IFCCARTESIANPOINT((0.21585161983966827,4.9293537139892578,3.));
#18201=IFCDIRECTION((0.,0.,1.));
#18202=IFCDIRECTION((7.5497901264043123E-08,-0.99999999999999722,0.));
#18203=IFCAXIS2PLACEMENT3D(#18200,#18201,#18202);
#18204=IFCLOCALPLACEMENT(#18159,#18203);
#18205=IFCCARTESIANPOINT((-3.1841480731964111,2.569171667098999,3.));
#18206=IFCDIRECTION((0.,0.,1.));
#18207=IFCDIRECTION((1.,0.,0.));
#18208=IFCAXIS2PLACEMENT3D(#18205,#18206,#18207);
#18209=IFCLOCALPLACEMENT(#18159,#18208);
#18210=IFCCARTESIANPOINT((0.31585249304771423,0.42731755971908569,3.));
#18211=IFCDIRECTION((0.,0.,1.));
#18212=IFCDIRECTION((1.,0.,0.));
#18213=IFCAXIS2PLACEMENT3D(#18210,#18211,#18212);
#18214=IFCLOCALPLACEMENT(#18159,#18213);
#18215=IFCCARTESIANPOINT((1.8424682617187702,-2.1462539383268582,3.));
#18216=IFCDIRECTION((0.,0.,1.));
#18217=IFCDIRECTION((-1.6292068494294439E-07,-0.99999999999998679,0.));
#18218=IFCAXIS2PLACEMENT3D(#18215,#18216,#18217);
#18219=IFCLOCALPLACEMENT(#18159,#18218);
#18220=IFCCARTESIANPOINT((1.8424680987980651,-3.1462540626525879,3.));
#18221=IFCDIRECTION((0.,0.,1.));
#18222=IFCDIRECTION((1.,0.,0.));
#18223=IFCAXIS2PLACEMENT3D(#18220,#18221,#18222);
#18224=IFCLOCALPLACEMENT(#18159,#18223);
#18225=IFCCARTESIANPOINT((4.2158493568265412,-3.1462540626525888,3.));
#18226=IFCDIRECTION((0.,0.,1.));
#18227=IFCDIRECTION((7.5497901264043123E-08,0.99999999999999722,0.));
#18228=IFCAXIS2PLACEMENT3D(#18225,#18226,#18227);
#18229=IFCLOCALPLACEMENT(#18159,#18228);
#18230=IFCCARTESIANPOINT((0.22100827459968647,-2.1462543249130439,3.));
#18231=IFCDIRECTION((0.,0.,1.));
#18232=IFCDIRECTION((0.99999999999997158,2.3841857910155572E-07,0.));
#18233=IFCAXIS2PLACEMENT3D(#18230,#18231,#18232);
#18234=IFCLOCALPLACEMENT(#18159,#18233);
#18235=IFCCARTESIANPOINT((-3.2841482162475586,-1.5472903251647949,3.));
#18236=IFCDIRECTION((0.,0.,1.));
#18237=IFCDIRECTION((1.,0.,0.));
#18238=IFCAXIS2PLACEMENT3D(#18235,#18236,#18237);
#18239=IFCLOCALPLACEMENT(#18159,#18238);
#18240=IFCCARTESIANPOINT((4.2158498764038086,6.4998550415039062,3.));
#18241=IFCDIRECTION((0.,0.,1.));
#18242=IFCDIRECTION((1.,0.,0.));
#18243=IFCAXIS2PLACEMENT3D(#18240,#18241,#18242);
#18244=IFCLOCALPLACEMENT(#18159,#18243);
#18245=IFCCARTESIANPOINT((-2.2970747947692871,-3.1222877502441406,2.9997644424438477));
#18246=IFCDIRECTION((0.,0.,1.));
#18247=IFCDIRECTION((1.,0.,0.));
#18248=IFCAXIS2PLACEMENT3D(#18245,#18246,#18247);
#18249=IFCLOCALPLACEMENT(#18159,#18248);
#18250=IFCCARTESIANPOINT((-3.2962214946746826,-2.5972929000854492,3.));
#18251=IFCDIRECTION((0.,0.,1.));
#18252=IFCDIRECTION((-4.3711388286737889E-08,0.99999999999999911,0.));
#18253=IFCAXIS2PLACEMENT3D(#18250,#18251,#18252);
#18254=IFCLOCALPLACEMENT(#18159,#18253);
#18255=IFCCARTESIANPOINT((0.76220202445983887,1.2561440467834473,3.));
#18256=IFCDIRECTION((0.,0.,1.));
#18257=IFCDIRECTION((1.,0.,0.));
#18258=IFCAXIS2PLACEMENT3D(#18255,#18256,#18257);
#18259=IFCLOCALPLACEMENT(#18159,#18258);
#18260=IFCCARTESIANPOINT((1.9172120094299316,1.0373848676681519,-2.2753427028656006));
#18261=IFCDIRECTION((0.,0.,1.));
#18262=IFCDIRECTION((1.,0.,0.));
#18263=IFCAXIS2PLACEMENT3D(#18260,#18261,#18262);
#18264=IFCLOCALPLACEMENT(#164,#18263);
#18265=IFCCARTESIANPOINT((2.5686600208282471,1.4423661231994629,-2.4055638313293457));
#18266=IFCDIRECTION((0.,0.,1.));
#18267=IFCDIRECTION((1.,0.,0.));
#18268=IFCAXIS2PLACEMENT3D(#18265,#18266,#18267);
#18269=IFCLOCALPLACEMENT(#164,#18268);
#18335=IFCRAILING('3DH1s9QsPCfgEyMq0EJXaj',$,'Railing',$,'FRAMELESS_PANEL',#18752,#18344,$,.USERDEFINED.);
#18336=IFCRELDEFINESBYTYPE('0VlruV2IH8BB0bKsFtTr5g',$,$,$,(#18335),#18011);
#18337=IFCCARTESIANPOINT((0.,0.,0.));
#18338=IFCDIRECTION((1.,0.,0.));
#18339=IFCDIRECTION((0.,1.,0.));
#18340=IFCDIRECTION((0.,0.,1.));
#18341=IFCCARTESIANTRANSFORMATIONOPERATOR3D(#18338,#18339,#18337,1.,#18340);
#18342=IFCMAPPEDITEM(#18016,#18341);
#18343=IFCSHAPEREPRESENTATION(#11,'Body','MappedRepresentation',(#18342));
#18344=IFCPRODUCTDEFINITIONSHAPE($,$,(#18343,#18387));
#18357=IFCINDEXEDPOLYGONALFACE((16,19,18,17));
#18358=IFCINDEXEDPOLYGONALFACE((20,23,22,21));
#18359=IFCINDEXEDPOLYGONALFACE((5,11,10,4,8,9));
#18360=IFCINDEXEDPOLYGONALFACE((7,15,14,6,12,13));
#18361=IFCINDEXEDPOLYGONALFACE((7,13,23,20,15));
#18362=IFCINDEXEDPOLYGONALFACE((11,16,17,10));
#18363=IFCINDEXEDPOLYGONALFACE((8,18,19,9));
#18364=IFCINDEXEDPOLYGONALFACE((5,9,19,16,11));
#18365=IFCINDEXEDPOLYGONALFACE((12,22,23,13));
#18366=IFCINDEXEDPOLYGONALFACE((6,14,21,22,12));
#18367=IFCINDEXEDPOLYGONALFACE((15,20,21,14));
#18368=IFCINDEXEDPOLYGONALFACE((4,10,17,18,8));
#18369=IFCCARTESIANPOINTLIST3D(((-0.65065288543701172,-7.152557373046875E-07,7.4256925582885742),(0.094542503356933594,-4.76837158203125E-07,6.8256926536560059),(0.8397374153137207,0.0068253874778747559,6.2256927490234375),(-0.62565290927886963,-7.0725718614994548E-07,7.4055638313293457),(0.069542504847049713,-4.8483570935786702E-07,6.8458213806152344),(0.11954145878553391,0.00022850951063446701,6.8055644035339355),(0.81473845243453979,0.0065964013338088989,6.2458209991455078),(-0.62565290927886963,0.024999290704727173,7.4055638313293457),(0.069542497396469116,0.024999514222145081,6.8458213806152344),(-0.62565290927886963,-0.025000706315040588,7.4055638313293457),(0.06954251229763031,-0.025000482797622681,6.8458213806152344),(0.11931247264146805,0.025227462872862816,6.8055644035339355),(0.81450945138931274,0.03159535676240921,6.2458209991455078),(0.11977044492959976,-0.024770444259047508,6.8055644035339355),(0.81496745347976685,-0.018402552232146263,6.2458209991455078),(0.06954251229763031,-0.025000482797622681,7.5458211898803711),(-0.62565290927886963,-0.025000706315040588,8.1055641174316406),(-0.62565290927886963,0.024999290704727173,8.1055641174316406),(0.069542497396469116,0.024999514222145081,7.5458211898803711),(0.81496745347976685,-0.018402552232146263,6.9458208084106445),(0.11977044492959976,-0.024770444259047508,7.5055642127990723),(0.11931247264146805,0.025227462872862816,7.5055642127990723),(0.81450945138931274,0.03159535676240921,6.9458208084106445)));
#18370=IFCPOLYGONALFACESET(#18369,.F.,(#18357,#18358,#18359,#18360,#18361,#18362,#18363,#18364,#18365,#18366,#18367,#18368),$);
#18371=IFCSHAPEREPRESENTATION(#11,'Body','Tessellation',(#18370));
#18373=IFCCARTESIANPOINT((-0.65065288543701172,-0.025000706315040588,6.2256927490234375));
#18374=IFCBOUNDINGBOX(#18373,1.4903903007507324,0.056596063077449799,1.8798713684082031);
#18375=IFCSHAPEREPRESENTATION(#13,'Box','BoundingBox',(#18374));
#18376=IFCCARTESIANPOINT((0.,0.,0.));
#18377=IFCDIRECTION((1.,0.,0.));
#18378=IFCDIRECTION((0.,0.,1.));
#18379=IFCAXIS2PLACEMENT3D(#18376,#18378,#18377);
#18380=IFCREPRESENTATIONMAP(#18379,#18375);
#18381=IFCCARTESIANPOINT((0.,0.,0.));
#18382=IFCDIRECTION((1.,0.,0.));
#18383=IFCDIRECTION((0.,1.,0.));
#18384=IFCDIRECTION((0.,0.,1.));
#18385=IFCCARTESIANTRANSFORMATIONOPERATOR3D(#18382,#18383,#18381,1.,#18384);
#18386=IFCMAPPEDITEM(#18380,#18385);
#18387=IFCSHAPEREPRESENTATION(#13,'Box','MappedRepresentation',(#18386));
#18583=IFCMATERIALLAYERSET((#18585),$,$);
#18585=IFCMATERIALLAYER(#173,0.10000000000000001,$,$,$,$,$);
#18589=IFCMATERIALLAYERSET((#18591),$,$);
#18591=IFCMATERIALLAYER(#173,0.10000000000000001,$,$,$,$,$);
#18595=IFCMATERIALLAYERSET((#18597),$,$);
#18597=IFCMATERIALLAYER(#173,0.10000000000000001,$,$,$,$,$);
#18600=IFCRAILINGTYPE('1xK3wJDa5Bf8bl8Wv3538U',$,'BALCONY 1',$,$,(#18601,#18603),(#18605,#18709),$,$,.USERDEFINED.);
#18601=IFCPROPERTYSET('1ZD6I9mRbAug7SBAt4zG1u',$,'BBIM_Railing',$,(#18602));
#18602=IFCPROPERTYSINGLEVALUE('Data',$,IFCTEXT('{"railing_type": "FRAMELESS_PANEL", "height": 1.0, "thickness": 0.05000000074505806, "spacing": 0.05000000074505806, "path_data": {"edges": [[0, 1], [1, 2]], "verts": [[-1.7417223453521729, -0.0003521442413330078, 6.580352783203125e-05], [-0.6434216499328613, -0.00013017654418945312, 6.580352783203125e-05], [0.27872133255004883, 5.626678466796875e-05, 6.580352783203125e-05]]}}'),$);
#18603=IFCPROPERTYSET('0iv7v57xjDDf10PEFYyqeS',$,'Pset_RailingCommon',$,(#18604));
#18604=IFCPROPERTYSINGLEVALUE('Height',$,IFCPOSITIVELENGTHMEASURE(1.),$);
#18605=IFCREPRESENTATIONMAP(#18606,#18700);
#18606=IFCAXIS2PLACEMENT3D(#18607,#18608,#18609);
#18607=IFCCARTESIANPOINT((0.,0.,0.));
#18608=IFCDIRECTION((0.,0.,1.));
#18609=IFCDIRECTION((1.,0.,0.));
#18633=IFCRAILING('323M0bYTzE4AyLYyDJWhRJ',$,'Railing',$,'FRAMELESS_PANEL',#18721,#18642,$,.USERDEFINED.);
#18634=IFCRELDEFINESBYTYPE('2QSd0ZOlPD1ulsytGTJhnp',$,$,$,(#18633,#18722),#18600);
#18635=IFCCARTESIANPOINT((0.,0.,0.));
#18636=IFCDIRECTION((1.,0.,0.));
#18637=IFCDIRECTION((0.,1.,0.));
#18638=IFCDIRECTION((0.,0.,1.));
#18639=IFCCARTESIANTRANSFORMATIONOPERATOR3D(#18636,#18637,#18635,1.,#18638);
#18640=IFCMAPPEDITEM(#18605,#18639);
#18641=IFCSHAPEREPRESENTATION(#11,'Body','MappedRepresentation',(#18640));
#18642=IFCPRODUCTDEFINITIONSHAPE($,$,(#18641,#18716));
#18686=IFCINDEXEDPOLYGONALFACE((16,19,18,17));
#18687=IFCINDEXEDPOLYGONALFACE((20,23,22,21));
#18688=IFCINDEXEDPOLYGONALFACE((5,11,10,4,8,9));
#18689=IFCINDEXEDPOLYGONALFACE((7,15,14,6,12,13));
#18690=IFCINDEXEDPOLYGONALFACE((5,9,19,16,11));
#18691=IFCINDEXEDPOLYGONALFACE((7,13,23,20,15));
#18692=IFCINDEXEDPOLYGONALFACE((11,16,17,10));
#18693=IFCINDEXEDPOLYGONALFACE((8,18,19,9));
#18694=IFCINDEXEDPOLYGONALFACE((12,22,23,13));
#18695=IFCINDEXEDPOLYGONALFACE((6,14,21,22,12));
#18696=IFCINDEXEDPOLYGONALFACE((15,20,21,14));
#18697=IFCINDEXEDPOLYGONALFACE((10,17,18,8,4));
#18698=IFCCARTESIANPOINTLIST3D(((-1.7417223453521729,-0.00035214424133300781,6.580352783203125E-05),(-0.64342164993286133,-0.00013017654418945312,6.580352783203125E-05),(0.27872133255004883,5.626678466796875E-05,6.580352783203125E-05),(-1.7167223691940308,-0.00034709172905422747,6.580352783203125E-05),(-0.66842162609100342,-0.00013522907102014869,6.580352783203125E-05),(-0.61842167377471924,-0.00012512192188296467,6.580352783203125E-05),(0.25372132658958435,5.1212162361480296E-05,6.580352783203125E-05),(-1.7167273759841919,0.024652909487485886,6.580352783203125E-05),(-0.66842669248580933,0.024864770472049713,6.580352783203125E-05),(-1.7167173624038696,-0.025347091257572174,6.580352783203125E-05),(-0.66841655969619751,-0.025135230273008347,6.580352783203125E-05),(-0.61842674016952515,0.02487487904727459,6.580352783203125E-05),(0.25371626019477844,0.025051211938261986,6.580352783203125E-05),(-0.61841660737991333,-0.02512512169778347,6.580352783203125E-05),(0.25372639298439026,-0.024948788806796074,6.580352783203125E-05),(-0.66841655969619751,-0.025135230273008347,1.000065803527832),(-1.7167173624038696,-0.025347091257572174,1.000065803527832),(-1.7167273759841919,0.024652909487485886,1.000065803527832),(-0.66842669248580933,0.024864770472049713,1.000065803527832),(0.25372639298439026,-0.024948788806796074,1.000065803527832),(-0.61841660737991333,-0.02512512169778347,1.000065803527832),(-0.61842674016952515,0.02487487904727459,1.000065803527832),(0.25371626019477844,0.025051211938261986,1.000065803527832)));
#18699=IFCPOLYGONALFACESET(#18698,.F.,(#18686,#18687,#18688,#18689,#18690,#18691,#18692,#18693,#18694,#18695,#18696,#18697),$);
#18700=IFCSHAPEREPRESENTATION(#11,'Body','Tessellation',(#18699));
#18702=IFCCARTESIANPOINT((-1.7417223453521729,-0.025347091257572174,6.580352783203125E-05));
#18703=IFCBOUNDINGBOX(#18702,2.0204436779022217,0.050398305058479309,1.);
#18704=IFCSHAPEREPRESENTATION(#13,'Box','BoundingBox',(#18703));
#18705=IFCCARTESIANPOINT((0.,0.,0.));
#18706=IFCDIRECTION((1.,0.,0.));
#18707=IFCDIRECTION((0.,0.,1.));
#18708=IFCAXIS2PLACEMENT3D(#18705,#18707,#18706);
#18709=IFCREPRESENTATIONMAP(#18708,#18704);
#18710=IFCCARTESIANPOINT((0.,0.,0.));
#18711=IFCDIRECTION((1.,0.,0.));
#18712=IFCDIRECTION((0.,1.,0.));
#18713=IFCDIRECTION((0.,0.,1.));
#18714=IFCCARTESIANTRANSFORMATIONOPERATOR3D(#18711,#18712,#18710,1.,#18713);
#18715=IFCMAPPEDITEM(#18709,#18714);
#18716=IFCSHAPEREPRESENTATION(#13,'Box','MappedRepresentation',(#18715));
#18717=IFCCARTESIANPOINT((1.5637469291687012,-3.1463103294372559,2.999934196472168));
#18718=IFCDIRECTION((0.,0.,1.));
#18719=IFCDIRECTION((1.,0.,0.));
#18720=IFCAXIS2PLACEMENT3D(#18717,#18718,#18719);
#18721=IFCLOCALPLACEMENT(#18159,#18720);
#18722=IFCRAILING('2SJ6yyJZv5BeBrH1El1O2H',$,'Railing',$,'FRAMELESS_PANEL',#18757,#18735,$,.USERDEFINED.);
#18728=IFCCARTESIANPOINT((0.,0.,0.));
#18729=IFCDIRECTION((1.,0.,0.));
#18730=IFCDIRECTION((0.,1.,0.));
#18731=IFCDIRECTION((0.,0.,1.));
#18732=IFCCARTESIANTRANSFORMATIONOPERATOR3D(#18729,#18730,#18728,1.,#18731);
#18733=IFCMAPPEDITEM(#18605,#18732);
#18734=IFCSHAPEREPRESENTATION(#11,'Body','MappedRepresentation',(#18733));
#18735=IFCPRODUCTDEFINITIONSHAPE($,$,(#18734,#18742));
#18736=IFCCARTESIANPOINT((0.,0.,0.));
#18737=IFCDIRECTION((1.,0.,0.));
#18738=IFCDIRECTION((0.,1.,0.));
#18739=IFCDIRECTION((0.,0.,1.));
#18740=IFCCARTESIANTRANSFORMATIONOPERATOR3D(#18737,#18738,#18736,1.,#18739);
#18741=IFCMAPPEDITEM(#18709,#18740);
#18742=IFCSHAPEREPRESENTATION(#13,'Box','MappedRepresentation',(#18741));
#18748=IFCCARTESIANPOINT((2.4734346866607666,1.4349968433380127,-4.3256926536560059));
#18749=IFCDIRECTION((0.,0.,1.));
#18750=IFCDIRECTION((1.,0.,0.));
#18751=IFCAXIS2PLACEMENT3D(#18748,#18749,#18750);
#18752=IFCLOCALPLACEMENT(#164,#18751);
#18753=IFCCARTESIANPOINT((-0.40669682621955872,-3.1463103294372559,2.999934196472168));
#18754=IFCDIRECTION((0.,0.,1.));
#18755=IFCDIRECTION((1.,0.,0.));
#18756=IFCAXIS2PLACEMENT3D(#18753,#18754,#18755);
#18757=IFCLOCALPLACEMENT(#18159,#18756);
ENDSEC;
END-ISO-10303-21;
